country,country_code,year,gov_exp_pct_gdp,lit_rate_adult_pct,pri_comp_rate_pct,pupil_teacher_primary,pupil_teacher_secondary,school_enrol_primary_pct,school_enrol_secondary_pct,school_enrol_tertiary_pct
Afghanistan,AFG,2015,3.255800009,33.7538414,,43.38836,31.9738,106.1824188,53.28514099,
Afghanistan,AFG,2016,4.543970108,,82.91046143,44.58162,32.20814,106.1502838,53.50634003,
Afghanistan,AFG,2017,4.343190193,,87.25332642,47.98298,33.2407,106.1299973,55.4021492,
Afghanistan,AFG,2018,,,88.73551941,48.78979,33.50124,107.7805328,57.03929901,9.96378994
Afghanistan,AFG,2019,,,86.17552185,,,110.0075073,,
Africa Eastern and Southern,AFE,2015,4.758470058,70.44709015,67.4567337,,,101.7611771,42.76733017,8.566809654
Africa Eastern and Southern,AFE,2016,4.665563107,71.1051712,67.79637146,,,102.0548096,42.87905884,8.729940414
Africa Eastern and Southern,AFE,2017,4.87887001,71.02998352,68.88311005,,,102.6123123,43.1402092,8.896160126
Africa Eastern and Southern,AFE,2018,4.979930878,71.49539948,70.24607086,,,103.6047592,43.19292831,8.957790375
Africa Eastern and Southern,AFE,2019,4.944317341,72.65866089,70.92366791,,,104.2755432,43.3796196,8.897720337
Africa Western and Central,AFW,2015,2.984197974,55.0066185,68.19889832,,,89.11257172,44.51158905,9.705060005
Africa Western and Central,AFW,2016,2.667730808,55.46577835,68.75559998,,,88.78336334,43.08520126,9.501190186
Africa Western and Central,AFW,2017,3.360853672,56.47219849,68.14617157,,,88.93914032,43.23778915,9.618430138
Africa Western and Central,AFW,2018,3.023458004,59.74734879,68.13478851,,,88.85160828,43.54492188,9.803469658
Africa Western and Central,AFW,2019,3.047399521,59.55366898,68.1149826,,,89.75641632,44.7819519,9.946279526
Albania,ALB,2015,3.437969923,,98.78878784,18.61557,13.50589,105.688652,102.4407272,61.96084976
Albania,ALB,2016,3.962090015,,99.5973587,18.19844,12.22137,105.3247833,99.17076111,58.48847961
Albania,ALB,2017,3.611720085,98.81623077,106.4496918,17.94478,11.60265,105.4149704,97.57437134,58.0177803
Albania,ALB,2018,3.152944803,,102.8941803,17.57287,11.19927,104.5680237,98.8223877,56.08029938
Albania,ALB,2019,3.916239977,,98.7175293,,,102.5895386,99.01515198,61.4085083
Algeria,DZA,2015,6.17633009,,98.12547302,23.83613,,110.8422699,,38.33097839
Algeria,DZA,2016,6.502108574,,100.4898376,24.2355,,110.6881027,,44.10528946
Algeria,DZA,2017,5.734823704,,102.32061,24.22505,,109.8377075,,49.37791061
Algeria,DZA,2018,5.812751293,81.40783691,102.6879883,24.32018,,108.7034836,,53.1637001
Algeria,DZA,2019,5.575365543,,99.72988892,,,107.7751312,,54.1856308
Andorra,AND,2015,3.28034997,,66.09499359,9.93795,8.07904,88.95535278,92.54579926,13.88195992
Andorra,AND,2016,3.237070084,,68.49672699,10.06635,7.94434,90.17194366,94.2090683,15.10890961
Andorra,AND,2017,3.217089891,,65.81632996,10.5,8.22711,89.37107086,94.36975098,15.43694019
Andorra,AND,2018,3.246720076,,66.70918274,10.49757,8.01599,89.67447662,95.09059906,15.39402962
Andorra,AND,2019,3.15060997,,64.22135925,,,89.35289764,95.68405914,15.0
Angola,AGO,2015,3.099999905,66.23586273,,50.02951,,119.1422577,,8.683790207
Angola,AGO,2016,2.754936695,,,,26.76619,107.0269649,53.58145142,9.660340309
Angola,AGO,2017,2.466878891,,,,,122.2351662,,9.65568924
Angola,AGO,2018,2.183512926,,,,,88.57486897,,9.352542877
Angola,AGO,2019,2.073064327,,,,,,,11.06135941
Antigua and Barbuda,ATG,2015,2.144195795,,100.3881989,14.33428,11.48074,109.8310623,117.027771,
Antigua and Barbuda,ATG,2016,2.251774788,,102.6877441,,,106.8686427,,
Antigua and Barbuda,ATG,2017,2.365928173,,107.8087616,12.05576,9.64207,109.1647491,116.5304031,
Antigua and Barbuda,ATG,2018,2.349487543,,104.4444427,12.40564,9.29704,112.0916824,120.9359589,
Antigua and Barbuda,ATG,2019,2.303077459,,104.9766693,,,112.1222373,,
Arab World,ARB,2015,,75.02053833,80.30136108,19.56773,14.50165,90.61061859,67.78739929,29.49156952
Arab World,ARB,2016,,73.71795654,80.09226227,20.02351,14.52697,90.67342377,68.23110199,30.07344055
Arab World,ARB,2017,,74.21221161,80.22247314,20.62693,14.55245,90.80682373,68.74533844,31.17877007
Arab World,ARB,2018,,74.55412292,81.18817902,20.78495,14.49976,91.06926727,68.92353058,32.5794487
Arab World,ARB,2019,3.860209942,74.80751801,81.52674103,,,91.25904846,69.1184082,33.15542984
Argentina,ARG,2015,5.776110172,,106.0531311,,,113.7781982,107.5490723,83.76258087
Argentina,ARG,2016,5.545489788,,106.5444489,,,112.9442673,109.6459427,86.61788177
Argentina,ARG,2017,5.454319954,,101.58181,,,111.6814575,110.4124069,89.23294067
Argentina,ARG,2018,4.877739906,,100.2818069,,,111.5456085,109.6969986,90.97283173
Argentina,ARG,2019,4.771649837,,100.3828964,,,111.3653183,110.4985275,95.0775528
Armenia,ARM,2015,2.80591011,,94.22637939,,,102.3826904,85.79370117,45.46743011
Armenia,ARM,2016,2.75812006,100.0,105.0094223,,,103.0617065,,51.74600983
Armenia,ARM,2017,2.707590103,100.0,102.7634277,,,101.619812,,53.59075928
Armenia,ARM,2018,2.255867958,,100.2370682,15.41859,8.01689,100.0613098,88.5765686,56.16505051
Armenia,ARM,2019,2.571912289,,97.22709656,,,97.32314301,93.61714935,53.30681992
Aruba,ABW,2015,5.888269901,,,,,115.8881897,,16.78181076
Aruba,ABW,2016,5.491360188,,,,,114.1762918,,17.56377983
Aruba,ABW,2017,4.456180573,,,,,,,
Aruba,ABW,2018,4.548758984,,98.09725189,,,109.1999969,137.5371552,
Aruba,ABW,2019,4.435043335,,108.2335281,,,109.6978912,140.3136139,
Australia,AUS,2015,5.4628582,,,,,101.6654892,159.1107635,119.67939
Australia,AUS,2016,5.43038559,,,,,101.180687,155.5943909,119.6827774
Australia,AUS,2017,5.321255684,,,,,100.6376572,153.5761261,109.993309
Australia,AUS,2018,5.409676075,,,,,100.3987122,136.105545,103.3220901
Australia,AUS,2019,5.508588791,,,,,100.1996994,144.0565643,109.7595596
Austria,AUT,2015,5.456580162,,99.39652252,10.58415,9.57663,101.104393,101.4115829,82.25630951
Austria,AUT,2016,5.47961998,,97.15097046,10.30374,9.41777,100.4280777,100.2279892,82.8496933
Austria,AUT,2017,5.371590137,,98.64917755,10.01653,9.32983,101.1045685,100.3378983,83.83925629
Austria,AUT,2018,5.226550102,,97.75398254,,,101.3703003,100.6925964,85.86988831
Austria,AUT,2019,5.217790127,,99.45897675,,,101.7762909,101.5436325,86.32343292
Azerbaijan,AZE,2015,2.951679945,100.0,103.2802124,13.49787,,106.6014862,84.80985864,25.48320007
Azerbaijan,AZE,2016,2.903409958,100.0,111.3019104,15.48619,,106.4317398,74.92250393,27.23686028
Azerbaijan,AZE,2017,2.473819971,100.0,107.1721725,15.458,,103.2940979,77.40803437,28.46706009
Azerbaijan,AZE,2018,2.455430031,,100.2199478,15.42982,7.60984,99.7220993,108.5179367,28.97249031
Azerbaijan,AZE,2019,3.176460028,100.0,100.3833389,,,97.93534851,107.8998718,32.92218018
"Bahamas, The",BHS,2015,2.296975136,,,21.04116,11.79222,,,
"Bahamas, The",BHS,2016,2.586606741,,,19.02855,11.75808,,,
"Bahamas, The",BHS,2017,2.691406488,,,,14.06865,,,
"Bahamas, The",BHS,2018,2.485194921,,,19.44891,12.48097,,,
"Bahamas, The",BHS,2019,2.617186308,,,,,,,
Bahrain,BHR,2015,2.668080091,,99.37207794,11.73164,9.86281,102.2143326,100.8134537,43.63837814
Bahrain,BHR,2016,2.802482843,,100.3867188,12.05837,9.79181,102.6988678,101.8395081,43.66530991
Bahrain,BHR,2017,2.327810049,,99.90905762,12.15924,10.1467,100.9250183,101.7575073,45.18643951
Bahrain,BHR,2018,2.388939857,,98.90895081,11.92315,10.23948,98.7649765,100.4350967,48.53865814
Bahrain,BHR,2019,2.384604454,,99.65667725,,,98.00469208,101.02108,53.6918602
Bangladesh,BGD,2015,1.872254133,65.0,,,,,62.03123093,15.59071636
Bangladesh,BGD,2016,2.221199989,73.0,,,36.192,,66.92324831,17.40217972
Bangladesh,BGD,2017,1.850400329,73.0,,30.05456,33.98251,109.1253603,64.85595207,18.53050804
Bangladesh,BGD,2018,1.655891299,74.0,,30.05459,35.09524,112.4276954,67.42136973,19.70263672
Bangladesh,BGD,2019,1.681388021,75.0,,,,,67.22091891,22.80521393
Barbados,BRB,2015,5.176999092,,,13.40321,17.53754,96.33708191,108.2815323,
Barbados,BRB,2016,4.683829784,,,13.349,18.63678,97.03707123,108.4780121,
Barbados,BRB,2017,4.349979877,,,14.09682,18.45852,96.8223114,110.0070572,
Barbados,BRB,2018,5.133137226,,86.72277832,13.9917,17.93859,97.64791107,108.4626465,
Barbados,BRB,2019,4.086329937,,82.16412354,,,98.84240723,106.3282013,
Belarus,BLR,2015,4.787509918,,94.09764099,17.57007,8.36258,96.05220032,97.52033234,98.0328598
Belarus,BLR,2016,4.946549892,,94.37683868,18.33759,8.29763,97.34745789,97.04808807,94.75534058
Belarus,BLR,2017,4.795000076,,95.61382294,18.80255,8.35604,97.40283203,96.01177216,91.32614899
Belarus,BLR,2018,5.381100178,,96.7565918,19.23259,8.56276,96.70580292,95.49971771,84.53964233
Belarus,BLR,2019,4.979489803,100.0,99.11107635,,,95.65020752,94.92053223,80.17201996
Belgium,BEL,2015,6.451570034,,,11.23127,9.42496,102.2438278,164.0798187,76.42394257
Belgium,BEL,2016,6.461730003,,,11.30569,9.14736,102.0558624,160.68927,77.24350739
Belgium,BEL,2017,6.425340176,,,11.27695,8.98821,102.752861,158.6702881,80.77381897
Belgium,BEL,2018,6.381070137,,,,,102.5003662,156.5097656,79.12374878
Belgium,BEL,2019,6.33397007,,,,,102.1485596,156.635376,79.30448151
Belize,BLZ,2015,5.390200138,90.91603851,105.6142197,20.43642,16.30319,113.6075134,80.97367096,23.27388954
Belize,BLZ,2016,5.721710205,,105.7593002,20.50666,18.40628,115.6479263,87.49759674,24.31962967
Belize,BLZ,2017,5.949679852,,102.7030487,19.58631,16.5581,114.8181229,84.77844238,24.77198982
Belize,BLZ,2018,6.126820087,,104.4744797,19.78332,16.72317,113.6626205,86.31658173,24.64558983
Belize,BLZ,2019,5.964990139,,102.7652817,,,112.8055878,87.3793335,25.0688591
Benin,BEN,2015,3.17298007,,78.03270721,45.04478,10.32268,127.1211395,57.3949585,12.90738964
Benin,BEN,2016,2.899100065,,77.41918945,41.63992,10.99168,125.5545273,57.52967072,12.36170959
Benin,BEN,2017,3.535589933,38.87120819,,43.56977,,121.6062164,,11.7388401
Benin,BEN,2018,2.931619883,,,39.19712,,117.1167984,,12.00706005
Benin,BEN,2019,2.965201139,,61.79283142,,,112.029892,,10.7973299
Bermuda,BMU,2015,1.501639962,,104.991951,10.4196,6.33229,105.5753632,90.52207184,31.94352913
Bermuda,BMU,2016,1.915443897,,,,,104.3255695,89.70454545,
Bermuda,BMU,2017,1.324959993,,,,,101.2810658,85.49340609,22.4178009
Bermuda,BMU,2018,1.93595469,,,,,98.29342843,86.10549944,22.86447906
Bermuda,BMU,2019,1.926798224,,,,,94.08629442,81.54827359,
Bhutan,BTN,2015,5.782699108,,94.79042816,40.00443,12.14578,102.4833566,85.19419098,
Bhutan,BTN,2016,5.891593933,,96.62175751,38.03778,11.41873,100.9430695,85.68351746,
Bhutan,BTN,2017,6.227416515,67.0,94.96681213,34.56294,11.0089,99.73843335,86.61470032,14.77133751
Bhutan,BTN,2018,5.743712902,,84.58547974,34.66868,10.81456,99.28786575,87.52884674,14.87888336
Bhutan,BTN,2019,4.509827614,,75.73297882,,,97.96216381,,15.90780163
Bolivia,BOL,2015,8.143429756,92.0,89.52144623,16.99771,20.39699,95.82939148,91.79682159,
Bolivia,BOL,2016,8.15060997,,90.05542755,17.20856,19.609,96.19377136,91.86393738,
Bolivia,BOL,2017,8.097240448,,91.36071014,17.58897,18.90098,97.05889893,90.684021,
Bolivia,BOL,2018,8.015870094,,94.17327881,17.79827,18.49627,97.71598816,90.00900269,
Bolivia,BOL,2019,8.091039658,,90.82820892,,,98.23863983,90.06549072,
Bosnia and Herzegovina,BIH,2015,3.018112898,,91.67944336,17.16401,10.14673,91.17048645,83.06999969,48.62343979
Bosnia and Herzegovina,BIH,2016,4.264510155,,90.84964752,17.28654,9.73102,90.99767303,82.96060181,48.66814041
Bosnia and Herzegovina,BIH,2017,2.83868432,,90.49909973,17.19917,9.34286,91.38408661,84.27436066,46.41592026
Bosnia and Herzegovina,BIH,2018,3.892970085,,88.45281982,16.92651,9.1229,90.63767242,86.10269165,43.15710831
Bosnia and Herzegovina,BIH,2019,4.044499874,,91.37007904,,,90.16313171,85.81581116,41.59703827
Botswana,BWA,2015,8.394579887,,,23.71279,,97.9927597,,27.16739082
Botswana,BWA,2016,8.73589325,,,,,,,23.28824997
Botswana,BWA,2017,7.809244633,,,,,,,22.4400692
Botswana,BWA,2018,7.905385971,,,,,,,
Botswana,BWA,2019,8.398996353,,,,,,,22.97429085
Brazil,BRA,2015,6.24105978,92.0,,20.58529,16.45139,109.1521835,100.920517,48.43404007
Brazil,BRA,2016,6.314040184,93.0,,20.31899,16.60114,108.757843,102.5695114,48.33333969
Brazil,BRA,2017,6.32047987,93.0,,20.22308,16.72391,109.8085098,103.0159607,50.02674866
Brazil,BRA,2018,6.088510036,93.0,,,,108.623291,105.0070724,51.19168854
Brazil,BRA,2019,5.963469982,,,,,107.4074707,103.9532776,52.62406158
British Virgin Islands,VGB,2015,4.704500198,,105.2109222,11.74126,8.0757,109.9541626,99.16829681,43.11782837
British Virgin Islands,VGB,2016,3.261056423,,92.07459259,10.53822,7.45055,111.3766403,100.0,42.35652924
British Virgin Islands,VGB,2017,2.457089901,,90.76576996,11.61672,8.70656,116.2077408,91.70394135,
British Virgin Islands,VGB,2018,2.425559998,,73.13770294,,,92.80734253,,17.11755943
British Virgin Islands,VGB,2019,2.500969887,,69.11447144,,,106.6718369,,26.0911293
Brunei Darussalam,BRN,2015,,,99.82435608,10.01661,8.83654,101.6660375,96.33609009,30.81328964
Brunei Darussalam,BRN,2016,4.425409794,,104.2445068,10.19678,8.56453,102.4504468,93.40859985,31.51206017
Brunei Darussalam,BRN,2017,,,103.2672806,10.18252,8.71672,100.1137369,91.6632309,34.91167068
Brunei Darussalam,BRN,2018,,,102.3255844,9.89521,8.26843,99.00005025,91.49577332,31.53529358
Brunei Darussalam,BRN,2019,,,94.32045746,,,97.61413111,89.64858246,31.39821815
Bulgaria,BGR,2015,3.912084341,,99.57666016,,,99.12722015,103.8893433,78.29995728
Bulgaria,BGR,2016,3.393708229,,98.1427536,17.61018,12.63651,98.0771637,103.0039215,80.63996124
Bulgaria,BGR,2017,4.077559948,,98.9449234,15.20744,,97.59429932,103.4610214,81.22458649
Bulgaria,BGR,2018,4.047090054,,97.03788757,,,96.79232025,104.0439224,83.13488007
Bulgaria,BGR,2019,4.199029922,,97.12626648,,,96.43988037,102.6569366,84.75031281
Burkina Faso,BFA,2015,3.67008996,,60.71788025,42.17715,25.19571,85.44702911,33.09024811,4.926290035
Burkina Faso,BFA,2016,,,60.30908966,41.54927,23.38275,87.64746857,35.15084839,5.426300049
Burkina Faso,BFA,2017,5.628469944,,61.64514923,40.68126,23.33086,89.73152161,37.37361145,5.856659889
Burkina Faso,BFA,2018,5.488609791,39.0,62.8463707,39.72173,23.11995,91.72036743,39.82088852,6.346660137
Burkina Faso,BFA,2019,5.407136917,30.0,61.82112885,,,89.95511627,40.27325821,6.93696022
Burundi,BDI,2015,7.102909565,,62.09434128,43.22109,35.79281,120.0362625,45.28647995,5.39195776
Burundi,BDI,2016,4.96585083,65.68773651,64.03182983,49.66066,32.13206,116.1941833,48.99528122,4.090067863
Burundi,BDI,2017,5.009188652,68.0,63.27708817,49.61434,28.02967,111.1185837,49.80751038,4.437208652
Burundi,BDI,2018,5.413527489,,57.22309113,42.52383,26.59842,107.7252197,47.8539505,4.698548317
Burundi,BDI,2019,5.346684456,,53.33037949,,,104.9380188,43.20808029,4.200489998
Cabo Verde,CPV,2015,4.806220055,87.0,94.85301208,21.94779,16.40755,101.8180695,87.53730774,20.57601929
Cabo Verde,CPV,2016,4.754759789,,89.90071106,21.4778,16.00499,99.75187683,87.70491028,21.05702019
Cabo Verde,CPV,2017,4.592780113,,83.49143982,21.08156,15.62939,98.24317169,87.0911026,21.16415024
Cabo Verde,CPV,2018,4.787922859,,81.75383759,21.07361,15.42052,98.64325714,83.2423172,20.21744919
Cabo Verde,CPV,2019,4.165299892,,93.75691986,,,96.98941803,84.10881042,
Cambodia,KHM,2015,1.703461528,81.0,92.15255737,45.52116,,116.105629,,14.64577007
Cambodia,KHM,2016,1.870819092,,89.53253174,42.53404,,111.1295013,,
Cambodia,KHM,2017,2.096460581,,88.36894989,41.66267,,110.5145874,49.15361932,15.07355022
Cambodia,KHM,2018,2.447859287,,88.37111664,41.7035,,111.5743484,51.36831978,15.71331024
Cambodia,KHM,2019,2.825654745,,91.98020935,,,111.4984818,52.30810599,16.83539963
Cameroon,CMR,2015,2.657919884,,74.51306152,41.46571,19.86712,116.5681076,59.55471039,16.95646095
Cameroon,CMR,2016,2.562340021,,73.38137054,42.73541,19.25706,116.0836792,60.46559143,12.4593401
Cameroon,CMR,2017,3.059629917,,68.21257019,44.61321,,110.1458435,50.63700929,12.74726963
Cameroon,CMR,2018,3.030960083,72.54712677,64.43177032,44.83412,,103.1733627,46.47294762,14.3037796
Cameroon,CMR,2019,3.047399521,,65.44235992,,,105.4506302,44.42285398,14.84403992
Canada,CAN,2015,4.739379883,,,,,99.84114075,111.9304504,67.40316772
Canada,CAN,2016,4.816420078,,,,,98.54702759,111.7702866,69.50685883
Canada,CAN,2017,4.959969997,,,,,98.77420807,111.8021011,70.62715912
Canada,CAN,2018,4.888979912,,,,,99.02101898,111.4529724,69.57759857
Canada,CAN,2019,4.772930145,,,,,97.78842926,110.8582993,72.81506348
Caribbean small states,CSS,2015,,,92.03926849,18.62125,15.36799,98.67449951,86.76841736,22.3489399
Caribbean small states,CSS,2016,,,90.79164886,18.51757,15.84117,98.14526367,88.7898407,22.47924995
Caribbean small states,CSS,2017,,,90.69264221,18.22539,14.74658,97.97518158,87.49059296,
Caribbean small states,CSS,2018,,,89.01576996,18.92805,15.1103,98.52789307,86.47853088,
Caribbean small states,CSS,2019,,,90.39315796,,,97.30307007,86.94824219,
Cayman Islands,CYM,2015,,,,,,105.4455446,97.2377158,30.67870903
Cayman Islands,CYM,2016,,,,,,103.9661427,101.7775384,31.58613205
Cayman Islands,CYM,2017,,99.0,,,,98.71073605,102.8680688,33.54517746
Cayman Islands,CYM,2018,2.163769484,,110.0917435,15.74725,10.9653,97.04289246,96.34146118,33.22946167
Cayman Islands,CYM,2019,1.136700034,,100.0,,,95.85592651,98.41490936,39.87603378
Central African Republic,CAF,2015,1.91022861,,,,,,,
Central African Republic,CAF,2016,1.754088998,,36.99489975,83.41195,34.62948,89.85050201,13.66880989,
Central African Republic,CAF,2017,1.753650188,,48.72856522,,31.63737,110.7114187,15.42516041,
Central African Republic,CAF,2018,1.565876007,37.0,,,,,,
Central African Republic,CAF,2019,1.767920732,42.44279099,,,,,,
Central Europe and the Baltics,CEB,2015,4.817009926,99.3322525,97.46531677,12.545,10.14677,96.90022278,102.2598267,63.51470184
Central Europe and the Baltics,CEB,2016,4.65749979,99.3502121,96.61264801,12.36689,10.0146,96.17363739,101.3280563,63.74274826
Central Europe and the Baltics,CEB,2017,4.077559948,99.37020874,98.65052795,12.71581,9.9961,95.95597839,101.3039398,64.28090668
Central Europe and the Baltics,CEB,2018,4.243569851,99.41867828,93.98509979,12.66168,10.02635,95.32623291,101.1315613,64.79321289
Central Europe and the Baltics,CEB,2019,4.273119926,99.43811798,93.9134903,,,95.89537048,100.4504776,65.126091
Chad,TCD,2015,2.342831612,26.00299072,38.94754028,55.54179,27.45229,91.56591797,23.02865982,3.334510088
Chad,TCD,2016,2.388475895,22.0,42.02077103,56.88788,27.13412,85.97952271,23.35150909,
Chad,TCD,2017,2.454819918,,37.89978027,,,77.2443924,21.35400963,
Chad,TCD,2018,2.259474993,,40.40903854,,,87.7207489,20.76958084,
Chad,TCD,2019,2.372457981,30.62792015,,,,86.53105927,20.98353004,
Chile,CHL,2015,4.903900146,97.0,97.77294922,18.3778,19.44185,101.7125092,100.9216766,86.41811371
Chile,CHL,2016,5.36646986,,98.39784241,18.00111,18.81748,101.5851898,101.4881363,88.84588623
Chile,CHL,2017,5.432789803,96.0,98.154953,17.79358,18.36688,101.3962784,102.2948227,89.92198944
Chile,CHL,2018,5.473060131,,98.15183258,,,101.5380173,103.1730499,91.19747925
Chile,CHL,2019,5.626309872,,97.44532013,,,101.1932068,104.4057693,92.06597137
China,CHN,2015,4.242012501,,,16.29441,13.81544,97.15444183,,47.43537903
China,CHN,2016,4.206385136,,,16.54936,13.49871,97.39061737,,49.70835876
China,CHN,2017,4.111331463,,,16.59383,13.30917,97.92211914,,51.5827713
China,CHN,2018,4.024424076,,,16.42675,13.25879,98.17035675,,54.00762177
China,CHN,2019,4.059394836,,,,,98.2354126,,57.27544022
Colombia,COL,2015,,94.0,102.4092331,24.23937,26.47999,115.4970779,97.67411804,54.79613113
Colombia,COL,2016,,95.0,103.1399307,24.31808,26.18799,115.4431534,98.41562653,57.14374924
Colombia,COL,2017,,,106.3732529,23.60132,26.01138,113.3053818,99.21932983,58.39604187
Colombia,COL,2018,,95.0,105.5780029,23.3015,25.91073,111.6991806,100.3733368,57.32054138
Colombia,COL,2019,,95.0,103.5436783,,,109.3555069,101.9893494,56.66630173
Comoros,COM,2015,2.545059919,,,,,,,
Comoros,COM,2017,,,81.40904236,18.90138,5.31356,105.6458274,57.25236199,
Comoros,COM,2018,,,,28.05781,8.30834,106.2061891,62.86950068,
"Congo, Dem. Rep.",COD,2015,2.170439959,,67.49658966,33.19793,14.24161,104.7786865,43.82403946,
"Congo, Dem. Rep.",COD,2016,2.118690014,77.0,,,,,,6.07901001
"Congo, Dem. Rep.",COD,2017,1.454949975,,,,,,,
"Congo, Dem. Rep.",COD,2018,,73.55303192,,,,113.9829788,,
"Congo, Rep.",COG,2015,3.138829947,,70.32460022,,,107.3610833,,11.59112453
"Congo, Rep.",COG,2017,4.172369957,,,,,,,12.26163006
"Congo, Rep.",COG,2018,2.771670103,,65.18612671,,,87.66861725,65.6208032,
"Congo, Rep.",COG,2019,3.559468985,,,,,,,
Costa Rica,CRI,2015,6.87349987,,95.09250641,12.6763,13.9521,106.7314911,117.9162827,51.65193176
Costa Rica,CRI,2016,6.893959999,,94.57814789,11.97865,12.73154,107.027153,119.9945602,52.13162994
Costa Rica,CRI,2017,7.069809914,,94.17812347,11.62825,13.31491,106.6035309,123.8349915,54.4580307
Costa Rica,CRI,2018,6.769919872,,95.62042999,12.2047,12.42779,108.6771927,128.4750061,52.86867905
Costa Rica,CRI,2019,6.738080025,,96.49394226,,,110.8911209,137.0163269,54.71897125
Cote d'Ivoire,CIV,2015,3.494129896,,58.07336044,42.0505,,85.89230347,41.66373825,8.899279594
Cote d'Ivoire,CIV,2016,3.935930014,50.03968048,61.36737823,42.50102,25.83658,90.13424683,43.8949585,9.092769623
Cote d'Ivoire,CIV,2017,3.736540079,,67.67649078,42.42645,26.31551,91.8170929,46.8549614,9.470000267
Cote d'Ivoire,CIV,2018,3.211649895,,70.03347015,41.8223,27.28114,92.90189362,49.04579926,
Cote d'Ivoire,CIV,2019,3.413069963,90.0,73.49450684,,,93.54521942,52.21115112,9.912610054
Croatia,HRV,2015,4.969085217,,101.0758133,13.702,7.03333,99.49076843,102.9813309,68.44139862
Croatia,HRV,2016,4.896224499,,97.51435852,13.50611,6.73221,98.79093933,103.7194366,69.58895111
Croatia,HRV,2017,3.862699986,,98.41345978,,,99.23210907,104.2144165,71.37758636
Croatia,HRV,2018,3.912090063,,100.778801,,,98.88121033,104.960083,72.8625412
Croatia,HRV,2019,3.920079947,,99.43070221,,,99.00151062,105.1359787,74.05011749
Cuba,CUB,2015,8.963336945,,95.60201263,8.89917,9.03784,102.8127823,96.27414703,36.21772003
Cuba,CUB,2016,9.013133049,,94.93060303,8.74431,9.34814,102.45121,98.02237701,34.45679092
Cuba,CUB,2017,,,95.22663116,8.82731,9.47531,101.84729,99.27629089,40.4316597
Cuba,CUB,2018,,,90.79403687,9.16029,9.63133,101.155838,100.1853638,41.59437943
Cuba,CUB,2019,9.046969414,97.65490723,90.49581909,,,100.9812012,101.0894623,43.99377823
Curacao,CUW,2015,,,,,,,,19.00263977
Curacao,CUW,2016,,,,,,,,18.32068825
Curacao,CUW,2017,,,,,,,,16.51016426
Curacao,CUW,2018,,,,,,,,15.87489223
Curacao,CUW,2019,,,,,,,,15.28120136
Cyprus,CYP,2015,6.304910183,,96.81906128,11.91513,10.35338,99.30011749,99.77831268,60.10123062
Cyprus,CYP,2016,6.11811018,,98.46739197,11.86448,7.95871,98.54550934,99.11930847,67.17111206
Cyprus,CYP,2017,5.69961977,,101.2697296,12.03922,8.31131,99.3066864,100.33255,75.94081116
Cyprus,CYP,2018,5.025352955,,101.8767014,,,99.79544067,100.2535172,81.33708191
Cyprus,CYP,2019,5.212600231,,102.5455017,,,100.4776993,100.8504333,88.48532867
Czechia,CZE,2015,5.751820087,,97.02459717,,,96.96154785,104.8105164,67.23036194
Czechia,CZE,2016,5.553730011,,97.67743683,,,96.90975952,103.0150833,67.50563812
Czechia,CZE,2017,3.806159973,,97.24272919,,,97.23249054,102.2046967,67.71421814
Czechia,CZE,2018,4.266059875,,93.69480896,,,98.27275848,101.5148926,66.79022217
Czechia,CZE,2019,4.542469978,,95.83374023,,,99.28330231,100.2155685,66.88021851
Denmark,DNK,2015,7.0104146,,99.5803299,,,100.8821411,133.7954712,83.30040741
Denmark,DNK,2016,7.691060066,,101.4881363,,,101.0414963,131.4412994,82.17149353
Denmark,DNK,2017,7.115859985,,101.6845169,,,100.7780304,130.3244324,81.32200623
Denmark,DNK,2018,7.296909809,,100.4138794,,,100.7490082,129.8495636,81.14054871
Denmark,DNK,2019,7.255050182,,100.6303482,,,100.5510025,129.3111267,81.69458771
Djibouti,DJI,2015,3.598949909,,,33.02204,22.77297,,,
Djibouti,DJI,2016,3.922260046,,,31.09517,23.75349,,,
Djibouti,DJI,2017,3.733449936,,,30.42105,22.727,,,
Djibouti,DJI,2018,3.751430035,,,29.37453,25.41709,,,
Djibouti,DJI,2019,,,,,26.83286,,,
Dominica,DMA,2015,3.407119989,,96.68508148,14.00558,10.69423,102.3359985,93.76158905,
Dominica,DMA,2016,5.129719734,,101.2092972,13.07679,,102.3909378,,
Dominica,DMA,2017,4.766750813,,,,,101.4925373,,
Dominica,DMA,2018,5.153604507,,,,,,,
Dominica,DMA,2019,5.534490108,,82.91015625,,,89.9956131,89.37695313,
Dominican Republic,DOM,2015,3.604002714,92.0,99.69489288,18.29098,22.09344,112.0134888,79.9378891,51.74710846
Dominican Republic,DOM,2016,3.850495577,94.0,99.43049622,18.52102,,110.7048798,80.09446716,54.49900055
Dominican Republic,DOM,2017,3.920267582,,96.0952301,18.91694,18.64652,108.0194397,79.94068146,59.91558838
Dominican Republic,DOM,2018,3.918210745,,93.77693176,18.92322,,105.8583984,80.21592712,63.14624023
Dominican Republic,DOM,2019,4.042768955,,93.96617126,,,112.3336105,81.85623932,64.38413239
Early-demographic dividend,EAR,2015,3.920364022,78.01100922,92.42723846,27.0575,22.50503,105.9880524,72.92431641,29.31587982
Early-demographic dividend,EAR,2016,3.837867737,78.67870331,93.11405945,27.77988,21.60483,108.3697968,73.94774628,30.12738991
Early-demographic dividend,EAR,2017,3.931309938,78.93888092,92.03684235,27.61436,21.33877,107.2330933,73.48387909,30.69363976
Early-demographic dividend,EAR,2018,3.68916285,79.2979126,91.83985901,27.85282,21.40841,101.392952,74.48892212,31.0594902
Early-demographic dividend,EAR,2019,3.487755537,79.56617737,91.78453827,,,101.2016678,74.79862976,31.93251038
East Asia & Pacific,EAS,2015,3.500102282,94.92791748,94.91616058,17.20192,15.08599,101.6601868,88.06437683,44.84719849
East Asia & Pacific,EAS,2016,3.385177493,95.13195801,96.39865112,16.96202,14.67212,101.4135208,87.27394867,46.58541107
East Asia & Pacific,EAS,2017,3.441989183,95.32305145,97.9058609,17.41387,14.74875,101.2212524,87.36949921,47.18144989
East Asia & Pacific,EAS,2018,3.261967063,95.36943054,99.02812958,17.53589,14.75977,100.9022064,87.77478027,47.99137878
East Asia & Pacific,EAS,2019,3.281413198,95.80687714,98.29495239,,,101.0077515,89.25257874,50.01747894
East Asia & Pacific (IDA & IBRD countries),TEA,2015,3.500102282,95.13800812,94.32028961,17.24798,15.32017,101.7126083,86.21002197,42.14036942
East Asia & Pacific (IDA & IBRD countries),TEA,2016,3.385177493,95.34355927,95.89367676,17.0038,14.87222,101.4747391,85.42922974,43.98397064
East Asia & Pacific (IDA & IBRD countries),TEA,2017,3.441989183,95.53604889,97.61383057,17.50504,14.98327,101.2998505,85.56268311,44.73284149
East Asia & Pacific (IDA & IBRD countries),TEA,2018,3.171358585,95.57713318,98.8838501,17.64651,14.95966,100.9755783,86.21069336,45.67253113
East Asia & Pacific (IDA & IBRD countries),TEA,2019,3.053606272,95.99716187,98.03662872,,,101.058403,87.73519135,47.80680084
East Asia & Pacific (excluding high income),EAP,2015,3.500102282,95.19853973,94.38414764,17.27039,15.34908,101.658493,86.34397125,41.94892883
East Asia & Pacific (excluding high income),EAP,2016,3.385177493,95.40149689,95.936409,17.02758,14.90642,101.4133911,85.57215881,43.76148987
East Asia & Pacific (excluding high income),EAP,2017,3.441989183,95.59159088,97.63410187,17.52599,15.01544,101.231041,85.6996994,44.49501038
East Asia & Pacific (excluding high income),EAP,2018,3.171358585,95.63213348,98.8885498,17.66661,14.98305,100.9015732,86.33483124,45.41738129
East Asia & Pacific (excluding high income),EAP,2019,3.053606272,96.04688263,98.05095673,,,100.9860687,87.83795166,47.52482986
Ecuador,ECU,2015,5.105700016,94.0,99.28074646,25.10819,22.35071,101.1858902,100.7917862,44.53715134
Ecuador,ECU,2016,4.362748146,94.0,96.72535706,25.09592,21.94529,99.03040314,99.5687027,
Ecuador,ECU,2017,4.614257813,93.0,98.9387207,24.48003,20.99927,98.24816132,97.39710999,
Ecuador,ECU,2018,4.621455193,,98.37651825,24.26216,20.62112,98.93109894,96.02104187,47.33118057
Ecuador,ECU,2019,4.245779991,,95.77159882,,,98.35057831,94.73153687,47.26277924
"Egypt, Arab Rep.",EGY,2015,3.930848122,,,,,,,32.81311035
"Egypt, Arab Rep.",EGY,2016,,,88.03392029,23.07766,14.79149,95.42575836,78.5734024,31.93047905
"Egypt, Arab Rep.",EGY,2017,,71.0,87.41649628,23.77693,15.21374,95.79132843,79.36119843,33.16210175
"Egypt, Arab Rep.",EGY,2018,,,90.62358856,23.67945,15.16281,96.58303833,79.98683929,36.71715164
"Egypt, Arab Rep.",EGY,2019,,,92.85021973,,,97.81710815,81.17051697,
El Salvador,SLV,2015,3.909879923,88.0,92.77680969,29.69441,30.84663,104.5803299,70.69818878,27.2137394
El Salvador,SLV,2016,3.825239897,88.0,92.14292145,28.26087,29.31611,102.4119034,69.12902832,27.00547028
El Salvador,SLV,2017,3.725229979,88.0,91.6084137,28.27102,27.82175,98.93541718,66.90673065,27.46780014
El Salvador,SLV,2018,3.605750084,89.0,89.75904083,26.89473,27.55579,97.44642639,67.72659302,28.03388023
El Salvador,SLV,2019,3.387109995,89.0,,,,92.26983643,66.0821228,28.36889076
Equatorial Guinea,GNQ,2015,,,39.06110001,23.22706,,52.78697968,,
Equatorial Guinea,GNQ,2016,,,,,,53.5364844,,
Equatorial Guinea,GNQ,2017,,,,,,53.37538398,,
Equatorial Guinea,GNQ,2018,,,,,,51.23345394,,6.16062212
Equatorial Guinea,GNQ,2019,,,,,,51.19901424,,5.373222351
Eritrea,ERI,2015,,,57.43307877,43.33621,38.88105,76.30319214,43.28332138,3.305740118
Eritrea,ERI,2016,,,,,,74.16499694,,3.009720087
Eritrea,ERI,2017,,,63.71343994,39.24553,36.56873,72.44037628,41.87742996,
Eritrea,ERI,2018,,76.57051849,62.92975998,38.74092,35.02165,72.81954193,42.94683075,
Eritrea,ERI,2019,,,59.45571136,,,72.03640359,42.79370726,
Estonia,EST,2015,5.144189835,,97.09329987,,,97.11914825,108.188797,74.58328247
Estonia,EST,2016,5.15763998,,97.93798065,11.26704,8.78266,97.29234314,111.596199,73.03343201
Estonia,EST,2017,4.961319923,,96.38076782,11.31153,9.18187,97.25005341,113.2497864,72.13697815
Estonia,EST,2018,5.239970207,,96.59681702,,,97.45594788,112.759697,72.06596375
Estonia,EST,2019,5.260419846,,97.27607727,,,98.15772247,112.2872009,72.7060318
Eswatini,SWZ,2015,5.35494709,,93.19016266,27.58272,15.79598,125.1803284,79.5160675,
Eswatini,SWZ,2016,5.433553219,,100.1065674,27.27385,15.54522,123.1779327,85.97560883,
Eswatini,SWZ,2017,6.177914143,,101.5853882,26.59621,,121.9642563,,
Eswatini,SWZ,2018,5.736873627,,101.6405106,,,121.5433807,,
Eswatini,SWZ,2019,5.699148178,,98.03701019,,,120.8630371,,
Ethiopia,ETH,2015,5.15336132,,52.84944153,,,97.11900701,34.86713965,
Ethiopia,ETH,2016,5.061513901,47.49158859,,,,,,
Ethiopia,ETH,2017,5.499050617,51.7711792,,,,104.2036737,,
Ethiopia,ETH,2018,5.220111847,,,,,,,
Ethiopia,ETH,2019,4.480869293,,,,,,,
Euro area,EMU,2015,4.93930769,,96.72296906,13.29565,11.73668,102.0143509,108.1487427,71.47483063
Euro area,EMU,2016,4.815949917,,95.9691925,13.09754,11.42687,101.6773682,107.3750687,72.24066925
Euro area,EMU,2017,4.826184988,,96.01213074,13.20755,11.42341,102.2516632,107.6152878,73.64652252
Euro area,EMU,2018,4.804859877,,95.91150665,13.203,11.42415,102.3735199,107.85746,74.79908752
Euro area,EMU,2019,4.760775089,,96.35346222,,,102.454422,107.7901611,76.03185272
Europe & Central Asia,ECS,2015,4.897535086,98.28185272,97.25997162,14.75172,11.29639,100.7454834,104.7153778,67.47672272
Europe & Central Asia,ECS,2016,4.792669773,98.33891296,101.0113907,14.69603,11.09253,100.3513031,104.4204788,69.01490784
Europe & Central Asia,ECS,2017,4.689909935,98.41797638,96.53700256,14.85681,11.08297,100.1619797,105.2794724,70.67520905
Europe & Central Asia,ECS,2018,4.675159931,98.50179291,95.87391663,14.86965,11.08115,100.6505585,105.0921402,72.22366333
Europe & Central Asia,ECS,2019,4.58624506,98.56401062,97.01406097,,,101.0513077,104.8844528,73.8953476
Europe & Central Asia (IDA & IBRD countries),TEC,2015,4.108792186,98.99674225,97.28272247,16.56762,10.61154,99.46160889,98.86734772,66.71153259
Europe & Central Asia (IDA & IBRD countries),TEC,2016,4.264510155,99.0506897,104.7605133,16.77199,10.39485,98.87705994,98.87435913,68.78188324
Europe & Central Asia (IDA & IBRD countries),TEC,2017,4.077559948,99.11125183,96.38336182,17.08293,10.35177,97.99607086,100.272049,70.67980194
Europe & Central Asia (IDA & IBRD countries),TEC,2018,4.047090054,99.21199036,95.36695099,17.06837,10.3459,98.80342102,100.5074005,72.49546814
Europe & Central Asia (IDA & IBRD countries),TEC,2019,3.98228991,99.28002167,97.01689148,,,99.53395844,100.665657,74.07367706
Europe & Central Asia (excluding high income),ECA,2015,4.305500031,98.42497253,97.20794678,17.82266,10.77056,100.8021088,99.22981262,59.66516876
Europe & Central Asia (excluding high income),ECA,2016,4.446125031,98.52690125,110.7661285,18.15291,10.54213,100.0533829,99.67173767,63.36957932
Europe & Central Asia (excluding high income),ECA,2017,4.016924977,98.64160919,95.51554108,18.41218,10.4964,97.59105682,101.2732086,67.20542908
Europe & Central Asia (excluding high income),ECA,2018,4.095134974,98.69303894,93.95983887,18.39211,10.48524,98.57093048,100.9848022,70.01683807
Europe & Central Asia (excluding high income),ECA,2019,4.044499874,98.8225708,96.39122009,,,99.72702026,100.8199921,72.73561859
European Union,EUU,2015,4.909530163,,96.99160767,13.40088,11.91926,101.4295502,107.9576721,69.7702713
European Union,EUU,2016,4.792669773,,96.26657867,13.16466,11.73981,101.0575409,107.1282883,70.51470184
European Union,EUU,2017,4.647570133,,96.74617767,13.30876,11.7795,101.4579773,107.4189529,71.78659821
European Union,EUU,2018,4.623439789,,95.62433624,13.29708,11.79284,101.4455338,107.5573196,72.91278076
European Union,EUU,2019,4.630020142,,95.89466858,,,101.5452576,107.2957535,74.03601837
Fiji,FJI,2015,4.809317589,,99.75836945,,,98.09925321,87.76124379,68.34977722
Fiji,FJI,2016,4.835902691,,98.12837219,,,98.64993618,88.79461054,77.85626984
Fiji,FJI,2017,4.651191711,,100.9142685,,,100.9354208,,82.95452881
Fiji,FJI,2018,4.79706049,,100.0168076,,,103.4472455,91.20168446,79.92614746
Fiji,FJI,2019,5.152731895,,102.2056427,,,111.4361572,90.68259025,78.26115417
Finland,FIN,2015,7.032080173,,99.45561981,,,99.56723022,150.8192139,89.65737915
Finland,FIN,2016,6.851530075,,99.42762756,13.32179,13.24117,99.50804138,152.4714355,89.32800293
Finland,FIN,2017,6.363110065,,99.12998962,13.66688,13.57979,99.46820831,153.5837097,90.69838715
Finland,FIN,2018,6.275579929,,99.70195007,,,99.70320129,153.6514282,92.38500214
Finland,FIN,2019,6.416950226,,99.43659973,,,99.55574799,144.613205,94.58911896
Fragile and conflict affected situations,FCS,2015,3.197314978,63.96762085,68.24022675,30.80537,19.17145,92.98603058,45.72296906,15.41464043
Fragile and conflict affected situations,FCS,2016,2.562340021,64.450737,68.88745117,30.41004,19.04124,93.44715118,45.10977173,15.08409977
Fragile and conflict affected situations,FCS,2017,3.789769888,65.08634949,69.24841309,30.4998,19.01331,94.07980347,45.61677933,15.10461044
Fragile and conflict affected situations,FCS,2018,2.901315093,65.08425903,69.84613037,30.49175,19.02135,95.16040802,46.02148819,15.08742046
Fragile and conflict affected situations,FCS,2019,3.526227236,65.74742126,70.29331207,,,96.22682953,46.36407089,14.99090958
France,FRA,2015,5.446427345,,,,,101.9896393,103.3960419,62.78593063
France,FRA,2016,5.408058167,,,,,102.2604294,103.3080978,64.72767639
France,FRA,2017,5.451600075,,,,,102.4172211,103.7560806,65.80223083
France,FRA,2018,5.407169819,,,,,102.4644089,103.7733307,67.54351807
France,FRA,2019,5.354430199,,,,,102.4476471,104.0768967,67.73313141
Gabon,GAB,2015,2.824359894,,,,,,,
Gabon,GAB,2016,2.667730808,,,,,,,
Gabon,GAB,2017,3.555707932,,,,,,,
Gabon,GAB,2018,3.071542978,,,,,,,
Gabon,GAB,2019,2.874309778,,72.91493988,,,100.5893389,67.14277775,19.6197319
"Gambia, The",GMB,2015,2.192351818,51.0,60.71094894,37.14288,,79.20504316,,
"Gambia, The",GMB,2016,2.174797297,,60.91339111,,,80.51580564,,
"Gambia, The",GMB,2017,2.459194422,,,38.67589,,83.37242927,,
"Gambia, The",GMB,2018,2.365443945,53.16019821,,36.13813,,85.95533462,,
"Gambia, The",GMB,2019,2.808097124,,68.6075592,,,89.36565028,,
Georgia,GEO,2015,3.164874077,,107.1288223,9.01662,7.24706,107.6770096,106.2083588,51.18238068
Georgia,GEO,2016,3.523380041,,120.5789795,8.82638,7.44399,104.1871872,107.3454819,57.38505936
Georgia,GEO,2017,3.524420023,99.0,120.7523117,9.01533,7.39342,103.2455597,109.0791016,62.74975967
Georgia,GEO,2018,3.460949898,99.65366364,102.5382233,8.98194,7.57537,101.2318802,111.1624222,66.04177856
Georgia,GEO,2019,3.829859972,,98.48166656,,,101.8533936,111.4999924,69.01641083
Germany,DEU,2015,4.855150223,,102.0928574,12.22305,12.13371,102.7024612,102.1924133,68.23291016
Germany,DEU,2016,4.839230061,,99.69753265,12.14626,12.01027,101.4060669,100.8523102,67.94641113
Germany,DEU,2017,4.871829987,,97.57306671,12.30285,11.97424,101.7387085,101.0956421,68.46923065
Germany,DEU,2018,4.979330063,,98.58837128,,,102.6453781,100.8373032,69.16342926
Germany,DEU,2019,5.11552,,99.6325531,,,102.5474701,101.1525574,72.70507813
Ghana,GHA,2015,3.688745499,,93.67414856,31.25587,16.61254,102.0158534,67.08258744,15.72661972
Ghana,GHA,2016,3.454744339,,,30.5794,16.97562,100.4157015,67.15789209,14.21440029
Ghana,GHA,2017,3.186117411,64.49239349,87.84977722,27.29644,15.63675,99.05007172,66.38191986,16.36607933
Ghana,GHA,2018,3.015955925,,88.04061127,27.24556,16.01642,97.31511688,67.75382233,16.01543999
Ghana,GHA,2019,3.153071165,,,26.99486,15.17269,98.37718964,70.60788727,17.43388939
Gibraltar,GIB,2016,,,108.5365906,13.70588,16.8,120.9865875,140.1869202,
Gibraltar,GIB,2017,,,121.1864395,14.17,15.04762,125.1214066,143.6363525,
Gibraltar,GIB,2019,,,123.3871002,,,127.6623993,114.3690338,
Greece,GRC,2015,3.661390066,,97.61077881,9.64365,8.66634,99.82910919,103.3777008,
Greece,GRC,2016,4.015610695,,99.00637817,9.27444,8.4038,99.37065125,103.9520721,131.4032135
Greece,GRC,2017,3.477089882,,98.4479599,9.38027,8.55985,98.82671356,104.2287903,135.3339233
Greece,GRC,2018,3.597340107,,97.60722351,,,97.80110168,103.8916931,140.9503174
Greece,GRC,2019,3.586129904,,98.38407135,,,97.64376831,106.5278397,143.9627228
Grenada,GRD,2015,4.238610268,,,16.99747,11.87372,104.2167282,101.1627884,92.88012695
Grenada,GRD,2016,,,96.85534668,15.45199,11.88228,100.1365891,102.0782394,93.22190094
Grenada,GRD,2017,3.173799992,,,16.18269,11.79439,100.1338688,,95.37757874
Grenada,GRD,2018,3.559193373,,108.858696,16.35068,12.81206,96.49981732,,96.89232635
Guatemala,GTM,2015,3.030329943,80.19509125,85.14929962,,,104.0998535,54.91804886,22.06971931
Guatemala,GTM,2016,2.944740057,,81.64192963,21.74437,12.39713,103.0138931,54.37519073,16.12379265
Guatemala,GTM,2017,2.950099945,,81.97701263,20.17993,10.51281,103.0335922,54.00778961,17.10445404
Guatemala,GTM,2018,3.131939888,81.0,81.74809265,20.26228,10.49312,103.5778198,54.11301041,17.51636696
Guatemala,GTM,2019,3.192970037,,80.73143768,,,103.4272919,52.60728836,22.65051079
Guinea,GIN,2015,2.517139912,,62.83464813,,,89.74539965,35.65806449,8.703927994
Guinea,GIN,2016,2.544500113,,62.44152832,47.14862,,94.3621521,36.84758185,8.637948036
Guinea,GIN,2017,2.320339918,,55.44863129,,,99.89538807,,8.52771759
Guinea,GIN,2018,2.384320021,40.0,56.6452713,,,100.9200075,37.66156834,7.599748135
Guinea,GIN,2019,1.858129978,,56.99654007,,,98.14182772,37.99192324,6.843963146
Guinea-Bissau,GNB,2019,,54.8823204,,,,,,
Guyana,GUY,2015,3.895699978,,,,,91.10516055,,
Guyana,GUY,2016,4.737750053,,,,,88.98980973,,
Guyana,GUY,2017,4.66478014,,,,,,,
Guyana,GUY,2018,4.45058012,,,,,90.13255767,,
Guyana,GUY,2019,,,,,,89.49690989,,
Haiti,HTI,2015,1.854979992,,,,,,,
Haiti,HTI,2016,1.387760043,61.69134903,,,,,,
Haiti,HTI,2017,1.498469949,68.00985718,,,,,,
Haiti,HTI,2018,1.637159944,,,,,,,
Haiti,HTI,2019,1.759413004,,,,,,,
Heavily indebted poor countries (HIPC),HPC,2015,3.494129896,60.87498856,65.22557068,39.91367,21.44457,99.46916199,40.14595032,8.624850273
Heavily indebted poor countries (HIPC),HPC,2016,3.16945529,61.49433899,65.86595917,39.66627,21.1948,100.1101608,40.52967834,8.521309853
Heavily indebted poor countries (HIPC),HPC,2017,3.729640007,62.60771179,66.58026886,39.64473,20.97459,100.640892,40.83430099,8.678720474
Heavily indebted poor countries (HIPC),HPC,2018,3.3229599,64.16165924,67.63954926,39.66142,21.37058,101.4988708,41.25843048,8.830949783
Heavily indebted poor countries (HIPC),HPC,2019,3.526227236,64.35105896,67.94992065,,,102.5553131,41.62530136,8.911740303
High income,HIC,2015,4.885540009,,98.36161804,14.02746,12.76727,100.7491837,104.58918,76.10114288
High income,HIC,2016,4.787974834,,97.88787079,13.90883,12.62698,100.8108063,104.4610901,76.73760986
High income,HIC,2017,4.735224962,,98.18430328,13.94748,12.60643,101.2606277,104.8064499,77.00009155
High income,HIC,2018,4.675159931,,98.32064819,14.03652,12.63098,101.168602,104.605423,77.39974976
High income,HIC,2019,4.67881012,,98.62403107,,,101.0410004,104.8671722,78.27729797
Honduras,HND,2015,6.412970066,88.0,,29.14566,16.09893,89.88818359,50.01977158,20.26543045
Honduras,HND,2016,6.095095158,89.0,78.11132813,28.37057,14.49878,89.59835815,50.69898987,20.9513092
Honduras,HND,2017,5.744343758,,79.12502289,25.59773,16.65963,88.39861298,50.73529053,24.45844078
Honduras,HND,2018,6.056469917,87.0,,,,88.74346751,,26.21419907
Honduras,HND,2019,5.932459831,89.0,76.837677,,,87.79846954,64.10839081,25.12657928
"Hong Kong SAR, China",HKG,2015,3.262120008,,95.35119629,13.66248,12.95682,105.1315231,107.4316864,68.7008667
"Hong Kong SAR, China",HKG,2016,3.292690039,,95.7547226,13.67502,12.37069,104.7410126,107.7970963,70.33164215
"Hong Kong SAR, China",HKG,2017,3.309890032,,111.3474579,13.76886,11.51862,104.8079071,106.8375702,72.92285156
"Hong Kong SAR, China",HKG,2018,3.326240063,,92.88591003,13.34788,11.22247,103.4309998,108.2101669,78.24632263
"Hong Kong SAR, China",HKG,2019,3.810179949,,97.06896973,,,102.2026062,105.1071396,83.8542099
Hungary,HUN,2015,4.495399952,,98.64601135,10.97863,10.2914,100.8276825,104.5464783,50.06565094
Hungary,HUN,2016,4.615479946,,96.80142212,10.76744,10.01652,99.02863312,104.0468903,49.47705078
Hungary,HUN,2017,4.647570133,,100.0874634,,,98.43126678,104.2907791,49.91027069
Hungary,HUN,2018,4.623439789,,98.10501862,,,96.75221252,103.7495499,50.8998909
Hungary,HUN,2019,4.224880219,,93.05844879,,,96.62088013,102.5616379,52.36103821
IBRD only,IBD,2015,4.224191189,88.33882141,96.05506897,21.50841,17.94955,105.960083,84.52986908,40.66545105
IBRD only,IBD,2016,4.206385136,88.51596069,96.8150177,22.06742,17.4179,107.5336075,84.78781128,41.68799973
IBRD only,IBD,2017,4.077559948,88.68708038,96.3469696,21.98289,17.26164,106.6418686,84.38790894,42.45497894
IBRD only,IBD,2018,3.997427225,88.90817261,95.99185181,21.996,17.23354,101.4274902,85.11956024,43.20233154
IBRD only,IBD,2019,3.918159962,88.94484711,95.82058716,,,100.9813004,85.60955048,44.3106308
IDA & IBRD total,IBT,2015,3.817775011,83.31432343,87.28559113,24.93134,18.5601,102.122551,72.0721817,31.95845985
IDA & IBRD total,IBT,2016,3.764028788,83.70352936,87.97898865,25.36889,18.16581,103.3587036,72.21929932,32.54021072
IDA & IBRD total,IBT,2017,3.789769888,83.9151535,87.79029083,25.27992,17.97486,102.8801575,71.82057953,32.94234085
IDA & IBRD total,IBT,2018,3.713920116,84.23887634,87.9017868,25.328,18.02335,99.99726868,72.47377014,33.35496902
IDA & IBRD total,IBT,2019,3.695614338,84.3611908,87.81439209,,,100.078537,72.83927155,34.20207977
IDA blend,IDB,2015,3.138829947,64.95767212,70.32025146,34.17311,18.23693,85.54490662,45.55770111,9.574689865
IDA blend,IDB,2016,3.613951564,65.67326355,70.9287262,34.72972,19.05278,86.95036316,44.63373947,9.577819824
IDA blend,IDB,2017,4.220556259,65.8370285,71.00669098,34.27092,18.48555,86.83065033,44.50741959,9.807479858
IDA blend,IDB,2018,2.901315093,66.25102234,72.37294006,34.26502,18.86477,88.12983704,45.44664001,9.703310013
IDA blend,IDB,2019,3.559468985,66.37684631,73.0076828,,,89.15751648,46.80160141,11.02834034
IDA only,IDX,2015,3.444496632,64.05935669,70.7191925,36.95185,23.66721,100.2912369,46.49214172,11.03802967
IDA only,IDX,2016,3.229290009,65.79447174,71.57367706,36.21857,23.4596,100.7171478,47.66949844,11.17288971
IDA only,IDX,2017,3.555322409,66.62503052,72.54332733,35.93808,23.10511,101.2545319,47.70386887,11.32785034
IDA only,IDX,2018,3.38626492,67.83686829,73.58090973,35.97722,23.53348,102.2572784,48.56428909,11.79312992
IDA only,IDX,2019,3.449375391,68.79856873,73.58737946,,,103.2101898,48.73093033,12.39206982
IDA total,IDA,2015,3.36937511,64.3584671,70.584198,36.09061,21.40375,95.47039032,46.16791916,10.53921986
IDA total,IDA,2016,3.229290009,65.75422668,71.35523224,35.76871,21.72611,96.20230103,46.6178894,10.63113976
IDA total,IDA,2017,3.652347445,66.36461639,72.01992798,35.43115,21.27684,96.51078796,46.59714127,10.81447029
IDA total,IDA,2018,3.267304897,67.31408691,73.16835022,35.45098,21.68306,97.6027298,47.48416138,11.08940983
IDA total,IDA,2019,3.485680819,68.00256348,73.3888092,,,98.57771301,48.06130981,11.93377018
Iceland,ISL,2015,7.457970142,,99.09667969,10.14405,,98.68621826,119.8073578,75.64199829
Iceland,ISL,2016,7.432199955,,99.52706909,,,98.95317841,117.1227722,74.70063019
Iceland,ISL,2017,7.583859921,,98.93569183,,,98.8624115,115.7411423,71.33724976
Iceland,ISL,2018,7.563499928,,99.11504364,,,98.88671875,114.6494064,69.34023285
Iceland,ISL,2019,7.601299763,,99.38864899,,,98.81343079,112.0343399,70.60935211
India,IND,2015,4.114991665,,99.90400696,31.49146,31.65018,112.9378433,74.94833374,27.28456688
India,IND,2016,4.256516457,,99.31367493,35.21588,28.49097,119.5128326,76.11998749,27.30435753
India,IND,2017,4.306396961,,98.5887146,32.74955,27.44103,117.8681717,74.59726715,27.9090519
India,IND,2018,4.376932621,,,,28.52287,101.097956,75.78479004,28.53168678
India,IND,2019,3.897323608,,96.30937195,,,99.50392361,75.52558136,29.0233593
Indonesia,IDN,2015,3.583600044,95.0,109.528511,,,109.3619806,88.78228771,33.03264999
Indonesia,IDN,2016,1.210234523,95.0,107.9646988,13.97814,14.11492,107.1620738,88.56449209,35.47575378
Indonesia,IDN,2017,1.053243876,,106.1960068,16.06371,15.3284,105.6342322,91.5816468,36.63386154
Indonesia,IDN,2018,0.994436443,96.0,104.9741135,17.03493,15.2071,104.6482873,93.43093639,36.79545593
Indonesia,IDN,2019,0.964399099,,104.6112595,,,102.5970185,95.78369057,37.92596817
"Iran, Islamic Rep.",IRN,2015,2.629110098,,100.0703201,26.77414,,109.0251312,88.14298248,72.12127686
"Iran, Islamic Rep.",IRN,2016,3.173969984,86.0,98.34705353,27.32117,18.6938,107.9073334,85.48744202,69.18332672
"Iran, Islamic Rep.",IRN,2017,3.459569931,,96.64743805,28.52479,19.00886,107.2958221,84.75482941,68.12741089
"Iran, Islamic Rep.",IRN,2018,3.619790077,,,,,,,62.71047211
"Iran, Islamic Rep.",IRN,2019,3.240050077,,97.08075714,,,106.0819702,,59.95137024
Iraq,IRQ,2016,,83.0,,,,,,
Iraq,IRQ,2017,,86.0,,,,,,
Ireland,IRL,2015,3.74868989,,98.70777893,,,101.184639,116.9898682,77.23214722
Ireland,IRL,2016,3.746740103,,99.69187927,,,101.3414917,117.028717,77.55713654
Ireland,IRL,2017,3.490449905,,98.28806305,,,100.8527832,125.3071213,77.78061676
Ireland,IRL,2018,3.37838006,,97.32833862,,,101.0328827,154.9082947,77.28288269
Ireland,IRL,2019,3.296169996,,100.6323166,,,100.9808578,138.091217,75.17993927
Israel,ISR,2015,5.797659874,,98.78568268,12.08838,,97.7587738,96.33895111,60.82278824
Israel,ISR,2016,5.799809933,,94.90853882,12.07069,,97.13448334,96.79280853,60.4474411
Israel,ISR,2017,6.007719994,,98.91864777,,,96.93186951,96.29299164,59.06586838
Israel,ISR,2018,6.062849998,,95.03613281,,,96.49323273,96.65574646,57.3934288
Israel,ISR,2019,6.041470051,,94.45567322,,,96.27092743,96.29541779,55.94453812
Italy,ITA,2015,4.073629856,,98.95012665,12.02716,11.29297,100.3719025,101.2280884,60.94129181
Italy,ITA,2016,3.815789938,,98.49062347,11.12385,10.04517,99.81276703,100.7429581,61.35710144
Italy,ITA,2017,4.044939995,,99.57051086,11.48066,9.98461,102.803093,101.0100174,62.69580078
Italy,ITA,2018,4.256140232,,98.83381653,,,102.894989,101.526413,64.47532654
Italy,ITA,2019,4.095270157,99.0,98.36914063,,,102.9593735,101.7417831,65.68950653
Jamaica,JAM,2015,5.455220222,,90.40287781,21.97603,16.42874,95.22531891,87.49781036,26.41311073
Jamaica,JAM,2016,5.314610004,,87.9267807,22.64723,18.10698,94.33110046,91.16915131,
Jamaica,JAM,2017,5.260169983,,89.74973297,22.10634,15.49229,94.44003296,87.67340088,
Jamaica,JAM,2018,5.413809776,,85.40872192,24.79434,16.69828,97.29392242,86.66024017,
Jamaica,JAM,2019,5.163640022,,89.74461365,,,93.3932724,87.91867828,
Japan,JPN,2015,3.312210083,,,16.17666,11.3877,102.4191132,102.2004166,62.47266006
Japan,JPN,2016,3.146430016,,,15.87224,11.21106,102.2169113,101.1679993,63.18722916
Japan,JPN,2017,3.130579948,,,15.66096,11.11967,102.2548294,101.8828888,62.46297836
Japan,JPN,2018,3.077820063,,,,,102.0999069,102.425148,62.2089386
Japan,JPN,2019,3.155339956,,,,,102.6522827,102.6700668,62.11849976
Jordan,JOR,2015,,,,,,,,36.62842941
Jordan,JOR,2016,3.452820063,,94.29470062,18.36314,,98.4272995,,34.06126022
Jordan,JOR,2017,3.213059902,,94.39926147,21.03903,11.431,98.55895233,88.8758316,28.62105942
Jordan,JOR,2018,2.954619884,95.43144989,95.72471619,18.53699,12.26127,98.8939209,89.79290771,31.55629921
Jordan,JOR,2019,2.988470078,,96.76859283,,,98.86032867,89.51048279,30.11083984
Kazakhstan,KAZ,2015,3.33796978,,100.4636154,16.2004,7.50668,100.5012344,102.3579322,49.03163528
Kazakhstan,KAZ,2016,3.563251019,,99.31481171,18.5511,6.79388,100.1746683,102.1250125,46.81502151
Kazakhstan,KAZ,2017,3.391023874,,99.60958862,20.75555,6.59153,100.8842713,102.1428336,51.06547928
Kazakhstan,KAZ,2018,3.151916265,,101.4192276,19.63913,6.95898,100.5298124,102.0583126,53.51586151
Kazakhstan,KAZ,2019,3.353821278,,98.42286682,17.21457,7.67993,101.6220471,101.3594375,59.58197784
Kenya,KEN,2015,4.949451447,,102.0845795,30.65055,,105.4523468,,9.300310135
Kenya,KEN,2016,4.665563107,,102.7265854,,,104.7889175,,11.70067978
Kenya,KEN,2017,4.268742561,,,,,,,11.88621044
Kenya,KEN,2018,5.321925163,,,,,,,
Kenya,KEN,2019,5.3735919,,,,,78.83915403,,10.56947041
Kiribati,KIR,2015,12.11400032,,90.03607178,,,104.8557129,,
Kiribati,KIR,2016,13.4829998,,101.1774979,25.73171,,106.7206192,,
Kiribati,KIR,2017,13.57499981,,,25.48855,,101.2984619,,
Kiribati,KIR,2018,15.37699986,97.95970917,,,,105.808935,,
Kiribati,KIR,2019,13.76865482,,,,,104.1283108,,
"Korea, Dem. People's Rep.",PRK,2015,,,,20.53463,17.47049,,95.95696259,28.02356911
"Korea, Dem. People's Rep.",PRK,2018,,99.99819183,,20.30024,,93.15322876,,27.20903969
"Korea, Rep.",KOR,2015,4.454239845,,100.5217438,16.55424,14.40724,100.062088,98.59319305,93.96765137
"Korea, Rep.",KOR,2016,4.333099842,,103.8022079,16.30703,13.84298,99.71601105,98.71795654,93.65772247
"Korea, Rep.",KOR,2017,4.328239918,,97.8568573,16.28669,13.26544,98.62471008,99.10558319,93.72302246
"Korea, Rep.",KOR,2018,4.458079815,98.80000305,96.76255035,,,98.6656723,99.31865692,93.32817841
"Korea, Rep.",KOR,2019,4.684659958,,99.90557861,,,99.63881683,98.38130188,93.99891663
Kuwait,KWT,2015,,96.0,,8.86229,7.58836,101.9334488,95.25441742,58.70372009
Kuwait,KWT,2016,5.95593977,,,8.85539,,,,57.78276062
Kuwait,KWT,2017,6.35444212,96.0,,8.8586,,,,55.13330078
Kuwait,KWT,2018,6.391652584,96.0,,8.88073,,,,52.11346054
Kuwait,KWT,2019,6.727895737,,,,,,,50.47005844
Kyrgyz Republic,KGZ,2015,6.967647552,,103.9723434,26.19366,10.79995,101.0191197,90.06710864,44.67168808
Kyrgyz Republic,KGZ,2016,6.586150169,,99.47943878,25.03207,9.86636,100.4292029,92.54315527,43.40132141
Kyrgyz Republic,KGZ,2017,6.026189804,,97.37004089,24.91353,10.43743,101.2014632,91.95191095,41.27732468
Kyrgyz Republic,KGZ,2018,5.552670002,,98.94506836,24.98946,10.64648,100.8218295,92.43287938,39.91525269
Kyrgyz Republic,KGZ,2019,6.073181152,99.59999847,102.3484879,,,99.37710149,92.73744353,41.55659485
Lao PDR,LAO,2015,2.736897945,85.0,101.0727005,24.15685,18.7202,114.1787328,62.41924507,18.18120575
Lao PDR,LAO,2016,2.774429798,,99.60434723,22.95564,18.34744,110.4093909,64.87961755,17.11575127
Lao PDR,LAO,2017,2.497972727,,100.8218918,22.33745,18.13429,107.5012462,66.12477843,15.43837452
Lao PDR,LAO,2018,2.335012197,,98.24398041,22.33717,18.15412,104.5676165,66.19438099,14.5235405
Lao PDR,LAO,2019,2.122014046,,93.52037811,,,102.5677233,64.99031655,13.76587391
Late-demographic dividend,LTE,2015,4.515911818,95.65283203,91.72878265,16.96478,14.02361,99.92262268,91.09510803,48.42887115
Late-demographic dividend,LTE,2016,4.276184797,95.87418365,93.14201355,17.14734,13.75482,100.1308365,90.50972748,49.80368042
Late-demographic dividend,LTE,2017,4.251554489,96.0356369,94.97161865,17.2078,13.58041,100.514801,90.41110992,51.03956985
Late-demographic dividend,LTE,2018,4.131948471,96.18080902,95.73536682,17.16688,13.50771,100.6508789,91.18592834,52.61688995
Late-demographic dividend,LTE,2019,4.059394836,96.30956268,95.73674011,,,100.7739487,92.19650269,54.71567154
Latin America & Caribbean,LCN,2015,4.678646803,93.42685699,96.62339783,21.72139,16.39638,108.1265869,95.01413727,48.3875885
Latin America & Caribbean,LCN,2016,4.363474131,93.86831665,96.15960693,21.55642,16.41891,107.3950577,96.02129364,50.38010025
Latin America & Caribbean,LCN,2017,4.397520065,93.89946747,95.28681183,21.34033,16.50972,106.8209,96.4750824,51.72919083
Latin America & Caribbean,LCN,2018,4.139450073,94.08590698,94.53420258,21.30215,16.4962,106.4508209,97.47901917,52.42729187
Latin America & Caribbean,LCN,2019,4.599919796,94.25566864,94.35246277,,,106.3136978,97.5276413,53.32835007
Latin America & Caribbean (excluding high income),LAC,2015,5.078289986,93.08236694,96.73162079,21.98897,16.49783,109.0092392,95.19019318,45.4763298
Latin America & Caribbean (excluding high income),LAC,2016,4.560353994,93.53968811,96.39817047,21.84299,16.53588,108.4482117,96.43536377,47.6235199
Latin America & Caribbean (excluding high income),LAC,2017,4.397520065,93.58692932,95.66468048,21.61644,16.61526,107.9841919,96.98529816,49.11835098
Latin America & Caribbean (excluding high income),LAC,2018,4.139450073,93.78939819,94.69065857,21.57,16.60104,107.4098282,97.94264221,49.91656113
Latin America & Caribbean (excluding high income),LAC,2019,4.599919796,93.97664642,94.40074158,,,107.1175766,97.82128906,50.99774933
Latin America & the Caribbean (IDA & IBRD countries),TLA,2015,4.453393459,93.29805756,96.67356873,22.15856,16.56983,108.2154694,94.98937988,48.35456848
Latin America & the Caribbean (IDA & IBRD countries),TLA,2016,4.362748146,93.75376129,96.21405792,21.99435,16.5865,107.497757,96.03025818,50.41088867
Latin America & the Caribbean (IDA & IBRD countries),TLA,2017,4.397520065,93.78692627,95.32718658,21.7582,16.67372,106.9122009,96.46214294,51.71125031
Latin America & the Caribbean (IDA & IBRD countries),TLA,2018,4.139450073,93.97975159,94.61502075,21.69085,16.65098,106.5451279,97.47003937,52.41265869
Latin America & the Caribbean (IDA & IBRD countries),TLA,2019,4.422849894,94.15543365,94.44737244,,,106.4166794,97.49456024,53.31689835
Latvia,LVA,2015,5.282519817,,100.0109482,11.13249,8.03226,99.39331818,112.3566513,74.29988098
Latvia,LVA,2016,4.65749979,,98.06009674,11.3295,8.10571,99.19854736,111.2968063,80.60481262
Latvia,LVA,2017,4.366710186,,99.31181335,11.53684,8.2712,99.36784363,110.7232513,88.05742645
Latvia,LVA,2018,4.243569851,,98.3991394,,,99.61438751,109.1557007,93.02448273
Latvia,LVA,2019,4.43584013,,98.30753326,,,99.98343658,107.6024628,94.86453247
Least developed countries: UN classification,LDC,2015,3.214390039,61.77787018,69.27496338,38.00919,24.95432,102.0953522,44.35245132,9.518710136
Least developed countries: UN classification,LDC,2016,2.905220032,63.6640892,70.25007629,37.41777,24.75304,102.3095093,45.78105164,9.791870117
Least developed countries: UN classification,LDC,2017,3.52892375,64.59895325,71.23937988,37.10324,24.31458,102.6992111,45.81341934,9.874409676
Least developed countries: UN classification,LDC,2018,3.3229599,64.93852997,72.37299347,37.15033,24.74825,103.6176605,46.60448074,10.35904026
Least developed countries: UN classification,LDC,2019,3.126032233,65.98403931,72.32695007,,,104.4037323,46.63230133,10.88813972
Lebanon,LBN,2015,,,,,,,,38.82075119
Lebanon,LBN,2016,2.126333237,,,12.17537,7.67398,,,42.10900879
Lebanon,LBN,2017,2.137486219,,,12.48274,,,,43.99457932
Lebanon,LBN,2018,2.527220726,93.0,,,,,,47.27510834
Lebanon,LBN,2019,2.600265503,,,,,,,50.3490181
Lesotho,LSO,2015,7.642502308,,79.34463501,33.08664,23.95153,108.8215912,58.58946888,9.687729836
Lesotho,LSO,2016,7.552474022,,81.15354156,33.75653,23.16604,108.1328326,56.66962051,
Lesotho,LSO,2017,7.23117733,,,32.94806,25.34293,109.9726212,59.8201412,10.14649963
Lesotho,LSO,2018,7.402918816,86.24086761,,,,100.6016815,,9.724470139
Lesotho,LSO,2019,7.194068909,,82.85080719,,,96.09326965,,
Liberia,LBR,2015,2.115874767,,,30.44637,18.39079,90.18297391,36.62308121,
Liberia,LBR,2016,2.114796877,,60.80176926,21.52359,,84.15110095,,
Liberia,LBR,2017,2.246325016,48.30136108,57.24401474,22.32254,,79.927302,,
Liberia,LBR,2018,2.413897991,,,,,,,
Liberia,LBR,2019,2.165081978,,,,,,,
Liechtenstein,LIE,2015,,,105.7471313,7.84524,9.90828,105.6654205,116.1234436,33.54204178
Liechtenstein,LIE,2016,,,100.2518921,7.68462,9.65192,105.4910202,116.0283737,35.02262115
Liechtenstein,LIE,2017,,,90.43927765,7.80156,9.55752,104.6997375,117.0943298,35.62192917
Liechtenstein,LIE,2018,,,107.3298416,,,106.3297882,112.0101624,38.30027008
Liechtenstein,LIE,2019,,,94.45909882,,,103.8300095,119.2096634,41.16584015
Lithuania,LTU,2015,4.227190018,,98.67507935,12.86014,7.88976,101.5423431,102.1533432,67.74265289
Lithuania,LTU,2016,4.004310131,,100.6361237,13.22845,7.68762,104.2230988,101.8199081,67.74185181
Lithuania,LTU,2017,3.812200069,,101.5820618,13.51703,7.80821,106.4109497,102.7917786,68.38633728
Lithuania,LTU,2018,3.89289999,,104.108902,,,106.0573807,103.0140228,69.71880341
Lithuania,LTU,2019,3.964099884,,110.2348328,,,104.7060623,103.8806076,70.18486786
Low & middle income,LMY,2015,3.710979939,83.10839081,87.210289,25.04042,18.6707,102.1532669,71.84571838,31.32028961
Low & middle income,LMY,2016,3.767617464,83.50254059,87.92845154,25.49018,18.27281,103.4233017,72.01786804,31.90199089
Low & middle income,LMY,2017,3.765269995,83.72104645,87.7462616,25.39491,18.07721,102.9549866,71.62876129,32.31919098
Low & middle income,LMY,2018,3.642097831,84.05187225,87.8730011,25.44687,18.11664,100.029892,72.28038025,32.74670029
Low & middle income,LMY,2019,3.652369738,84.17989349,87.77368164,,,100.0955276,72.64160919,33.62664032
Low income,LIC,2015,3.35014832,59.74245834,61.99549866,40.13131,22.10181,97.37045288,38.97557068,9.058369637
Low income,LIC,2016,2.934885025,60.42670059,63.16447067,39.76567,21.97853,98.32424164,39.35688019,8.900560379
Low income,LIC,2017,3.349897385,61.48361969,63.90058899,39.80427,21.88316,99.02252197,39.79751968,8.998370171
Low income,LIC,2018,3.38626492,61.45404053,65.04737091,39.82732,22.09153,100.0520325,40.06351089,9.092880249
Low income,LIC,2019,3.526227236,61.52846909,65.63455963,,,101.1113434,40.25022888,9.238349915
Lower middle income,LMC,2015,3.598949909,72.98467255,88.79425049,28.01515,23.48068,103.2598419,64.86257935,21.97286034
Lower middle income,LMC,2016,3.473093152,73.73400116,88.7857666,28.87083,22.55303,105.952507,65.7067337,22.12229919
Lower middle income,LMC,2017,3.733449936,74.26711273,88.72866821,28.62456,22.27369,105.0087509,64.89453125,22.27177048
Lower middle income,LMC,2018,3.178336501,75.07314301,88.69548798,28.87235,22.34035,98.7230835,65.92505646,22.56332016
Lower middle income,LMC,2019,3.413069963,75.24550629,88.34043884,,,98.51193237,66.31005859,23.31785011
Luxembourg,LUX,2015,3.767920017,,80.56880188,8.45773,9.44748,97.4022522,104.3791885,20.29071045
Luxembourg,LUX,2016,4.466115952,,79.01135254,8.30333,8.82794,97.40956879,106.0851974,19.92036057
Luxembourg,LUX,2017,3.48645997,,78.40264893,,,96.73519897,106.7843475,19.59902
Luxembourg,LUX,2018,3.66211009,,76.69661713,,,97.34284973,106.9831238,19.39151955
Luxembourg,LUX,2019,3.736069918,,77.86260223,,,98.33454895,106.9465103,19.39694977
"Macao SAR, China",MAC,2015,3.002470016,,91.78946686,14.08362,11.44466,99.80246735,100.9664383,76.16584015
"Macao SAR, China",MAC,2016,3.099529982,97.0,93.30769348,13.85535,10.66209,101.2873611,99.46366882,79.92500305
"Macao SAR, China",MAC,2017,2.709490061,,106.1052628,13.50974,10.13764,105.3259277,97.42198944,81.26551056
"Macao SAR, China",MAC,2018,2.733409882,,95.6222229,13.49843,9.75724,101.2382584,92.71080017,76.79350281
"Macao SAR, China",MAC,2019,3.065439939,,90.09615326,,,96.24259949,90.66899109,80.09111786
Madagascar,MDG,2015,2.704188347,,67.60498047,41.1927,,142.8891449,37.90689087,4.727519989
Madagascar,MDG,2016,2.697920561,,66.0451355,40.606,,138.5707361,37.81742859,4.761650085
Madagascar,MDG,2017,2.701374054,,64.99119568,,20.04302,143.3683173,36.29988835,5.236249924
Madagascar,MDG,2018,3.049069166,77.0,63.12284851,39.81169,19.29784,136.9360273,35.97891566,5.324389935
Madagascar,MDG,2019,3.013383865,,60.75994492,,,129.2258099,33.93414933,5.534029961
Malawi,MWI,2015,3.444496632,62.14353943,,69.50969,37.89961,138.3082616,40.23437119,
Malawi,MWI,2016,3.244130611,,35.64341354,,,137.1082246,38.20877838,
Malawi,MWI,2017,3.575054884,,,,,138.9619918,38.47988129,
Malawi,MWI,2018,3.3229599,,,58.67919,72.31002,136.8266886,38.45679092,
Malawi,MWI,2019,,,76.29367065,,,139.5659635,35.09989929,
Malaysia,MYS,2015,4.703810215,,99.48930359,11.521,,98.80010707,84.55256653,44.86950302
Malaysia,MYS,2016,4.345984459,95.0,96.04283142,11.61165,13.21255,99.92459754,83.69664001,46.40166855
Malaysia,MYS,2017,4.184885025,95.0,93.76273346,11.6556,12.2751,100.6633154,83.71385193,43.66804504
Malaysia,MYS,2018,4.131948471,95.0,92.40920258,,11.40208,100.9367213,79.6654892,45.27841568
Malaysia,MYS,2019,3.979539633,95.0,93.65409088,,,101.383614,80.59307861,43.19771576
Maldives,MDV,2015,4.622305393,,93.35391235,10.34037,,99.01308833,,
Maldives,MDV,2016,4.438735962,98.0,97.05724335,10.29657,,98.10444614,,
Maldives,MDV,2017,3.82268548,94.50550842,92.91558075,10.16278,,96.94364239,,34.77801895
Maldives,MDV,2018,3.856817722,,91.47878265,,,96.58923605,76.41825867,
Maldives,MDV,2019,4.123569489,98.21186066,91.75241852,,,97.12785002,70.76908112,51.36136246
Mali,MLI,2015,3.801520109,33.0,48.50984955,42.70695,19.19297,72.14444733,40.11573029,5.280960083
Mali,MLI,2016,3.094779968,,48.57241821,39.08605,19.4834,73.56410217,41.21068954,3.650790453
Mali,MLI,2017,3.789769888,,46.93080139,38.22009,17.43224,76.44680786,39.57368851,4.164893627
Mali,MLI,2018,3.55817008,35.0,,37.82669,,72.09474945,38.92816162,4.966517925
Mali,MLI,2019,3.555049896,,,,,,,4.734406471
Malta,MLT,2015,5.023980141,,98.23544312,13.49445,7.79572,100.3055115,95.15711975,46.94681931
Malta,MLT,2016,5.107659817,,98.25766754,13.02685,7.21022,99.94046021,94.97657013,48.12607956
Malta,MLT,2017,4.560790062,,99.48516846,12.93931,7.11247,99.60999298,103.1384125,52.8446312
Malta,MLT,2018,4.923611164,,100.4094391,,,99.59832764,104.6425095,56.81111145
Malta,MLT,2019,4.899350166,,98.28354645,,,98.17488861,104.5057297,58.53686905
Marshall Islands,MHL,2015,,,,,,109.8572769,88.45281219,
Marshall Islands,MHL,2016,,,98.40567017,,,107.4560165,93.14141083,
Marshall Islands,MHL,2019,9.920570374,,117.9664383,,,106.2729492,110.421463,41.47465134
Mauritania,MRT,2015,2.829566002,65.1120224,66.717659,35.81193,33.54677,96.38195038,31.06388092,5.870379925
Mauritania,MRT,2016,1.944059968,,,36.36696,26.36771,88.46540833,32.04801178,5.549109936
Mauritania,MRT,2017,,,64.44998169,36.35033,23.70599,87.74183655,31.62400055,5.143219948
Mauritania,MRT,2018,,,69.65589142,34.27814,25.9167,90.32539368,35.39036942,5.11879015
Mauritania,MRT,2019,1.82317996,,66.28121948,,,90.71903229,37.45048141,5.869890213
Mauritius,MUS,2015,4.758470058,93.0,96.08599091,18.82093,12.87505,97.32071686,93.96820068,37.76073837
Mauritius,MUS,2016,4.882070065,93.0,94.60578918,17.79444,,96.72160339,94.43624878,38.41077042
Mauritius,MUS,2017,4.87887001,,91.75839996,17.93769,12.65226,96.47863007,92.54032898,39.66188049
Mauritius,MUS,2018,4.674479961,,95.7337265,16.19841,10.9886,96.44940186,91.41713715,40.40781021
Mauritius,MUS,2019,4.541950226,,92.64660645,,,95.42308044,93.13549805,42.98786926
Mexico,MEX,2015,5.050879955,94.0,105.9928436,26.92701,16.08213,106.9634323,100.9822693,31.97186089
Mexico,MEX,2016,4.757959843,95.0,104.702179,26.74201,16.30684,106.3912201,102.8713684,38.58977127
Mexico,MEX,2017,4.397520065,95.0,104.3248596,26.55228,16.85759,105.7976074,105.1101837,40.33906937
Mexico,MEX,2018,4.139450073,95.0,102.3691177,,,105.1881638,105.964653,41.63827896
Mexico,MEX,2019,,,102.4726563,,,105.0950394,105.5156097,43.04413986
"Micronesia, Fed. Sts.",FSM,2015,13.64700031,,90.92395782,19.7106,,93.97005538,,
"Micronesia, Fed. Sts.",FSM,2016,13.51299953,,87.83895111,,,94.33408356,,
"Micronesia, Fed. Sts.",FSM,2017,12.41600037,,81.87274933,,,95.06621835,,
"Micronesia, Fed. Sts.",FSM,2018,9.69699955,,90.28595734,,,97.83982774,,
"Micronesia, Fed. Sts.",FSM,2019,10.22599983,,87.56324005,,,96.60934004,,
Middle East & North Africa,MEA,2015,,79.63973999,86.01730347,19.94048,14.79831,98.33422089,76.25184631,39.80131149
Middle East & North Africa,MEA,2016,4.452610135,78.47634888,85.37403107,20.45241,14.91463,98.23818207,76.56891632,39.68650818
Middle East & North Africa,MEA,2017,4.227494955,78.92874146,85.13401031,21.13095,14.99075,98.43100739,76.77770233,40.48339081
Middle East & North Africa,MEA,2018,4.168545008,79.2567215,85.99758148,21.32469,14.91591,98.55194092,77.10623932,40.94884872
Middle East & North Africa,MEA,2019,4.43173337,79.55386353,86.39070129,,,98.70609283,77.40666199,41.00447083
Middle East & North Africa (IDA & IBRD countries),TMN,2015,4.532108545,76.74092865,84.64201355,22.25553,15.878,98.08319855,73.42877197,38.13013077
Middle East & North Africa (IDA & IBRD countries),TMN,2016,3.687540054,75.24681091,83.99533081,22.63736,16.07018,98.0186615,73.65802765,37.50352859
Middle East & North Africa (IDA & IBRD countries),TMN,2017,3.596509933,75.70304108,83.40318298,23.17948,16.20945,98.153862,73.81817627,37.79534912
Middle East & North Africa (IDA & IBRD countries),TMN,2018,3.685610056,76.09047699,84.4500885,23.00915,16.17787,98.34934998,74.09223175,38.18481827
Middle East & North Africa (IDA & IBRD countries),TMN,2019,4.121653438,76.4992218,85.10662842,,,98.68636322,74.53027344,37.88206863
Middle East & North Africa (excluding high income),MNA,2015,4.663219929,76.94367981,84.82479858,22.27264,15.95591,98.05478668,73.70053864,38.24935913
Middle East & North Africa (excluding high income),MNA,2016,3.922260046,75.46948242,84.16829681,22.64947,16.1407,97.99575043,73.92967224,37.62112045
Middle East & North Africa (excluding high income),MNA,2017,3.733449936,75.92513275,83.64888,23.19498,16.28611,98.14562988,74.10791779,37.9091301
Middle East & North Africa (excluding high income),MNA,2018,,76.31310272,84.62928009,23.02361,16.20428,98.33239746,74.37476349,38.30484009
Middle East & North Africa (excluding high income),MNA,2019,,76.7212677,85.26319122,,,98.65863037,74.81918335,37.99036026
Middle income,MIC,2015,3.969330072,84.97399139,91.1257019,23.27888,18.43519,103.0143967,76.22125244,33.98138046
Middle income,MIC,2016,3.935930014,85.37055206,91.84674072,23.77868,18.01772,104.3546219,76.46578979,34.73532104
Middle income,MIC,2017,3.931309938,85.5535965,91.59790802,23.64407,17.81021,103.6841278,76.04477692,35.28681946
Middle income,MIC,2018,3.732675076,85.94582367,91.6219635,23.67467,17.83669,100.0257263,76.84030914,35.84579849
Middle income,MIC,2019,3.826144934,86.1155777,91.472229,,,99.90225983,77.3392868,36.90652084
Moldova,MDA,2015,5.805686951,,107.1129684,17.45665,9.34236,105.7220001,105.059288,52.09782028
Moldova,MDA,2016,5.67208004,,106.6207733,17.42007,9.22639,104.4644318,106.0476532,52.84141159
Moldova,MDA,2017,5.710169792,,107.2409134,17.68211,9.91073,103.6819,94.36382294,51.9473381
Moldova,MDA,2018,5.538879871,,101.7815781,17.92314,9.86318,103.3373871,95.91591644,52.84231186
Moldova,MDA,2019,6.225769997,,102.4273834,,,105.0749207,95.65075684,54.78120041
Monaco,MCO,2015,,,,12.63871,8.12069,,,
Monaco,MCO,2016,1.372460008,,150.1805115,13.70548,,144.476532,154.1569824,53.35916901
Monaco,MCO,2017,1.457929969,,,10.45596,8.54364,,,
Monaco,MCO,2018,,,,11.38506,,,,
Monaco,MCO,2019,1.158900023,,,11.7,,,,
Mongolia,MNG,2015,4.387156487,,99.2064743,28.222,,98.00402628,,71.42999268
Mongolia,MNG,2016,5.200432777,,96.74391937,29.69343,,97.64021765,,66.97664642
Mongolia,MNG,2017,4.318223953,,93.27452087,30.37955,,96.3200636,,65.4128418
Mongolia,MNG,2018,3.997427225,96.89634705,97.20264435,30.38318,,96.7014589,91.14496608,65.64924622
Mongolia,MNG,2019,3.652369738,,96.70225525,,,96.09524453,89.15584236,67.62815857
Montenegro,MNE,2015,,,99.93222046,,,101.2036209,91.86341095,63.93727112
Montenegro,MNE,2016,,,97.46122742,,,100.1745911,90.55751801,59.18392181
Montenegro,MNE,2017,,,97.76406097,,,100.9432526,90.60222626,60.9102211
Montenegro,MNE,2018,,98.53440094,100.5366211,,,103.264473,91.44426727,58.18315125
Montenegro,MNE,2019,,,98.68656158,,,103.651741,91.84033203,56.26332092
Morocco,MAR,2015,5.133368969,,95.71690369,25.88159,,107.7627487,,28.69558907
Morocco,MAR,2016,5.085301876,,94.26103973,26.59118,,107.9843674,,32.26958084
Morocco,MAR,2017,4.735649586,,91.4058609,28.03417,20.26796,109.2592316,78.53610229,33.73701096
Morocco,MAR,2018,4.960227013,,91.3554306,26.80065,19.42453,110.3672333,79.01625824,35.62242126
Morocco,MAR,2019,5.003256798,,94.31922913,,,111.5162506,80.12779236,38.02486038
Mozambique,MOZ,2015,6.010834217,56.0,51.83055115,54.66026,39.68606,114.5095673,34.76219177,6.810039997
Mozambique,MOZ,2016,5.800869942,,,53.60539,,113.7423401,27.89423957,7.387899876
Mozambique,MOZ,2017,5.48664999,61.0,49.80384064,52.43683,36.54379,112.0080719,37.01137924,7.240449905
Mozambique,MOZ,2018,5.389760017,,55.00016022,55.27379,,116.089798,30.33686508,7.454080105
Mozambique,MOZ,2019,6.286394119,,58.01353073,,,119.0659866,31.9430628,7.301475048
Myanmar,MMR,2015,2.245604277,,,,,,,
Myanmar,MMR,2016,2.158088446,75.55120087,,22.04141,24.04989,117.9385223,67.00341034,
Myanmar,MMR,2017,2.166529894,,,23.04535,26.41848,120.0536804,71.26007843,
Myanmar,MMR,2018,1.992490053,,103.5884323,24.3599,27.24679,118.8519974,75.64698029,20.3939209
Myanmar,MMR,2019,1.999760032,89.0,,,,,,
Namibia,NAM,2015,9.850768089,,,,,129.0005632,,20.01991081
Namibia,NAM,2016,10.59279442,,,,,130.0841748,,22.00239944
Namibia,NAM,2017,9.708672523,,,,,133.5256985,,23.35707092
Namibia,NAM,2018,8.881122589,,100.3201675,25.09173,,134.2438881,,24.9616394
Namibia,NAM,2019,9.3225317,,,,,135.1364323,,27.74831009
Nauru,NRU,2015,6.252603054,,,,,98.24104235,,
Nauru,NRU,2016,7.985621929,,120.4255295,40.17778,24.8,111.7428894,77.01863098,
Nauru,NRU,2017,6.810566425,,,,,,,
Nauru,NRU,2019,6.011013031,,102.2140198,,,100.0,86.36036682,
Nepal,NPL,2015,3.294253588,,110.8179932,23.09923,28.57148,142.9910284,68.92825317,13.20596313
Nepal,NPL,2016,3.477112293,65.50100708,117.1851578,22.42122,28.90357,143.414505,71.81790161,11.97053719
Nepal,NPL,2017,3.52892375,,120.8017273,20.90655,28.82411,140.8214111,73.94235229,12.11094952
Nepal,NPL,2018,3.664405584,,,,,,,13.00632668
Nepal,NPL,2019,3.485680819,68.71250153,118.2105103,19.74396,28.2567,136.6656647,79.31681824,13.92241192
Netherlands,NLD,2015,5.34815979,,,11.62356,14.46276,106.0594177,114.1379166,80.16014862
Netherlands,NLD,2016,5.479599953,,,11.72995,14.40346,105.6803665,112.994278,79.8454895
Netherlands,NLD,2017,5.17509985,,,11.80592,14.51694,105.0394211,115.2252274,83.20098877
Netherlands,NLD,2018,5.357649803,,,,,104.5611115,114.5003204,83.65247345
Netherlands,NLD,2019,5.159860134,,,,,104.5789108,114.8041687,
New Zealand,NZL,2015,5.707349777,,,14.49628,13.81545,98.53813934,114.8899918,82.18184662
New Zealand,NZL,2016,5.505599976,,,14.6225,13.8189,98.58374786,113.687912,81.86335754
New Zealand,NZL,2017,5.28000021,,,14.91552,13.62875,98.48043823,112.9433136,81.26985931
New Zealand,NZL,2018,5.193089962,,,,,98.55297089,112.4110794,81.25131226
New Zealand,NZL,2019,5.177979946,,,,,98.2542038,120.2663193,77.58437347
Nicaragua,NIC,2015,4.078430176,82.61454773,,,,107.6729504,,17.34163666
Nicaragua,NIC,2016,4.081130028,,,,,111.5967808,,17.77479935
Nicaragua,NIC,2017,4.357679844,,,,,112.852788,,
Nicaragua,NIC,2018,3.573108912,,,,,110.1575867,,19.30881119
Nicaragua,NIC,2019,4.599919796,,,,,108.9485213,,17.76761436
Niger,NER,2015,4.486690044,,70.86245728,36.6289,27.95952,74.57254791,20.8979702,3.430030107
Niger,NER,2016,2.958430052,,74.75330353,36.2582,26.73945,76.65022278,24.11795998,3.654769897
Niger,NER,2017,2.578180075,,65.79386902,36.33661,29.73171,78.17942047,25.3490696,3.898819923
Niger,NER,2018,3.449569941,,,,,70.63747893,,4.619810104
Niger,NER,2019,3.526227236,,65.3655014,,,69.77816772,,4.433390141
Nigeria,NGA,2015,0.436954916,,,,,83.74982706,45.60858154,
Nigeria,NGA,2016,0.393045634,58.22134018,,,,81.91616821,40.91020966,
Nigeria,NGA,2017,0.39635402,,,,,76.46309922,,11.57855129
Nigeria,NGA,2018,0.419998497,62.01601028,,,,84.67606354,42.1684494,11.8107748
Nigeria,NGA,2019,0.358478993,,,,,83.25739133,,
North America,NAC,2015,4.835005045,,98.92378998,14.66827,15.01378,100.2614975,98.88262177,86.83013916
North America,NAC,2016,4.799849987,,98.85417938,14.5456,14.9758,101.1180725,99.89000702,86.98187256
North America,NAC,2017,5.026469946,98.753479,98.78457642,14.42705,14.94246,101.5518188,100.0619583,86.46787262
North America,NAC,2018,4.89199996,98.75978851,99.93427277,14.42524,14.93963,101.0554886,100.3299103,86.45507813
North America,NAC,2019,4.865200043,98.76516724,100.2917023,,,100.6895294,101.0052567,86.38194275
North Macedonia,MKD,2015,,,95.62700653,14.40654,9.42686,96.88581848,84.98362732,42.08118057
North Macedonia,MKD,2017,,,94.15418243,14.91335,8.74033,95.20240784,84.6865387,43.50976944
North Macedonia,MKD,2018,,,94.16026306,,,95.56038666,83.35339355,43.85478973
North Macedonia,MKD,2019,,,91.14946747,,,93.65384674,82.53128052,43.19910049
Norway,NOR,2015,7.523349762,,99.55799103,8.86857,8.63887,99.37404633,115.2101212,79.20642853
Norway,NOR,2016,7.984449863,,99.20728302,9.01206,8.72728,99.22612762,116.6455078,82.0374527
Norway,NOR,2017,7.845980167,,99.49916077,8.59418,8.57685,99.271492,117.3014603,83.7353363
Norway,NOR,2018,7.595630169,,99.47567749,,,99.17442322,117.7147064,85.38835144
Norway,NOR,2019,7.864560127,,99.33802795,,,99.08065033,119.4213409,85.76338196
OECD members,OED,2015,4.99559021,,99.95082855,15.65422,13.74787,102.9199295,105.4310532,72.02503204
OECD members,OED,2016,4.839230061,,102.4350204,15.41332,13.62644,102.8534012,105.7672806,73.94561005
OECD members,OED,2017,4.961319923,,99.23049927,15.33363,13.63641,102.4378204,106.6900101,74.79537201
OECD members,OED,2018,4.930089951,,98.74298859,15.32034,13.67666,102.2915115,106.4578171,75.49506378
OECD members,OED,2019,4.985929966,,99.43834686,,,102.3418503,106.6490326,76.41796112
Oman,OMN,2015,,93.0,99.00985718,,,104.035347,102.1727295,45.18989182
Oman,OMN,2016,,,101.0865021,,,103.3131714,102.6090927,46.82350922
Oman,OMN,2017,5.995940208,96.0,106.8518829,10.12768,9.97437,103.7058487,101.8067474,43.57677841
Oman,OMN,2018,4.585659981,96.0,97.84481049,9.67394,10.21867,101.0799026,104.0584869,44.95402145
Oman,OMN,2019,5.063630104,,99.24761963,,,99.67182159,102.22155,45.17232132
Other small states,OSS,2015,5.144189835,84.14009857,82.70610809,23.55641,14.44537,103.7690201,67.78128052,19.28310013
Other small states,OSS,2016,5.15763998,84.58422089,82.8263092,23.2841,13.76732,103.4660873,68.43235779,19.20532036
Other small states,OSS,2017,4.961319923,84.98207855,82.76764679,23.05043,13.69945,103.5011292,69.34050751,19.80801964
Other small states,OSS,2018,4.874409676,85.29360962,83.05024719,22.81707,13.96217,103.0714111,70.03063965,20.08431053
Other small states,OSS,2019,4.877275229,85.54016876,82.9592514,,,102.8376236,70.673172,20.93725014
Pacific island small states,PSS,2015,,,95.65766144,23.90217,,105.6667709,72.25686646,19.48320961
Pacific island small states,PSS,2016,,,95.46009827,23.02266,,106.3994827,72.43161774,20.25271988
Pacific island small states,PSS,2017,,,95.61026764,23.17797,,107.1622009,72.61608887,21.02267075
Pacific island small states,PSS,2018,,,95.36612701,23.07468,,106.878952,72.80879974,21.80657005
Pacific island small states,PSS,2019,,,95.65891266,,,107.964119,73.00885773,22.45768929
Pakistan,PAK,2015,2.38609004,,,46.34065,21.12687,74.84799088,35.17425222,8.611710548
Pakistan,PAK,2016,2.417211771,,57.83693695,47.63465,21.35147,79.8399702,36.35336799,8.478245735
Pakistan,PAK,2017,2.136656761,59.0,,44.78201,19.38545,78.84305835,35.85267618,8.800550461
Pakistan,PAK,2018,2.332169533,57.0,62.08560181,44.0773,20.39658,82.03330642,37.74951303,8.392416954
Pakistan,PAK,2019,2.21491766,58.0,63.49869537,,,83.18457523,39.616654,11.34723473
Palau,PLW,2015,,97.0,,,,,,
Panama,PAN,2015,3.366699934,,,21.89367,13.32796,96.01239777,77.00920105,47.93227005
Panama,PAN,2016,3.429130077,,,21.44301,14.50099,93.10311127,83.02870941,48.72827148
Panama,PAN,2017,3.493750095,,89.86501312,21.96162,13.5809,94.59703064,76.9188385,
Panama,PAN,2018,3.453569889,95.0,92.76283264,,,98.69105971,,
Panama,PAN,2019,3.093294144,96.0,86.46233368,,,93.07832336,,
Papua New Guinea,PNG,2015,1.666000009,,,,,,,
Papua New Guinea,PNG,2016,0.846000016,,73.65702057,35.52165,34.2964,103.6899796,,
Papua New Guinea,PNG,2017,1.964930058,70.06368256,,,,,,
Papua New Guinea,PNG,2018,1.874830008,,,,,109.5014038,44.41078186,
Papua New Guinea,PNG,2019,0.736999989,,,,,,,
Paraguay,PRY,2015,3.333778143,96.0,95.65579224,,,98.23418104,,
Paraguay,PRY,2016,3.434979916,95.0,95.53607178,,,98.11753845,82.36054993,
Paraguay,PRY,2017,3.090620756,,,,,,,
Paraguay,PRY,2018,3.296195984,94.0,,,,,,
Paraguay,PRY,2019,3.489830256,93.0,,,,89.88820859,75.85639384,
Peru,PER,2015,3.969330072,94.0,101.715332,17.9767,14.09055,99.69332123,99.5942688,
Peru,PER,2016,3.813169956,94.0,102.232048,18.31765,14.33983,100.1174698,101.3446808,73.33019257
Peru,PER,2017,3.931309938,94.0,92.08036041,17.93677,14.57939,98.021492,100.2095718,71.24655151
Peru,PER,2018,3.713920116,94.0,89.45751953,17.38724,14.20042,99.03289795,98.60951996,
Peru,PER,2019,3.822429895,,91.06607819,,,102.4861221,97.70298004,
Philippines,PHL,2015,2.830523014,98.0,,30.26629,26.22974,108.6643951,86.64094709,38.10377502
Philippines,PHL,2016,3.301280975,,,28.98824,23.52214,106.2157413,87.1297235,40.48574829
Philippines,PHL,2017,3.963840961,,104.4364548,29.08352,23.88062,103.1825504,84.50405884,35.40542603
Philippines,PHL,2018,3.855027676,,110.8821869,,,98.09214045,82.0352411,29.42863846
Philippines,PHL,2019,3.407486439,96.0,101.023819,,,95.9793329,87.57078406,31.23676491
Poland,POL,2015,4.817009926,,99.46398926,,9.3184,,109.4147873,69.37319946
Poland,POL,2016,4.659110069,,100.4373398,,9.19768,,109.1172485,69.85037994
Poland,POL,2017,4.574649811,,105.238327,10.18051,9.09854,97.68032837,109.4592209,70.61746216
Poland,POL,2018,4.605060101,,94.18228149,,,94.48976135,110.5419388,71.02174377
Poland,POL,2019,4.67881012,,94.6803894,,,94.94496155,109.7533035,70.90650177
Portugal,PRT,2015,4.885540009,,,13.30619,9.9287,107.0115967,116.8717422,61.85820007
Portugal,PRT,2016,4.770905972,,,12.7774,9.64497,105.8052902,115.6400909,63.26557159
Portugal,PRT,2017,5.015610218,,,12.35346,9.51599,104.9138336,117.4266281,64.16982269
Portugal,PRT,2018,4.675159931,,99.7984314,,,104.9794617,118.4562073,65.02790833
Portugal,PRT,2019,4.630020142,,101.2999878,,,105.1829224,119.5350418,65.93405151
Post-demographic dividend,PST,2015,4.930630207,,98.36618805,14.30129,12.66088,100.8125763,105.6886368,77.57515717
Post-demographic dividend,PST,2016,4.896224499,,98.05779266,14.13223,12.54451,101.0092392,105.5545273,78.00714111
Post-demographic dividend,PST,2017,4.915899992,,97.95050812,14.10818,12.53682,101.3309708,105.692482,78.16821289
Post-demographic dividend,PST,2018,4.912554979,,97.98110962,14.12635,12.57776,101.1753922,105.054039,78.46250916
Post-demographic dividend,PST,2019,4.95746994,,98.66578674,,,101.1827621,105.2520981,79.40354919
Pre-demographic dividend,PRE,2015,3.17298007,60.47603989,67.53005981,35.34598,19.77498,95.68466949,41.52080154,8.440799713
Pre-demographic dividend,PRE,2016,2.905220032,61.07239914,67.86473846,35.41145,20.42466,95.55474091,41.08683014,8.503979683
Pre-demographic dividend,PRE,2017,3.652347445,62.14514923,68.18907928,35.40572,20.29485,95.82570648,41.54949951,8.590809822
Pre-demographic dividend,PRE,2018,3.267304897,63.77333832,68.74906921,35.41248,20.52323,96.39057922,41.96918869,8.691149712
Pre-demographic dividend,PRE,2019,3.4696486,63.98616028,68.65792084,,,96.99726105,42.55995178,8.702569962
Puerto Rico,PRI,2015,,,90.60420227,13.89943,18.9141,103.2472534,99.72260284,98.27303314
Puerto Rico,PRI,2016,,,,13.53647,17.15997,98.07723236,89.11045074,99.67796326
Puerto Rico,PRI,2017,,92.0,,,,,,
Puerto Rico,PRI,2018,,,85.77120209,,,100.4305267,93.11354828,102.1524734
Qatar,QAT,2015,,,94.36871338,11.62677,10.68863,101.9823685,101.9468307,15.93398952
Qatar,QAT,2016,,,95.54351807,11.6276,10.24306,104.0461731,97.93940735,14.81636047
Qatar,QAT,2017,2.967459917,,99.11260223,11.77467,10.41565,106.431633,102.3064194,16.77743912
Qatar,QAT,2018,,,99.82433319,12.1676,11.04303,107.3344879,102.4454575,17.44582939
Qatar,QAT,2019,2.803780079,,100.5073624,,,103.5798492,107.0728683,21.09313965
Romania,ROU,2015,3.106950045,,92.9707489,18.90704,12.09628,89.05341339,91.33770752,49.36098862
Romania,ROU,2016,3.025599957,,89.26061249,19.32759,12.11967,87.58959198,88.7795105,49.91131973
Romania,ROU,2017,3.118200064,,,19.33481,12.07981,87.2723999,88.38432312,50.51081848
Romania,ROU,2018,3.319180012,,87.99362183,,,91.37512207,86.55771637,51.99435043
Romania,ROU,2019,3.566950083,,87.55349731,,,92.61399841,86.40740967,52.44396973
Russian Federation,RUS,2015,3.834029913,,97.34127808,20.14375,,98.38278198,96.32926178,84.23557281
Russian Federation,RUS,2016,3.760440111,,94.93540955,20.61869,,98.33412933,95.91426849,83.86003876
Russian Federation,RUS,2017,4.689909935,,,21.25883,,100.767601,97.52062988,81.70510101
Russian Federation,RUS,2018,4.678199768,,99.5994873,,,102.0685577,99.21350098,81.5681076
Russian Federation,RUS,2019,3.695614338,,100.0243378,,,101.8323364,100.4717407,80.95207214
Rwanda,RWA,2015,3.647119999,,63.19805908,58.34317,19.21098,137.2431946,39.40990067,7.53125
Rwanda,RWA,2016,3.434839964,,67.74500275,58.45684,18.57893,140.6200256,38.50624084,7.578070164
Rwanda,RWA,2017,3.124739885,,76.0721817,57.85938,20.08785,139.3099518,39.6912117,7.344880104
Rwanda,RWA,2018,3.073750019,73.0,84.2233429,59.50859,28.24773,137.1293488,41.17969131,6.760950089
Rwanda,RWA,2019,3.238680601,,95.97730255,,,138.0200806,44.07789993,6.314290047
Samoa,WSM,2015,4.615190029,,103.4143295,,,105.461257,84.08760069,
Samoa,WSM,2016,4.349683762,,106.1733551,,,105.9830448,84.45225085,
Samoa,WSM,2017,3.962319136,,103.9785614,,,105.056753,,12.58715248
Samoa,WSM,2018,4.26097393,,102.8618469,,,103.6454096,,13.56422901
Samoa,WSM,2019,4.39581728,97.99025726,104.0795822,,,103.9630119,,13.12307644
San Marino,SMR,2015,3.119142771,,,,,94.76162448,96.68158091,
San Marino,SMR,2016,3.337201595,,,,,,,
San Marino,SMR,2017,3.369970083,,,,,,,
San Marino,SMR,2018,3.555160046,,95.14286041,6.93061,5.84099,95.12605286,60.32846832,45.42102051
San Marino,SMR,2019,3.379699945,,93.93139648,,,94.61934662,61.00582886,50.235569
Sao Tome and Principe,STP,2015,4.697949886,,88.82169342,38.77644,20.75328,107.2639465,82.37638092,12.8975296
Sao Tome and Principe,STP,2016,6.115159988,,79.17767334,32.15018,24.82051,108.0517807,83.86701202,17.69459152
Sao Tome and Principe,STP,2017,5.874899864,,84.65319061,31.15842,,109.6292801,90.38037872,17.40194702
Sao Tome and Principe,STP,2018,5.624549866,,85.1124115,,,111.1627223,83.64956111,10.12522697
Sao Tome and Principe,STP,2019,5.899310589,87.4384613,87.96796417,,,111.996419,78.3800562,10.28858185
Saudi Arabia,SAU,2015,,,,10.89539,10.26494,102.6921463,103.2760086,56.55057144
Saudi Arabia,SAU,2016,,,,11.70128,10.48578,103.4481506,105.0498962,64.65511322
Saudi Arabia,SAU,2017,,95.0,100.3297424,12.22675,11.14518,106.08535,105.574379,72.48166656
Saudi Arabia,SAU,2018,,,101.8686218,13.81495,11.52893,105.4315491,105.8828583,74.52581787
Saudi Arabia,SAU,2019,,,98.50849152,,,103.1577835,104.4500198,79.61306763
Senegal,SEN,2015,5.45637989,43.59273148,59.00497818,32.09004,20.37208,84.87368774,51.2827301,10.92908001
Senegal,SEN,2016,5.113090038,46.09963989,,31.74299,19.65404,83.90034577,,11.13082027
Senegal,SEN,2017,4.74007988,52.0,,32.81273,18.88356,84.46053021,,11.77353001
Senegal,SEN,2018,5.110199928,46.60591125,,36.31817,,84.30791403,,13.05908012
Senegal,SEN,2019,5.035270214,46.83367157,61.59621048,,,83.35813141,45.94152832,13.3833704
Serbia,SRB,2015,,,101.9165726,15.24293,8.45036,102.1821899,97.15955353,58.95254135
Serbia,SRB,2016,3.63470006,99.0,100.0825272,14.5183,8.22827,101.1082001,96.49948883,62.91427994
Serbia,SRB,2017,3.710160017,,100.6136475,14.28392,8.08165,100.7224121,95.6576767,67.58305359
Serbia,SRB,2018,3.582319975,,98.26622772,14.2927,7.946,100.45755,95.25666046,68.32183075
Serbia,SRB,2019,3.616470098,99.0,98.36312866,,,99.63455963,94.57119751,69.04138184
Seychelles,SYC,2015,4.914609909,,123.2677536,13.72171,11.98379,119.9411926,92.09117126,16.43379021
Seychelles,SYC,2016,4.021309853,,128.5237732,13.98602,11.6348,126.2191696,101.7127991,25.63588905
Seychelles,SYC,2017,4.235365391,,140.5458069,14.03261,11.5937,132.2358856,112.3112106,42.20819855
Seychelles,SYC,2018,4.35177803,,128.931366,14.48826,10.7789,123.7204285,108.2740631,38.85813141
Seychelles,SYC,2019,4.050551414,,150.4568481,,,119.3158722,100.825882,41.29703903
Sierra Leone,SLE,2015,,,59.05435562,33.75042,20.54128,116.4020562,38.51055908,
Sierra Leone,SLE,2016,2.911339998,,68.67211914,37.33182,22.04465,118.6400761,40.70568848,
Sierra Leone,SLE,2017,4.660860062,44.83317947,69.05448151,39.43821,,122.3208013,40.0794487,
Sierra Leone,SLE,2018,6.989627838,,80.01641846,27.52246,,110.4816307,41.57165146,
Sierra Leone,SLE,2019,7.447011948,43.57778168,81.66159058,,,140.3677028,58.95473099,
Singapore,SGP,2015,2.863093376,97.0,,,,101.6720317,107.7813505,
Singapore,SGP,2016,2.8713305,97.0,99.78926849,15.0593,11.65009,100.7732086,107.8590088,83.940979
Singapore,SGP,2017,2.756848097,97.0,99.25823975,14.69428,11.47558,100.6269531,107.5746002,84.79290771
Singapore,SGP,2018,2.856600046,97.0,99.92182922,,,100.2618713,105.8442993,88.88645172
Singapore,SGP,2019,2.729510069,97.0,98.07794952,,,100.6925812,104.7149582,91.08898926
Sint Maarten (Dutch part),SXM,2015,,,,,,,,4.194590092
Sint Maarten (Dutch part),SXM,2017,,,,,,,,4.195280075
Slovak Republic,SVK,2015,4.578430176,,93.85343933,15.24933,11.15229,98.3121109,91.89572906,52.72066879
Slovak Republic,SVK,2016,3.900789976,,93.71685028,15.2188,11.0616,97.62104034,91.45343781,50.30144882
Slovak Republic,SVK,2017,3.932209969,,94.31301117,15.53919,11.06981,98.26595306,91.25359344,49.12561035
Slovak Republic,SVK,2018,3.952909946,,92.12580109,,,97.02443695,91.78153992,47.81383133
Slovak Republic,SVK,2019,4.273119926,,91.51930237,,,97.99459839,91.32469177,48.19023895
Slovenia,SVN,2015,4.909530163,,98.24542236,16.90462,10.20569,98.3815918,109.65522,82.19978333
Slovenia,SVN,2016,4.792669773,,96.56419373,13.80157,9.69943,97.98158264,115.2169418,79.4747467
Slovenia,SVN,2017,4.780539989,,97.46740723,,,98.1781311,114.5955963,79.2703476
Slovenia,SVN,2018,4.934559822,,97.79572296,,,99.46309662,113.5561676,77.3015976
Slovenia,SVN,2019,4.891530037,,97.25195313,,,99.84181976,111.3695679,76.47200775
Small states,SST,2015,5.144189835,85.68604279,85.19930267,22.66048,14.91021,103.0936279,71.18180084,19.86231995
Small states,SST,2016,5.15763998,86.0087738,85.04592133,22.40378,14.50623,102.8478317,71.94165039,19.86746979
Small states,SST,2017,4.961319923,86.30052185,84.97335815,22.2065,14.25567,102.9248123,72.39376831,20.37566948
Small states,SST,2018,4.874409676,86.53237915,84.8971405,22.18372,14.52619,102.6710663,72.74282837,20.58706093
Small states,SST,2019,4.877275229,86.74028778,85.02490997,,,102.4039612,73.30014801,21.2356205
Solomon Islands,SLB,2015,,,87.40351105,25.73093,,111.437063,,
Solomon Islands,SLB,2016,,,87.41944122,25.15321,,112.1745773,,
Solomon Islands,SLB,2017,,,87.01580811,25.77788,,110.800368,,
Solomon Islands,SLB,2018,,,84.86030579,25.41046,,105.1619403,,
Solomon Islands,SLB,2019,,,84.01403046,,,104.3181021,,
South Africa,ZAF,2015,5.482850075,94.0,96.14660645,30.3322,27.78203,111.6782532,110.1689301,18.85560989
South Africa,ZAF,2016,5.444240093,91.73724365,94.98459625,,26.84814,107.6190033,109.7740784,18.96497917
South Africa,ZAF,2017,5.598670006,87.0,,,27.61705,104.8548813,111.6274033,21.41712952
South Africa,ZAF,2018,5.644010067,,96.39317322,,,101.9501114,108.5205688,23.38998032
South Africa,ZAF,2019,5.911580086,95.0,96.63613129,,,101.2564926,111.2068024,24.01927948
South Asia,SAS,2015,2.820945024,69.78215027,91.90292358,32.7214,30.44821,106.9681473,67.75237274,22.98035049
South Asia,SAS,2016,3.353201151,71.10578156,91.98861694,35.55419,28.20535,112.202919,69.25184631,23.09477043
South Asia,SAS,2017,3.061046839,71.66783142,91.88387299,33.24849,26.97132,110.7663498,67.947258,23.5852108
South Asia,SAS,2018,2.332169533,72.19206238,91.07060242,33.24669,27.19053,99.88430023,69.34668732,24.19322968
South Asia,SAS,2019,2.850299239,71.96602631,91.02485657,,,99.20967865,69.38990784,25.2488308
South Asia (IDA & IBRD),TSA,2015,2.820945024,69.78215027,91.90292358,32.7214,30.44821,106.9681473,67.75237274,22.98035049
South Asia (IDA & IBRD),TSA,2016,3.353201151,71.10578156,91.98861694,35.55419,28.20535,112.202919,69.25184631,23.09477043
South Asia (IDA & IBRD),TSA,2017,3.061046839,71.66783142,91.88387299,33.24849,26.97132,110.7663498,67.947258,23.5852108
South Asia (IDA & IBRD),TSA,2018,2.332169533,72.19206238,91.07060242,33.24669,27.19053,99.88430023,69.34668732,24.19322968
South Asia (IDA & IBRD),TSA,2019,2.850299239,71.96602631,91.02485657,,,99.20967865,69.38990784,25.2488308
South Sudan,SSD,2015,1.465559959,,20.55478668,46.75029,27.47489,71.6985321,11.23095036,
South Sudan,SSD,2016,1.565392256,,,,,,,0.657831848
South Sudan,SSD,2018,,34.52275848,,,,,,1.002173305
Spain,ESP,2015,4.284570217,98.0,96.10134888,13.18623,11.98294,102.1442337,124.85466,88.57424927
Spain,ESP,2016,4.225440025,98.0,94.70131683,12.99102,11.60931,102.1300964,123.2698898,89.80677795
Spain,ESP,2017,4.205520153,,96.67601776,13.13172,11.56883,102.5051193,120.5559235,91.88774109
Spain,ESP,2018,4.179490089,98.0,95.67240143,,,102.6387177,119.4301987,92.17488861
Spain,ESP,2019,4.230219841,,96.63710785,,,103.185318,118.5247192,91.02026367
Sri Lanka,LKA,2015,2.109980106,,95.02137756,23.15243,,97.529105,94.79275949,18.69140816
Sri Lanka,LKA,2016,3.229290009,92.0,96.02176666,23.16642,17.42213,97.53140438,94.20899047,17.80683899
Sri Lanka,LKA,2017,2.593169928,92.0,97.05101776,22.93257,17.44801,97.64883842,94.26805817,17.94799805
Sri Lanka,LKA,2018,1.987810016,92.0,,21.73735,17.52875,97.27960308,96.13187574,18.67174721
Sri Lanka,LKA,2019,,92.0,95.86188507,,,97.27720773,,20.21912575
St. Kitts and Nevis,KNA,2015,2.549380064,,118.1415863,15.09945,8.31985,113.6382523,113.4822617,92.1944809
St. Kitts and Nevis,KNA,2016,3.124359369,,110.6481476,13.87277,7.9222,114.4416504,114.634819,
St. Kitts and Nevis,KNA,2017,3.159015894,,,,,,,
St. Kitts and Nevis,KNA,2018,3.034195423,,,,,,,
St. Kitts and Nevis,KNA,2019,2.986513615,,,,,116.5730337,,
St. Lucia,LCA,2015,3.880880117,,,15.4614,11.73623,95.74819183,91.54831696,17.00725937
St. Lucia,LCA,2016,5.209549904,,93.60217285,15.12879,11.78644,96.40072632,90.21392059,19.80537987
St. Lucia,LCA,2017,3.63334322,,89.64827728,15.2315,11.41776,96.7399826,89.36434937,20.79093933
St. Lucia,LCA,2018,3.332779884,,91.50595093,14.73909,11.14556,97.92115784,89.19818115,14.69777012
St. Lucia,LCA,2019,3.272670031,,92.8542099,,,98.74157715,88.87676239,16.01026917
St. Vincent and the Grenadines,VCT,2015,4.956152439,,109.4053421,14.89632,15.01606,115.0111895,118.1076965,23.5599308
St. Vincent and the Grenadines,VCT,2016,5.437374115,,112.8544388,14.51432,14.33003,114.3489583,,23.74003792
St. Vincent and the Grenadines,VCT,2017,5.379749775,,105.4627228,14.39337,14.36506,113.8636364,,26.01284218
St. Vincent and the Grenadines,VCT,2018,6.1611166,,118.3408966,14.39258,13.8727,115.231441,,26.30186462
St. Vincent and the Grenadines,VCT,2019,,,113.2992325,,,113.1163278,127.7196653,29.94566536
Sub-Saharan Africa,SSF,2015,3.647119999,64.28751373,67.76159668,37.50596,21.00043,96.68704224,43.51018906,9.013839722
Sub-Saharan Africa,SSF,2016,3.16945529,64.87825775,68.19146729,37.50599,21.49,96.73047638,42.96709824,9.032950401
Sub-Saharan Africa,SSF,2017,3.736540079,65.2303009,68.57885742,37.36845,21.30319,97.12241364,43.18209076,9.180890083
Sub-Saharan Africa,SSF,2018,3.38626492,66.81656647,69.37561798,37.36194,21.60546,97.67604065,43.34434891,9.292329788
Sub-Saharan Africa,SSF,2019,3.555049896,67.44165039,69.76689911,,,98.43328857,43.98403168,9.314490318
Sub-Saharan Africa (IDA & IBRD countries),TSS,2015,3.647119999,64.28751373,67.76159668,37.50596,21.00043,96.68704224,43.51018906,9.013839722
Sub-Saharan Africa (IDA & IBRD countries),TSS,2016,3.16945529,64.87825775,68.19146729,37.50599,21.49,96.73047638,42.96709824,9.032950401
Sub-Saharan Africa (IDA & IBRD countries),TSS,2017,3.736540079,65.2303009,68.57885742,37.36845,21.30319,97.12241364,43.18209076,9.180890083
Sub-Saharan Africa (IDA & IBRD countries),TSS,2018,3.38626492,66.81656647,69.37561798,37.36194,21.60546,97.67604065,43.34434891,9.292329788
Sub-Saharan Africa (IDA & IBRD countries),TSS,2019,3.555049896,67.44165039,69.76689911,,,98.43328857,43.98403168,9.314490318
Sub-Saharan Africa (excluding high income),SSA,2015,3.647119999,64.28331757,67.75898743,37.50958,21.00242,96.68598938,43.50730133,9.013349533
Sub-Saharan Africa (excluding high income),SSA,2016,3.16945529,64.87419128,68.18863678,37.50943,21.49227,96.72924805,42.96401978,9.032099724
Sub-Saharan Africa (excluding high income),SSA,2017,3.736540079,65.22631836,68.57605743,37.37176,21.30533,97.12104034,43.17892838,9.179829597
Sub-Saharan Africa (excluding high income),SSA,2018,3.38626492,66.81282806,69.37309265,37.36509,21.60801,97.67495728,43.34132004,9.291489601
Sub-Saharan Africa (excluding high income),SSA,2019,3.555049896,67.43804169,69.76406097,,,98.43240356,43.9813118,9.313570023
Sudan,SDN,2015,,,63.04476929,,,76.19315338,47.60297012,17.2059803
Sudan,SDN,2016,,,64.17162323,,,77.64627838,46.16238022,
Sudan,SDN,2017,,,66.07209778,,,77.05299377,48.97964096,
Sudan,SDN,2018,,60.6971817,66.56889343,,,77.76931763,48.36204147,
Suriname,SUR,2015,5.534796238,,83.61398315,13.33105,11.97658,108.6305084,73.01000977,
Suriname,SUR,2016,5.640519142,,81.36550903,13.35066,,107.4011762,,
Suriname,SUR,2017,5.458612919,,79.27082062,12.92371,,104.5882721,,
Suriname,SUR,2018,4.922593594,,79.52462769,13.39335,,103.7156219,75.99172974,
Suriname,SUR,2019,6.778573036,,83.64533234,,,103.424763,,
Sweden,SWE,2015,7.443900108,,99.31504059,12.09754,12.87345,119.6241913,137.4629669,66.42832184
Sweden,SWE,2016,7.618619919,,99.68985748,12.3537,12.90017,121.4487991,137.5611572,68.3060379
Sweden,SWE,2017,7.568830013,,100.0690613,12.23325,13.07043,122.8960571,142.6415863,70.43424988
Sweden,SWE,2018,7.640840054,,99.87551117,,,123.7546616,140.8217468,73.4083786
Sweden,SWE,2019,7.638510227,,98.95915985,,,120.5968018,136.6410065,75.11485291
Switzerland,CHE,2015,4.99559021,,96.63136292,,,102.1559296,103.9133911,60.81856155
Switzerland,CHE,2016,4.981639862,,94.90242767,10.13562,9.7742,101.9025269,104.0951309,61.1939888
Switzerland,CHE,2017,5.017650127,,95.35915375,9.92873,9.82943,101.8333282,103.9000626,62.45972061
Switzerland,CHE,2018,4.930089951,,94.42372131,,,101.8372421,104.1880264,64.35339355
Switzerland,CHE,2019,5.014389992,,93.59322357,,,101.5930481,104.0711136,66.30934143
Syrian Arab Republic,SYR,2015,,,,,,,,51.16595078
Syrian Arab Republic,SYR,2016,,,,,,,,46.58401871
Tajikistan,TJK,2015,4.967740059,,92.20542145,22.28986,,91.26616669,,26.46244049
Tajikistan,TJK,2016,5.730941296,,89.63214111,22.19159,,93.08403015,,29.12254906
Tajikistan,TJK,2017,5.544717789,,90.25110626,22.30051,,95.91313934,,31.11407089
Tajikistan,TJK,2018,5.38508749,,,,,,,
Tajikistan,TJK,2019,5.484276295,,,,,,,
Tanzania,TZA,2015,4.194865704,78.0,64.65573883,,,83.42218782,27.23949051,4.155891895
Tanzania,TZA,2016,4.101967335,,60.75336838,41.76673,15.93942,84.00874302,26.38563428,3.945859909
Tanzania,TZA,2017,4.400383472,,66.67028046,47.15284,17.11346,87.62282793,26.8233018,
Tanzania,TZA,2018,3.963435888,,66.62596893,50.63304,20.86254,92.35215776,28.77326191,
Tanzania,TZA,2019,3.596836329,,63.59152222,,,94.78174584,30.15660959,3.024228573
Thailand,THA,2015,3.86397624,93.0,,16.88246,28.15431,105.3058472,126.0359879,
Thailand,THA,2016,3.767617464,91.98139954,,16.65791,26.63435,107.0563889,124.4461212,49.50847244
Thailand,THA,2017,3.465321541,,98.33695984,16.88809,26.36914,103.2221608,109.5026392,47.7228775
Thailand,THA,2018,3.197694063,94.0,99.13101196,16.63844,25.94603,103.2130976,109.7327238,46.53995132
Thailand,THA,2019,3.022214174,91.26914978,101.0628128,,,104.0361983,109.3787432,45.44073868
Timor-Leste,TLS,2015,6.292498112,,101.3895416,,,126.8185866,73.05784377,
Timor-Leste,TLS,2016,6.012009621,65.77912903,97.63310242,,,123.866366,77.54676148,
Timor-Leste,TLS,2017,5.200522423,,97.00253296,27.65483,27.28978,117.9575135,81.14811346,
Timor-Leste,TLS,2018,4.874409676,,100.5971298,26.94886,26.54835,113.7504409,83.10188889,
Timor-Leste,TLS,2019,4.179688931,,102.6245041,,,111.4700738,85.31665611,
Togo,TGO,2015,3.710979939,64.0,,44.20973,,128.2515869,,11.03913021
Togo,TGO,2016,3.662480116,,93.82002258,41.39676,,124.6898575,,12.32448006
Togo,TGO,2017,3.765269995,,92.55319977,40.12613,,123.1641617,61.23852158,12.52330017
Togo,TGO,2018,4.091629982,,90.13722229,40.14504,,121.9148712,,13.09813976
Togo,TGO,2019,4.201668262,67.0,86.70201111,,,121.9710617,,13.32341957
Tonga,TON,2015,,,,21.63312,14.5488,117.3600553,103.2612248,
Tonga,TON,2017,5.059225082,,,,,,,
Tonga,TON,2018,4.969455242,,,,,116.087776,,
Tonga,TON,2019,5.273229599,91.05162048,,,,113.3120341,96.09330909,
Trinidad and Tobago,TTO,2015,4.453393459,,,,,,,
Trinidad and Tobago,TTO,2016,4.172309875,,,,,,,
Trinidad and Tobago,TTO,2017,3.529951572,,,,,,,
Trinidad and Tobago,TTO,2018,3.640172958,,,,,,,
Trinidad and Tobago,TTO,2019,3.542849541,,,,,,,
Tunisia,TUN,2015,6.220449924,,97.26052094,15.79669,,106.1118317,86.76495361,33.05807877
Tunisia,TUN,2016,,,91.18084717,16.18367,,106.1781616,91.17043304,31.18655968
Tunisia,TUN,2017,,,86.93196869,16.57185,,106.5720291,,31.01753044
Tunisia,TUN,2018,,79.47511292,,16.87168,,106.2006683,,31.14035034
Tunisia,TUN,2019,6.173732281,81.0,,,,,,31.82082939
Turkiye,TUR,2015,4.305500031,96.0,98.8300705,18.40513,18.45287,107.2941818,107.243187,95.56450653
Turkiye,TUR,2016,4.627739906,96.0,134.5456085,,,105.283287,108.5475616,103.7155838
Turkiye,TUR,2017,4.323689938,96.0,92.59565735,16.97782,17.34797,97.49189758,112.9773331,110.5340729
Turkiye,TUR,2018,4.297299862,,91.03608704,,,100.9312515,112.1154099,115.4624634
Turkiye,TUR,2019,4.447760105,97.0,96.62599182,,,103.9629593,111.9104004,117.0054703
Turkmenistan,TKM,2019,3.120549917,,,,,107.7023315,85.90278625,12.97550011
Turks and Caicos Islands,TCA,2015,2.985261917,,71.49028015,,9.58571,93.66630474,80.4947283,12.51641178
Turks and Caicos Islands,TCA,2016,2.907445669,,,,,,73.88483374,11.13811302
Turks and Caicos Islands,TCA,2017,2.472782135,,,,,107.2468793,84.98363339,11.84465981
Turks and Caicos Islands,TCA,2018,2.867230415,,152.8066559,17.69231,10.06957,128.8064423,95.26943645,11.36450005
Turks and Caicos Islands,TCA,2019,3.029716015,,,,,119.4900454,91.09278351,11.76029968
Tuvalu,TUV,2015,,,107.8048782,12.71795,6.16746,113.1558914,88.835289,
Tuvalu,TUV,2016,,,101.477829,17.19481,8.3806,99.47408295,79.3079071,
Tuvalu,TUV,2018,,,94.2307663,15.57647,8.64286,96.01159668,80.42835999,
Tuvalu,TUV,2019,,,89.7674408,,,94.2307663,81.11110687,
Uganda,UGA,2015,2.32152009,,53.32011795,42.9168,,103.624588,,4.915594101
Uganda,UGA,2016,2.1378901,69.10131836,54.77856064,42.72062,,105.9135895,26.32732894,4.756202698
Uganda,UGA,2017,2.253639936,,52.97032166,42.65911,,105.5263214,24.00033467,
Uganda,UGA,2018,2.130520105,,,,,,,
Uganda,UGA,2019,2.308280706,,,,,,,
Ukraine,UKR,2015,5.742568493,,88.57595825,12.38447,6.97019,87.8509903,90.50289917,76.86466217
Ukraine,UKR,2016,5.00977993,,86.1604538,12.75838,7.03673,87.40920258,88.54575348,77.0398407
Ukraine,UKR,2017,5.417079926,,87.53417206,12.99453,7.20581,88.21408844,86.78869629,80.19902039
Ukraine,UKR,2018,5.319920063,,83.90885925,12.98011,7.33711,88.57288361,85.83319092,81.49466705
Ukraine,UKR,2019,5.441299915,,89.05339813,,,90.68096924,84.45683289,84.48136139
United Arab Emirates,ARE,2015,,,79.8213501,23.61794,,91.78270721,,
United Arab Emirates,ARE,2016,,,,24.52278,9.54885,88.74154663,79.02127075,
United Arab Emirates,ARE,2017,,,,,,81.79920197,81.25235748,
United Arab Emirates,ARE,2019,3.860209942,98.0,84.04763794,,,90.93608856,82.35688782,56.56842041
United Kingdom,GBR,2015,5.55452013,,98.85903931,,15.45905,100.15802,126.09478,56.39712906
United Kingdom,GBR,2016,5.427959919,,98.50179291,15.05392,,100.319931,,58.01910019
United Kingdom,GBR,2017,5.452569962,,98.43099213,15.13275,16.61873,100.6952209,125.7314301,59.55479813
United Kingdom,GBR,2018,5.204370022,,98.47547913,,,101.2196808,120.1904526,61.0918808
United Kingdom,GBR,2019,5.261159897,,100.144722,,,101.7882538,117.2333374,65.52494049
United States,USA,2015,4.930630207,,,14.45723,14.69697,100.2999115,97.65254974,88.88941193
United States,USA,2016,4.783279896,,,,,101.3628616,98.76992798,88.83505249
United States,USA,2017,5.092969894,,98.8321991,14.19857,14.62452,101.8214417,98.95233917,88.16738892
United States,USA,2018,4.895020008,,100.0926971,,,101.2565613,99.27558136,88.29917908
United States,USA,2019,4.95746994,,100.4890518,,,100.9813004,100.0634308,87.88871002
Upper middle income,UMC,2015,4.346328259,94.53935242,94.40219879,18.32687,14.59857,102.805748,92.8846283,46.91701126
Upper middle income,UMC,2016,4.345984459,94.7611618,96.32122803,18.46745,14.38035,102.3235092,92.46578217,48.961689
Upper middle income,UMC,2017,4.148108244,94.77168274,95.66409302,18.47165,14.21118,101.9500504,92.86354828,50.59619141
Upper middle income,UMC,2018,4.010925651,94.92601776,95.61461639,18.39381,14.16773,101.7588882,93.46768951,51.96300125
Upper middle income,UMC,2019,4.042768955,95.21391296,95.70561218,,,101.7434616,94.18686676,53.85839844
Uruguay,URY,2015,4.206369877,99.0,100.7218628,11.76053,,109.2404709,108.0432968,57.78971863
Uruguay,URY,2016,4.364200115,99.0,102.3928375,11.13129,,108.0822906,112.0325775,59.64628983
Uruguay,URY,2017,4.417870045,99.0,97.16676331,11.0193,,107.1465302,116.472847,59.75188828
Uruguay,URY,2018,4.603620052,99.0,101.5738831,,,105.27565,117.7690582,60.27812958
Uruguay,URY,2019,4.628339767,99.0,,,,104.3541489,119.8485336,61.96443176
Uzbekistan,UZB,2015,5.494533539,100.0,93.80388641,19.03192,10.69989,96.84696272,92.24281249,8.053208351
Uzbekistan,UZB,2016,5.415237427,100.0,97.40608215,20.42443,10.43487,97.6622985,92.81486579,8.339583397
Uzbekistan,UZB,2017,5.033319473,,98.28800201,21.15014,10.32977,98.04865269,93.87757366,8.647502899
Uzbekistan,UZB,2018,4.835893154,100.0,97.09230804,21.50664,,98.28665217,94.94650965,9.958555222
Uzbekistan,UZB,2019,6.295346737,100.0,96.69365692,,,98.25692984,96.20747375,12.44694424
Vanuatu,VUT,2015,5.603380203,,,26.56507,20.568,112.6809311,53.39009094,
Vanuatu,VUT,2016,7.677425861,,,,,,,
Vanuatu,VUT,2017,4.533430099,,,,,,,
Vanuatu,VUT,2018,8.606347084,,,,,,,
Vanuatu,VUT,2019,1.774070024,,95.08840942,,,115.5992324,,
"Venezuela, RB",VEN,2015,,97.0,94.96392822,,,99.73751831,89.09152222,
"Venezuela, RB",VEN,2016,,97.0,92.01609039,,,96.8556366,85.39602661,
"Venezuela, RB",VEN,2017,,,89.1427536,,,94.08805847,84.10520172,
"Venezuela, RB",VEN,2018,,,,,,95.46739124,,
Viet Nam,VNM,2015,3.416604519,,97.21360016,19.2242,,106.8207619,88.19828302,31.08920479
Viet Nam,VNM,2016,3.469074011,,100.9222183,19.62995,,110.2237738,88.63878817,30.22806358
Viet Nam,VNM,2017,3.418656826,,,19.64643,,109.9422299,88.95685295,
Viet Nam,VNM,2018,3.145023108,,109.5708771,20.27696,,112.2193693,90.63531095,
Viet Nam,VNM,2019,3.084998369,96.0,,,,117.4233503,93.15377844,28.5069294
West Bank and Gaza,PSE,2015,4.663219929,96.0,95.92949677,23.99819,19.9462,95.43193054,86.92709351,46.58375168
West Bank and Gaza,PSE,2016,4.982960224,97.0,94.80651093,23.84715,19.64335,95.85565948,87.15688324,45.7105217
West Bank and Gaza,PSE,2017,4.721539974,97.0,99.01937866,24.72816,20.08626,97.37367249,88.22238922,45.6631012
West Bank and Gaza,PSE,2018,,97.0,95.79850769,24.45322,17.33404,96.74787903,88.12106323,46.4495697
West Bank and Gaza,PSE,2019,,97.0,95.02707672,,,96.06242371,88.88783264,45.3549118
World,WLD,2015,4.234601259,85.67887878,88.44808197,23.10596,17.41341,102.0108109,75.72049713,36.96897888
World,WLD,2016,4.172309875,86.00010681,89.04238129,23.44392,17.09064,103.1335831,75.82546997,37.52273178
World,WLD,2017,4.184885025,86.17700195,88.87133026,23.38904,16.94278,102.7369308,75.46131134,37.90077972
World,WLD,2018,4.091629982,86.43747711,88.98174286,23.44631,16.9982,100.1281128,75.96365356,38.28723145
World,WLD,2019,4.137479544,86.5479126,88.93251801,,,100.1852417,76.28343964,39.12985992
"Yemen, Rep.",YEM,2016,,,65.53920746,26.93016,,83.89510345,47.2419014,
Zambia,ZMB,2015,4.624330044,,,42.74181,,103.8521576,,
Zambia,ZMB,2016,3.747920036,,,43.31661,,99.99862671,,
Zambia,ZMB,2017,3.729640007,,,42.05996,,99.23912811,,
Zambia,ZMB,2018,4.739749908,71.13230133,,,,97.77073318,,
Zambia,ZMB,2019,4.41824007,,,,,96.24916794,,
Zimbabwe,ZWE,2015,,,90.97954559,,,101.5210505,,10.60087013
Zimbabwe,ZWE,2016,,,91.40516663,,,100.0310764,,7.926105976
Zimbabwe,ZWE,2017,5.818779945,,90.73931122,,,98.54510309,,8.542076111
Zimbabwe,ZWE,2018,2.050489902,,90.72624969,,,97.87927109,,8.4251194
Zimbabwe,ZWE,2019,,93.22754669,90.23215485,,,97.47661439,,9.995643616
