country,country_code,year,Tertiary_Enrollment_Gross,Region,Cluster,Index,Infrastructure,Affordability,Consumer Readiness,Content and Services,Network coverage,Network performance,Spectrum,Mobile data affordability,Handset affordability,Taxation,Mobile Ownership,Basic Skills,Gender Equality,Local Relevance,Online Security,2G Population Coverage,3G Population Coverage,4G Population Coverage,5G Population Coverage,Mobile download speeds,Mobile upload speeds,Mobile latencies,Spectrum assigned in bands below 1GHz,Spectrum assigned in bands between 1-3GHz,Spectrum assigned in bands between 3-6GHz,Spectrum assigned in mmWave bands,Affordability of entry basket (1GB),Affordability of higher basket (5GB),Affordability of entry basket (1GB) for poorest 40%,Affordability of higher basket (5GB) for poorest 40%,Device affordability,Device affordability for poorest 40%,Cost of taxes on mobile data,Cost of taxes on handsets,Cost of sector specific taxes on mobile data,Mobile ownership,Literacy,School Life Expectancy,Gender gap in mobile ownership,Gender gap in mobile internet,Top-Level Domains (TLDs) per person,E-Government Score,Mobile Social Media Penetration,Locally developed apps per person,Digital Language Support,Language accessibility of top ranked apps,Cybersecurity Index,Internet_Use_Share,gov_exp_pct_gdp,lit_rate_adult_pct,pri_comp_rate_pct,pupil_teacher_primary,pupil_teacher_secondary,school_enrol_primary_pct,school_enrol_secondary_pct,school_enrol_tertiary_pct,happiness_rank,happiness_score
Afghanistan,AFG,2015,,South Asia,Discoverer,20.9894990663542,20.4991301587302,17.0221392317929,22.3755019804842,24.8591306466495,32.956,4.53944444444444,27.5047619047619,14.7775703017046,0.0,55.5555555555555,33.13,33.9965059414525,0.0,24.6155799749786,25.8333333333333,89.0,37.89,0.0,,5.615,8.00333333333333,0.0,24.952380952381,31.3333333333333,,,19.1647860056474,19.1647860056474,10.3903545977619,10.3903545977619,0.0,0.0,66.6666666666666,100.0,0.0,33.13,33.7538414001465,34.2391704827586,0.0,0.0,39.6324670161077,24.2725,4.97150843140048,33.8827531886423,32.4549212387422,0.0,25.8333333333333,8.26,3.255800009,33.7538414,,43.38836,31.9738,106.1824188,53.28514099,,153.0,3.575
Afghanistan,AFG,2016,,South Asia,Discoverer,21.3745331700704,22.6556108604845,16.8861263053522,20.4368729180239,26.6972358974617,34.244,8.64264619883041,27.5047619047619,14.4375379856028,0.0,55.5555555555555,25.71,35.6006187540718,0.0,27.0798782051604,25.1666666666667,89.2,41.01,0.0,,5.7725,8.31333333333333,11.8421052631579,24.952380952381,31.3333333333333,,,18.9567998760687,18.9567998760687,9.91827609513698,9.91827609513698,0.0,0.0,66.6666666666666,100.0,0.0,25.71,36.8358942667643,34.3653432413793,0.0,0.0,39.6440842611843,30.435,7.6835923970341,40.3992931288416,32.4549212387422,0.0,25.1666666666667,11.0,4.543970108,,82.91046143,44.58162,32.20814,106.1502838,53.50634003,,154.0,3.36
Afghanistan,AFG,2017,,South Asia,Discoverer,23.2530296666865,30.4286791627815,16.9517769084424,21.2582438555637,26.6619843302849,37.88,24.4393169545728,27.5047619047619,14.6016644933282,0.0,55.5555555555555,26.57,37.2047315666911,0.0,27.2024804128561,24.5,89.4,46.0,4.0,,8.15796139721222,8.91760962448299,56.2423798420233,24.952380952381,31.3333333333333,,,19.3423063451472,19.3423063451472,9.86102264150917,9.86102264150917,0.0,0.0,66.6666666666666,100.0,0.0,26.57,39.9179471333822,34.491516,0.0,0.0,39.5097852456039,30.4975,8.84830931344558,39.9506362664888,32.4549212387422,0.0,24.5,13.5,4.343190193,,87.25332642,47.98298,33.2407,106.1299973,55.4021492,,141.0,3.79399991035461
Afghanistan,AFG,2018,9.99592018127441,South Asia,Discoverer,23.3455136125963,31.2804599898938,16.9997044627374,22.0962814597701,25.2801727186203,42.8,21.6487690223535,27.5047619047619,14.7214833790657,0.0,55.5555555555555,27.48,38.8088443793103,0.0,27.1752158982754,17.7,90.0,55.0,7.0,,6.6430733200353,8.46376748923016,49.8394662577952,24.952380952381,31.3333333333333,,,19.4014231812281,19.4014231812281,10.0415435769032,10.0415435769032,0.0,0.0,66.6666666666666,100.0,0.0,27.48,43.0,34.6176887586207,0.0,0.0,39.3781141128414,30.56,9.6701038692718,39.0929402705217,32.4549212387422,0.0,17.7,16.8,,,88.73551941,48.78979,33.50124,107.7805328,57.03929901,9.96378994,145.0,3.632
Afghanistan,AFG,2019,,South Asia,Discoverer,24.8277840581021,33.7348686747006,20.5243921617233,22.0873102528736,24.8461829096501,50.8,19.7847907343706,27.5047619047619,23.5332026265306,0.0,55.5555555555555,28.39,37.8719307586207,0.0,28.1952286370627,11.45,90.0,60.0,22.0,,6.60252510787879,9.78151867833894,42.9703284168941,24.952380952381,31.3333333333333,,,42.0948689863465,14.3038139643691,32.762591288692,4.97153626671458,0.0,0.0,66.6666666666666,100.0,0.0,28.39,41.0,34.7438615172414,0.0,0.0,39.3353806131399,35.87,9.31123132095146,41.9396100124797,32.4549212387422,0.0,11.45,17.6,,,86.17552185,,,110.0075073,,,154.0,3.203
Angola,AGO,2015,8.78320868033121,Sub-Saharan Africa,Discoverer,31.742203232946,32.4134688965201,35.5334625619763,38.8310876465715,22.6989451457373,45.604,20.6982292398572,29.462886002886,13.7033708328906,31.2597621560722,87.7410468319559,30.32,53.2203451590702,32.9529177806441,26.2570147655049,8.46666666666667,90.0,64.74,4.27,,10.5840745476104,14.5354621313498,36.9751510406113,25.7792207792208,34.9883838383838,,,32.1354781988818,14.5145025859173,8.16350254676332,0.0,44.2445823009697,18.2749420111747,100.0,63.2231404958677,100.0,30.32,66.2358627319336,40.2048275862069,43.8878032120001,22.0180323492881,0.0422464078203078,32.352,10.4744090286054,30.5873204662208,45.4571181268984,57.0959595959596,8.46666666666667,22.0,3.099999905,66.23586273,,50.02951,,119.1422577,,8.683790207,137.0,4.033
Angola,AGO,2016,9.78287696232453,Sub-Saharan Africa,Emerging,36.4197257295099,35.6867850603814,49.5282464047786,41.5342414101044,23.9651429519105,46.584,27.9015196495106,29.462886002886,45.4536617741592,34.4964308218095,87.7410468319559,33.95,54.6651727452771,35.9875514850361,27.9230953565548,8.13333333333333,90.0,66.04,5.42,,13.2816032669155,19.5767571636334,50.8461985179829,25.7792207792208,34.9883838383838,,,66.2500889078214,48.6291132948568,42.2782102534615,24.6572346404969,47.4811984262544,21.5116632173645,100.0,63.2231404958677,100.0,33.95,66.2358627319336,43.0944827586207,49.9570706207841,22.0180323492881,0.0,34.783,12.4655987376998,33.7861845412912,45.4571181268984,61.0301507537688,8.13333333333333,23.2,2.754936695,,,,26.76619,107.0269649,53.58145142,9.660340309,141.0,3.866
Angola,AGO,2017,,Sub-Saharan Africa,Emerging,39.0141744892033,47.1213959230493,51.3731933513313,39.8831783810121,23.9963516347617,54.8,39.7006182347517,46.6057431457431,47.5122720418331,37.0501879205172,87.7410468319559,35.42,56.1097826418289,28.1197525012073,28.0454395434521,7.8,90.0,85.0,7.0,,18.9239823309375,34.1598185037749,66.0180538695428,54.3506493506493,34.9883838383838,,,68.308742933079,50.6877673201145,44.3367767635516,26.7158011505871,50.0350029290111,24.0653729120232,100.0,63.2231404958677,100.0,35.42,66.2358627319336,45.9837025517241,42.1343260437192,14.1051789586954,0.0,37.8765,8.45773770935381,38.2512848634643,45.4571181268984,58.2456140350877,7.8,26.0,2.466878891,,,,,122.2351662,,9.65568924,140.0,3.79500007629395
Angola,AGO,2018,,Sub-Saharan Africa,Emerging,40.4204635451269,49.9348897836446,53.3134095585341,40.5251862358281,24.7422725189595,55.712,45.82235288624,46.6057431457431,40.3799685410236,49.0330319393336,87.7410468319559,36.73,56.1096555038978,28.7359032035866,28.5028406486993,9.7,90.0,86.28,8.0,,23.3129335943485,39.5711032986036,74.5830217657678,54.3506493506493,34.9883838383838,,,58.017810452498,46.7142207428419,34.0457163392053,22.7421266295491,62.0179162507005,36.0481476279667,100.0,63.2231404958677,100.0,36.73,66.2358627319336,45.9834482758621,43.3666274484777,14.1051789586954,0.0,40.97,10.687266351604,37.6223187649943,45.4571181268984,56.525,9.7,29.0,2.183512926,,,,,88.57486897,,9.352542877,142.0,3.795
Albania,ALB,2015,61.9608485481051,Europe & Central Asia,Transitioner,55.4556596513136,53.5673147944892,59.4831082699053,70.3406156950658,42.1972166935545,82.56,27.2754298433659,48.1657142857143,56.1263655312413,53.6925162546331,77.7777777777778,67.63,86.4540480421353,56.9377990430622,46.6965208669432,24.2,99.8,96.5,60.0,,10.9875485187866,13.4989794963466,57.3397615149646,33.1428571428571,70.7,,,67.4384957303611,58.3566291853219,53.8782365082533,44.8321007010291,61.0183025169583,46.3667299923078,66.6666666666667,66.6666666666667,100.0,67.63,98.8162307739258,74.0918653103448,68.421052631579,45.4545454545455,57.4473981752241,52.1505,38.1709587017988,72.1426043186925,39.6463931390004,0.0,24.2,56.9,3.437969923,,98.78878784,18.61557,13.50589,105.688652,102.4407272,61.96084976,95.0,4.959
Albania,ALB,2016,58.4884791901189,Europe & Central Asia,Transitioner,58.5206176441634,59.7536888513712,60.1598962605908,71.8317720845553,45.4200098463033,88.252,37.0493649855708,48.1657142857143,56.3855226267806,55.1253291358075,77.7777777777778,73.76,85.3123913524801,56.4229249011858,49.8250123078791,27.8,100.0,97.0,73.63,,15.0762266226427,22.6518147435236,73.420053590546,33.1428571428571,70.7,,,67.9794316692628,58.907705825798,53.8619520747291,44.7930009373327,62.7707942837263,47.4798639878888,66.6666666666667,66.6666666666667,100.0,73.76,98.8162307739258,71.8085519310345,67.3913043478261,45.4545454545455,58.6841801621558,59.42,45.1356134224982,75.9488748157412,39.6463931390004,0.0,27.8,59.6,3.962090015,,99.5973587,18.19844,12.22137,105.3247833,99.17076111,58.48847961,109.0,4.655
Albania,ALB,2017,58.0177836674929,Europe & Central Asia,Transitioner,61.4177475946864,65.2647882025884,61.8679427729435,74.37607960057,47.3802829863053,94.644,44.4351133636139,48.1657142857143,58.8751626990059,56.9058053444641,77.7777777777778,77.06,83.7164601455836,62.3517786561265,51.3753537328817,31.4,99.8,97.0,89.71,,20.5957180235335,32.5465629530863,80.1630591142219,33.1428571428571,70.7,,,71.5129530819096,59.9580474354801,57.7864642850262,46.2431859936077,64.3346886254783,49.4769220634499,66.6666666666667,66.6666666666667,100.0,77.06,98.8162307739258,68.6166895172414,56.5217391304348,68.1818181818182,60.309321808478,66.515,45.1673694246094,78.4961842923205,39.6463931390004,0.0,31.4,62.4,3.611720085,98.81623077,106.4496918,17.94478,11.60265,105.4149704,97.57437134,58.0177803,109.0,4.64400005340576
Albania,ALB,2018,56.0802964109938,Europe & Central Asia,Advanced,65.6288209546263,71.8395230546191,59.9247018326754,79.6194109522206,54.1240299755975,97.412,58.1039504936905,48.1657142857143,50.6943582174852,60.2285074753144,77.7777777777778,79.91,82.9325521724138,76.015680684248,51.8800374694969,63.1,99.86,97.6,96.0,,38.5388045424778,51.1752467224605,84.5978002161331,33.1428571428571,70.7,,,58.9049801970746,55.0254667480671,46.3022252567814,42.5447606680178,66.9888899353411,53.4681250152877,66.6666666666667,66.6666666666667,100.0,79.91,98.1,67.7651043448276,78.2608695652174,73.7704918032787,60.066110066176,73.61,45.2103463529857,77.6723377893224,39.6463931390004,0.0,63.1,65.4,3.152944803,,102.8941803,17.57287,11.19927,104.5680237,98.8223877,56.08029938,112.0,4.586
Albania,ALB,2019,61.4085141527142,Europe & Central Asia,Advanced,68.9228372295786,78.4886759031275,64.7745885918459,80.1383027512344,55.3860995351337,98.612,67.8125469006758,59.5942857142857,62.1663347974587,60.8812477932671,77.7777777777778,82.3,82.1804484482759,75.9344598054275,53.3051244189172,63.71,99.86,98.5,98.1,,51.7118892238696,65.8348546075864,85.8908968705715,52.1904761904762,70.7,,,76.553081745384,59.7171444885782,64.6155251063393,47.7795878495335,67.347424306083,54.4150712804512,66.6666666666667,66.6666666666667,100.0,82.3,98.1,66.2608968965517,67.7419354838709,84.1269841269841,60.6404462863541,78.865,48.1611055872317,78.6451770819996,39.6463931390004,0.0,63.71,68.5504,3.916239977,,98.7175293,,,102.5895386,99.01515198,61.4085083,107.0,4.719
United Arab Emirates,ARE,2015,,Middle East & North Africa,Advanced,72.4577379393654,68.0983067427225,86.3138731947929,78.1401421085568,60.0133639685544,98.0,34.6552906663302,75.1809523809524,78.812880373294,86.9718026136884,100.0,71.37,70.8282041034483,92.2222222222222,64.416704960693,42.4,100.0,100.0,95.0,,23.6021949554937,29.4043474027362,50.9593296407606,80.8571428571429,66.6666666666667,,,99.5122223443208,68.7547689485401,88.8709917980478,58.113538402267,92.7358024929196,81.2078027344571,100.0,100.0,100.0,71.37,93.2,48.4564082068966,86.6666666666666,97.7777777777778,67.2768626145582,88.659,62.5308397076639,88.7946877897521,29.1258614956146,60.0515463917526,42.4,90.5,,,79.8213501,23.61794,,91.78270721,,,20.0,6.901
United Arab Emirates,ARE,2016,,Middle East & North Africa,Advanced,77.0298156728469,73.9768440573607,87.1248045834009,81.771629192848,66.8028770650339,99.2,48.1516339529256,75.1809523809524,77.9193457108161,89.8926657476861,100.0,74.63,71.7959986896552,98.8888888888889,71.1285963312924,49.5,100.0,100.0,98.0,,29.7397747166662,39.7154417459238,74.9996853961869,80.8571428571429,66.6666666666667,,,98.6192611092268,67.8618077134461,87.9768837081862,57.2194303124054,95.6572868399165,84.1280446554557,100.0,100.0,100.0,74.63,94.4,49.1919973793104,100.0,97.7777777777778,67.5099997576276,89.13,90.7955461462827,92.1929401717241,29.1258614956146,62.9072681704261,49.5,90.6,,,,24.52278,9.54885,88.74154663,79.02127075,,28.0,6.573
United Arab Emirates,ARE,2017,,Middle East & North Africa,Advanced,78.8848944561501,77.7391941491198,87.1310913521508,82.1377556533575,69.6016243343801,99.2,57.5575091823233,75.1809523809524,78.6074847380449,89.2202436423321,100.0,77.86,72.7637932758621,95.7894736842105,72.8520304179752,56.6,100.0,100.0,98.0,,40.2867024391955,50.9099037298122,81.4759213779623,80.8571428571429,66.6666666666667,,,99.3076203962478,68.5501670004671,88.6648024756227,57.907349079842,94.9851033493373,83.4553839353268,100.0,100.0,100.0,77.86,95.6,49.9275865517241,100.0,91.5789473684211,68.9551567103898,91.785,95.5599444785739,94.4008748689567,29.1258614956146,60.6516290726817,56.6,94.8199,,,,,,81.79920197,81.25235748,,21.0,6.64799976348877
United Arab Emirates,ARE,2018,53.2113281680102,Middle East & North Africa,Leader,81.4479787302555,80.2582258959613,85.6177032318671,86.5206317471264,74.0198896748695,99.592,63.463088549427,75.1809523809524,82.5903351776463,81.4539229020214,100.0,81.12,78.4418952413793,100.0,72.3498620935869,80.7,100.0,100.0,98.98,,47.7689428161388,59.1480157046011,83.4723071275412,80.8571428571429,66.6666666666667,,,99.9573686704896,75.8657731225017,89.3148972327908,65.223301684803,87.2185949307749,75.6892508732679,100.0,100.0,100.0,81.12,96.8,60.0837904827586,100.0,100.0,69.1647118259135,94.44,95.9032632502074,90.710473896199,29.1258614956146,59.25,80.7,98.45,,,,,,,,,20.0,6.774
United Arab Emirates,ARE,2019,53.8814655213653,Middle East & North Africa,Leader,82.9111393856791,83.3014123052128,82.8191038743282,89.2730052643678,76.7270475494461,99.76,70.9030545725558,75.1809523809524,63.1989547446418,93.8488049411789,100.0,84.39,83.4290157931034,100.0,73.5638094368076,89.38,100.0,100.0,99.4,,56.7092422811037,71.0461830484376,84.9537383881261,80.8571428571429,66.6666666666667,,,73.5514168557734,63.4889525526091,62.9089569366745,52.8464926335101,99.6134707306908,88.0841391516669,100.0,100.0,100.0,84.39,98.0,68.8580315862069,100.0,100.0,69.2492043069552,92.22,100.0,91.9737798701332,29.1258614956146,62.72040302267,89.38,99.15,3.860209942,98.0,84.04763794,,,90.93608856,82.35688782,56.56842041,21.0,6.825
Argentina,ARG,2015,83.75569332589,Latin America & Caribbean,Transitioner,61.171732616481,50.1453533975878,52.7828472147623,80.6802206425513,65.5711105756976,81.72,17.2910025415886,52.7047619047619,44.3366744975248,70.1217641944259,34.9973586899102,53.29,90.7114462413793,98.0392156862745,71.0805548862886,43.5333333333333,98.0,90.3,65.0,,8.70370639327231,14.3502130736199,28.8190881578737,68.9523809523809,28.3333333333333,,,60.9087391765604,47.0152474798543,41.6581015151953,27.7646098184891,80.5491929276654,59.6943354611865,46.1965134706815,0.0,58.7955625990491,53.29,99.2,82.2228924827586,96.078431372549,100.0,58.9606571403572,63.066,48.3173450088286,75.5571045013953,96.4777057555455,89.1139240506329,43.5333333333333,68.0431,5.776110172,,106.0531311,,,113.7781982,107.5490723,83.76258087,30.0,6.574
Argentina,ARG,2016,86.6743832906399,Latin America & Caribbean,Advanced,65.1725957348083,58.714014807934,53.6776727600175,82.3837466436782,69.4837228697817,87.8,31.9659894007874,54.0380952380952,50.3463422283101,66.3491603267787,34.9973586899102,55.93,91.2212399310345,100.0,75.3879869205604,45.8666666666667,98.0,95.0,75.5,,13.5401002968031,26.4955621569095,55.8623057486496,68.9523809523809,31.6666666666667,,,66.9839487769577,53.0904570802515,47.6022273763686,33.7087356796625,76.8475927520977,55.8507279014596,46.1965134706815,0.0,58.7955625990491,55.93,99.1,83.342479862069,100.0,100.0,59.2549933116064,71.014,61.557501922703,79.1427336129473,96.4777057555455,90.0,45.8666666666667,70.969,5.545489788,,106.5444489,,,112.9442673,109.6459427,86.61788177,26.0,6.65
Argentina,ARG,2017,89.3297346952415,Latin America & Caribbean,Advanced,68.2264886106993,65.4078776929961,55.9622577865638,83.2684193332706,71.0896661441215,91.6,42.4006466134426,59.0380952380952,55.4049910534942,67.0019740679603,34.9973586899102,58.25,92.1378650689655,99.4173929308463,76.8120826801518,48.2,98.0,95.0,85.0,,17.6425814831737,36.2128125237216,73.3465458334326,68.9523809523809,44.1666666666667,,,71.7828353899641,57.889343693258,52.9206384137305,39.0271467170243,77.2189974300868,56.7849507058337,46.1965134706815,0.0,58.7955625990491,58.25,99.05,85.225730137931,98.8347858616927,100.0,58.1377810328374,73.007,67.820970542504,81.6204560698723,96.4777057555455,87.0,48.2,74.2949,5.454319954,,101.58181,,,111.6814575,110.4124069,89.23294067,24.0,6.59899997711182
Argentina,ARG,2018,91.0846512732766,Latin America & Caribbean,Advanced,68.3039336344469,67.8880688752673,54.5710662247428,84.090655045977,69.8681480999176,92.8,47.4011245691207,59.0380952380952,57.8325891626234,60.7379335420908,35.7142857142857,60.21,92.061965137931,100.0,77.160185124897,40.7,98.0,95.0,88.0,,22.3728793302836,42.4932784546625,77.3372159224159,68.9523809523809,44.1666666666667,,,74.0577000870009,60.7279466146943,54.9372317105525,41.6074782382459,71.094853912667,50.3810131715146,46.8253968253968,0.0,60.3174603174603,60.21,99.0,85.1239302758621,100.0,100.0,58.2050850830049,75.0,69.5385988349189,80.0795359510156,96.4777057555455,88.0,40.7,77.7,4.877739906,,100.2818069,,,111.5456085,109.6969986,90.97283173,29.0,6.388
Argentina,ARG,2019,95.1928240640628,Latin America & Caribbean,Advanced,68.9723120276397,71.1047856643655,52.0323591968669,84.6443913908046,72.2650988466321,93.508,54.734916541866,59.0380952380952,61.0061284466863,51.217626688338,35.7142857142857,61.82,92.1131741724138,100.0,78.9788735582901,45.41,98.0,95.0,89.77,,30.137924144913,53.3458050443974,80.7210204362876,68.9523809523809,44.1666666666667,,,72.8518363724772,69.2125671486594,52.7996897447133,49.1604205208954,62.0792061117101,40.3560472649659,46.8253968253968,0.0,60.3174603174603,61.82,99.0,85.2263483448276,100.0,100.0,58.8755483313424,79.855,73.8013528658983,80.9372608386645,96.4777057555455,89.75,45.41,79.947,4.771649837,,100.3828964,,,111.3653183,110.4985275,95.0775528,47.0,6.086
Armenia,ARM,2015,48.7313687040259,Europe & Central Asia,Transitioner,54.3083334267039,50.4011557327747,47.5646953913696,76.921336766383,47.1730400132398,78.24,23.9819369509844,47.5619047619048,43.9577902909307,36.0650592986044,77.7777777777778,57.23,76.1314128965517,97.4025974025974,54.3996333498831,18.2666666666667,100.0,99.0,46.6,,8.0071243723667,11.1306052373379,52.8080812432487,52.3809523809524,40.3333333333333,,,54.5465910617995,46.0242348733292,41.8094001112747,33.4509351173194,42.875596666443,29.2545219307657,66.6666666666667,66.6666666666667,100.0,57.23,100.0,52.2628257931035,100.0,94.8051948051948,57.291970297689,52.0855,23.6751078871185,79.3459261948482,75.6170316590998,20.0507614213198,18.2666666666667,59.1008,2.80591011,,94.22637939,,,102.3826904,85.79370117,45.46743011,127.0,4.35
Armenia,ARM,2016,54.3432877365993,Europe & Central Asia,Transitioner,57.2582166946687,56.5700880818102,48.4789690012752,81.4971763296014,48.0915172932251,82.256,35.3882678235732,47.5619047619048,44.4918119215368,37.8167216927624,77.7777777777778,70.77,76.3189315862069,97.4025974025974,55.3810632831981,18.9333333333333,100.0,99.0,56.64,,12.2011359652877,17.2711933937421,76.6924741116898,52.3809523809524,40.3333333333333,,,56.2741807681613,46.1022014434514,42.8208462694709,32.7700192050637,45.0383204052224,30.5951229803023,66.6666666666667,66.6666666666667,100.0,70.77,100.0,52.6378631724138,100.0,94.8051948051948,59.2803637202269,42.754,29.7319333906752,80.9992382725549,75.6170316590998,19.7994987468672,18.9333333333333,64.346,2.75812006,100.0,105.0094223,,,103.0617065,,51.74600983,121.0,4.36
Armenia,ARM,2017,55.5065519523494,Europe & Central Asia,Transitioner,59.7680550237291,61.437522243301,49.602505149858,83.623620908046,50.0737620228558,85.588,44.2248532273002,47.5619047619048,47.4666026354316,37.6507713503246,77.7777777777778,73.76,77.1108627241379,100.0,57.6922025285697,19.6,100.0,99.0,64.97,,17.5333458683417,28.9396483284017,86.2015654851571,52.3809523809524,40.3333333333333,,,59.602407432915,47.9772873089836,46.882386399662,35.4043294001658,44.4611235509342,30.8404191497149,66.6666666666667,66.6666666666667,100.0,73.76,100.0,54.2217254482759,100.0,100.0,59.1454537231746,49.502,34.8071892667285,82.2355760890839,75.6170316590998,23.8095238095238,19.6,64.7449,2.707590103,100.0,102.7634277,,,101.619812,,53.59075928,121.0,4.37599992752075
Armenia,ARM,2018,57.4585357681354,Europe & Central Asia,Transitioner,63.5221198916349,63.9945735956617,52.3562678817766,83.6193930670704,58.1140430592623,87.972,48.2334816082019,47.5619047619048,53.7967320876843,38.2050487278682,77.7777777777778,76.31,77.9027938965517,96.6453853046595,60.2675538240779,49.5,100.0,99.0,70.93,,21.9513252507714,34.8980960732583,87.8510235005761,52.3809523809524,40.3333333333333,,,64.6707630878478,56.0032008749248,51.5529106205247,42.96005376744,45.2700867444224,31.140010711314,66.6666666666667,66.6666666666667,100.0,76.31,100.0,55.8055877931034,96.415770609319,96.875,59.2573207975737,56.25,42.4241138663216,82.4143027973942,75.6170316590998,27.0,49.5,68.2451,2.255867958,,100.2370682,15.41859,8.01689,100.0613098,88.5765686,56.16505051,129.0,4.321
Armenia,ARM,2019,53.5944174785534,Europe & Central Asia,Advanced,65.0216011946796,67.9980020049393,51.0591883834881,85.2220914434191,60.4099384191426,94.084,52.1300526313959,47.5619047619048,47.807719253869,40.9513628159623,77.7777777777778,78.38,78.6947250344828,98.5915492957747,63.0161730239282,49.985,100.0,99.0,86.21,,26.2923876799119,41.6696817298303,88.4280884844455,52.3809523809524,40.3333333333333,,,57.7580240803563,49.2691820591243,46.3462564486136,37.8574144273817,47.1327369498229,34.7699886821017,66.6666666666667,66.6666666666667,100.0,78.38,100.0,57.3894500689655,100.0,97.1830985915493,59.5586117769567,63.125,51.6582210759997,83.7448021151226,75.6170316590998,25.8793969849246,49.985,66.5439,2.571912289,,97.22709656,,,97.32314301,93.61714935,53.30681992,116.0,4.559
Australia,AUS,2015,119.679389953613,East Asia & Pacific,Leader,85.0046675207115,76.6919214387411,92.1585408450807,87.2143876413442,84.7027962518825,98.36,57.0840893111385,72.5714285714286,80.3963521127017,100.0,100.0,77.48,99.5,84.6631629240325,86.2618286481864,78.4666666666667,99.0,99.5,96.9,,37.3776357891701,57.9381022217057,75.9365299225398,80.9523809523809,60.0,,,87.1580336993975,87.1580336993975,73.6346705260059,73.6346705260059,100.0,100.0,100.0,100.0,100.0,77.48,99.0,100.0,78.021978021978,91.3043478260869,84.8952817903933,95.3695,54.148687046372,97.6464156971188,96.9340087070481,100.0,78.4666666666667,84.5605,5.4628582,,,,,101.6654892,159.1107635,119.67939,10.0,7.284
Australia,AUS,2016,119.682777404785,East Asia & Pacific,Leader,88.3903957128117,81.6085316505794,96.1992436487869,90.3421550335943,86.0642216368881,98.8,68.9356148407343,72.5714285714286,90.4981091219673,100.0,100.0,77.79,99.5,93.7364651007829,87.4719437127768,80.4333333333333,99.0,99.5,98.0,,51.6111480011236,72.4491330374576,82.7465634836217,80.9523809523809,60.0,,,97.3082811288279,97.3082811288279,83.6879371151067,83.6879371151067,100.0,100.0,100.0,100.0,100.0,77.79,99.0,100.0,96.1685823754789,91.3043478260869,84.9930787512017,97.826,57.3934721812611,99.126158924373,96.9340087070481,100.0,80.4333333333333,86.54,5.43038559,,,,,101.180687,155.5943909,119.6827774,9.0,7.313
Australia,AUS,2017,109.993309020996,East Asia & Pacific,Leader,90.5100216589434,87.8756499183589,96.5341950686827,90.8499588477366,87.0787549083792,99.26,76.5243628911354,87.8095238095238,91.3354876717069,100.0,100.0,79.84,99.5,93.2098765432099,88.248443635474,82.4,99.3,99.5,99.0,,63.2844877858115,79.9731384459026,86.315462441692,95.2380952380952,76.6666666666667,,,98.1456830515296,98.1456830515296,84.5252922918841,84.5252922918841,100.0,100.0,100.0,100.0,100.0,79.84,99.0,100.0,96.2962962962963,90.1234567901235,85.0257010547548,97.523,60.5210084155673,100.0,96.9340087070481,100.0,82.4,86.545,5.321255684,,,,,100.6376572,153.5761261,109.993309,10.0,7.28399991989136
Australia,AUS,2018,103.322090148926,East Asia & Pacific,Leader,89.9992339015149,89.5157997377555,92.5316057185268,89.4248938826467,88.5741559229834,99.36,80.5247374396268,87.8095238095238,81.8030713300178,99.5259429662991,100.0,82.52,99.5,86.2546816479401,88.4676949037292,89.0,99.4,99.5,99.2,,72.6609301331774,81.5312203069851,87.382061878718,95.2380952380952,76.6666666666667,,,91.7543023693348,85.5700019053451,78.0361407546905,71.8518402907008,100.0,99.0518859325982,100.0,100.0,100.0,82.52,99.0,100.0,92.5093632958801,80.0,85.078877611667,97.22,63.5722856620656,98.1433025378654,96.9340087070481,100.0,89.0,90.0,5.409676075,,,,,100.3987122,136.105545,103.3220901,10.0,7.272
Australia,AUS,2019,109.759559631348,East Asia & Pacific,Leader,92.1225331584254,91.8739452740613,93.9712667233313,92.4789154063584,90.2055608440528,99.36,86.4201012803914,87.8095238095238,84.9281668083282,100.0,100.0,83.96,99.5,93.9767462190751,89.448201055066,93.235,99.4,99.5,99.2,,83.8487455201029,89.557281652734,85.8542766683374,95.2380952380952,76.6666666666667,,,91.7871208454553,91.7871208454553,78.0692127712011,78.0692127712011,100.0,100.0,100.0,100.0,100.0,83.96,99.0,100.0,92.831541218638,95.1219512195122,85.0003783787565,95.965,69.1395663279494,98.1845518615761,96.9340087070481,100.0,93.235,93.6099,5.508588791,,,,,100.1996994,144.0565643,109.7595596,11.0,7.228
Austria,AUT,2015,82.2563095092773,Europe & Central Asia,Advanced,73.8479826084255,68.3094403918633,77.7732244776604,82.3711641839904,67.9623685419461,98.6,38.2688390748964,67.8095238095238,90.5000960764904,65.0440762287718,77.7777777777778,76.29,85.283618,85.5398745519713,68.3612940107659,66.3666666666667,99.0,99.0,98.0,,19.9529702400811,22.4250176382754,72.4285293463326,61.9047619047619,76.6666666666667,,,96.6507057807858,96.6507057807858,84.349486372195,84.349486372195,71.7072367417584,58.3809157157852,66.6666666666667,66.6666666666667,100.0,76.29,98.0,72.567236,85.663082437276,85.4166666666667,83.5875352039772,83.0535,33.3737885027068,100.0,34.468012715432,97.7007672634271,66.3666666666667,83.9401,5.456580162,,99.39652252,10.58415,9.57663,101.104393,101.4115829,82.25630951,13.0,7.2
Austria,AUT,2016,82.8496932983398,Europe & Central Asia,Advanced,75.3669041413777,72.2023733253491,79.2270376114992,81.4776022796935,69.2244594806123,98.6,48.0011714086107,67.8095238095238,93.9224900873614,65.2562150524976,77.7777777777778,76.82,85.3211401724138,82.2916666666667,70.247241017432,65.1333333333333,99.0,99.0,98.0,,28.3077049618633,33.0604923690456,82.6353168949232,61.9047619047619,76.6666666666667,,,100.0,100.0,87.8449801747228,87.8449801747228,72.0182158346045,58.4942142703906,66.6666666666667,66.6666666666667,100.0,76.82,98.0,72.6422803448276,79.1666666666667,85.4166666666667,83.6518616138123,91.304,38.7818307579156,100.0,34.468012715432,97.365,65.1333333333333,84.3237,5.47961998,,97.15097046,10.30374,9.41777,100.4280777,100.2279892,82.8496933,12.0,7.119
Austria,AUT,2017,83.8392562866211,Europe & Central Asia,Advanced,77.20441112909,74.2617030508002,79.2973671575018,87.1088128953054,69.260032502765,99.0,52.7494957222386,67.8095238095238,94.3547796069181,64.9997493979476,77.7777777777778,80.09,84.8508965172414,96.3855421686747,70.6000406284563,63.9,99.0,99.0,99.0,,32.6572507206006,41.725212497896,83.8660239482193,61.9047619047619,76.6666666666667,,,100.0,100.0,88.7095592138361,88.7095592138361,71.5644551482105,58.4350436476848,66.6666666666667,66.6666666666667,100.0,80.09,98.0,71.7017930344827,100.0,92.7710843373494,83.7150940467872,89.057,41.9548463800622,100.0,34.468012715432,96.6675,63.9,87.9356,5.371590137,,98.64917755,10.01653,9.32983,101.1045685,100.3378983,83.83925629,13.0,7.00600004196167
Austria,AUT,2018,85.8698883056641,Europe & Central Asia,Leader,81.3468956715418,76.008039970818,91.8861735267438,86.1309175693036,72.7939294134208,99.0,57.1153380222831,67.8095238095238,94.5086534938085,96.3178914341621,77.7777777777778,82.79,85.0145174137931,90.5882352941177,70.342411766776,82.6,99.0,99.0,99.0,,37.9480544313425,48.8207279822643,84.5772316532424,61.9047619047619,76.6666666666667,,,100.0,100.0,89.0173069876171,89.0173069876171,100.0,92.6357828683242,66.6666666666667,66.6666666666667,100.0,82.79,98.0,72.0290348275862,100.0,81.1764705882353,83.8231436851639,86.81,41.7596524332842,100.0,34.468012715432,96.5125,82.6,87.4791,5.226550102,,97.75398254,,,101.3703003,100.6925964,85.86988831,12.0,7.139
Austria,AUT,2019,86.3234329223633,Europe & Central Asia,Leader,81.9395126913162,79.6540097133205,84.366523058919,88.9347238045977,75.4265689405082,99.0,66.2302623785394,67.8095238095238,86.4113302945515,85.6160884638572,77.7777777777778,84.97,85.2824472758621,96.551724137931,72.2219611756352,88.245,99.0,99.0,99.0,,49.8646057428724,63.022800127176,85.8033812655699,61.9047619047619,76.6666666666667,,,96.0013643349904,89.0309091020101,83.7917514870929,76.8212962541126,92.2296287564683,79.002548171246,66.6666666666667,66.6666666666667,100.0,84.97,98.0,72.5648945517241,100.0,93.103448275862,84.0180855533701,90.76,49.2587076093741,100.0,34.468012715432,95.97,88.245,87.7522,5.217790127,,99.45897675,,,101.7762909,101.5436325,86.32343292,10.0,7.246
Azerbaijan,AZE,2015,25.4831961094662,Europe & Central Asia,Transitioner,53.4711400292953,41.5797622648814,57.6974221419695,70.0383872040421,48.6522831548778,62.272,26.7631199479179,29.8285714285714,65.9365722742793,46.2755411744788,64.0628838123312,57.5,75.8293452068966,76.7858164052296,47.3403539435972,53.9,100.0,78.48,27.2,,12.5985945578947,16.5670602657808,51.1237050200782,23.047619047619,40.0,,,69.2547053115901,65.748521527091,66.1246230214676,62.6184392369685,47.9710024149618,44.5800799339957,73.728813559322,18.4598378776714,100.0,57.5,100.0,51.6586904137931,71.9706770159551,81.6009557945042,45.0128699950025,55.7115,13.1050183752519,67.0013939572144,71.9620315081642,23.5294117647059,53.9,77.0,2.951679945,100.0,103.2802124,13.49787,,106.6014862,84.80985864,25.48320007,80.0,5.212
Azerbaijan,AZE,2016,27.2368629930846,Europe & Central Asia,Transitioner,56.9140034758994,47.4970323578732,60.9718211507005,71.1328642270306,50.9343308998867,68.368,35.4602951803972,29.8285714285714,78.8239108533497,41.5742001172358,64.0628838123312,60.5,76.1127762758621,76.7858164052296,49.9429136248583,54.9,100.0,85.28,35.64,,17.7444008128224,25.5518396230091,63.0846451053602,23.047619047619,40.0,,,81.7980418558407,78.2918580713415,79.3559636353579,75.8497798508588,42.896992486664,40.2514077478077,73.7288135593221,18.4598378776714,100.0,60.5,100.0,52.2255525517241,71.9706770159551,81.6009557945042,45.3787136282966,68.116,15.9618384366656,69.4789845511651,71.9620315081642,25.75,54.9,78.2,2.903409958,100.0,111.3019104,15.48619,,106.4317398,74.92250393,27.23686028,81.0,5.291
Azerbaijan,AZE,2017,28.4670565431322,Europe & Central Asia,Transitioner,59.9132528896231,55.455330957814,61.489813215635,72.3606745833524,52.2206791680218,78.76,44.9640416802494,29.8285714285714,81.4434622126408,40.2496289202811,64.0628838123311,63.9,76.3962073448276,76.7858164052296,51.3008489600272,55.9,100.0,92.4,54.5,,21.3234727475583,33.4031838458002,80.1654684473897,23.047619047619,40.0,,,84.8285258350655,81.3223420505664,81.5645823747153,78.0583985902162,42.0175982946374,38.4816595459247,73.728813559322,18.4598378776714,100.0,63.9,100.0,52.7924146896552,71.9706770159551,81.6009557945042,45.6500777100914,70.518,17.8005536961119,71.9575818857684,71.9620315081642,27.75,55.9,79.0,2.473819971,100.0,107.1721725,15.458,,103.2940979,77.40803437,28.46706009,85.0,5.23400020599365
Azerbaijan,AZE,2018,28.9724903670069,Europe & Central Asia,Transitioner,63.6644155685456,62.2777589969988,65.2043859334562,73.6884849511685,54.900666064256,87.02,53.7601117782113,29.8285714285714,81.4316762982439,49.5478466292311,64.0628838123312,67.6,76.6796384482759,76.7858164052296,52.30083258032,65.3,100.0,95.0,72.55,,29.6021288106217,47.6140050500132,84.0642014739989,23.047619047619,40.0,,,86.9342889097153,79.1368829845583,83.7264696119295,75.9290636867725,51.2854154155318,47.8102778429304,73.7288135593221,18.4598378776714,100.0,67.6,100.0,53.3592768965517,71.9706770159551,81.6009557945042,46.2204975717384,72.92,19.6220056083616,70.6146282133356,71.9620315081642,33.25,65.3,79.8,2.455430031,,100.2199478,15.42982,7.60984,99.7220993,108.5179367,28.97249031,87.0,5.201
Azerbaijan,AZE,2019,32.9221812477847,Europe & Central Asia,Transitioner,63.9329062015362,69.6372944249269,52.8557449554276,75.1239977001501,60.420596456241,96.32,62.8589503480316,29.8285714285714,65.6702361135734,34.43768436883,64.0628838123312,68.8,76.9630695172414,79.608923583209,56.1994955703012,77.305,100.0,97.6,93.2,,36.2306324102744,66.1371825355209,86.2090360982995,23.047619047619,40.0,,,73.9391792286235,60.6094257563168,70.73104647083,57.4012929985233,36.1754229459682,32.6999457916918,73.7288135593221,18.4598378776714,100.0,68.8,100.0,53.9261390344828,76.7741935483871,82.4436536180309,46.6983955129485,71.755,35.6297176331231,71.6569008664433,71.9620315081642,38.3458646616541,77.305,81.1,3.176460028,100.0,100.3833389,,,97.93534851,107.8998718,32.92218018,90.0,5.208
Burundi,BDI,2015,5.25856537918645,Sub-Saharan Africa,Discoverer,20.7295863090303,13.2030398138203,23.3682139010238,27.2019667152499,22.0020315739649,9.8,8.69475146198831,29.0256961451247,8.42053475255957,0.0,100.0,24.99,51.3313473002214,5.28455284552845,24.5358728007895,11.8666666666667,49.0,0.0,0.0,,6.63583333333333,7.08,12.3684210526316,27.2442795299938,31.6978210678211,,,22.1147435760083,4.49376796304375,7.07362747118625,0.0,0.0,0.0,100.0,100.0,100.0,24.99,63.8438682556152,38.8188263448276,10.5691056910569,0.0,16.5826001307608,8.3955,2.49647765495313,48.4451152870318,38.1936302195831,25.5275814232372,11.8666666666667,2.0,7.102909565,,62.09434128,43.22109,35.79281,120.0362625,45.28647995,5.39195776,157.0,2.905
Burundi,BDI,2016,3.97908916361797,Sub-Saharan Africa,Discoverer,25.2232500805054,20.6790251793752,30.8851235036535,26.1677491026801,24.2191229391108,14.2,22.9847148758755,29.0256961451247,26.4879969960662,0.724811763067584,100.0,20.88,52.3386944625118,5.28455284552845,27.2905703405552,11.9333333333333,49.0,11.0,0.0,,8.10462544819799,7.65740713247765,53.192112046951,27.2442795299938,31.6978210678211,,,42.8161526742785,25.195177061314,27.7808169308184,10.1598413178538,1.44962352613517,0.0,100.0,100.0,100.0,20.88,65.6877365112305,38.9896524137931,10.5691056910569,0.0,18.3082352522391,15.217,3.44531826580812,49.6501447267824,38.1936302195831,38.4940464767262,11.9333333333333,2.2,4.96585083,65.68773651,64.03182983,49.66066,32.13206,116.1941833,48.99528122,4.090067863,157.0,2.905
Burundi,BDI,2017,4.30528005798307,Sub-Saharan Africa,Discoverer,26.9181498494617,26.7111101789351,29.1975298056815,26.7437931783945,25.1721187349971,29.808,22.4569273747755,29.0256961451247,39.5496493150944,0.706079961014044,65.4761904761905,21.58,53.3668266896552,5.28455284552845,28.4651484187464,12.0,49.0,39.02,11.0,,8.42907676586551,12.0122252390229,46.929480119438,27.2442795299938,31.6978210678211,,,55.8780437997112,38.2570681867466,40.8422304434422,23.2212548304777,1.41215992202809,0.0,96.4285714285714,100.0,0.0,21.58,68.0,38.7336533793103,10.5691056910569,0.0,17.7178780295728,22.8885,2.64911586199625,51.9166680621205,38.1936302195831,40.8083998409188,12.0,2.66075,5.009188652,68.0,63.27708817,49.61434,28.02967,111.1185837,49.80751038,4.437208652,154.0,2.90499997138977
Burundi,BDI,2018,4.55281922933846,Sub-Saharan Africa,Discoverer,26.2636439573248,30.9962600672915,19.6963602263641,30.4411149370152,25.6014226634391,36.164,26.8138020956664,29.0256961451247,30.2156683815125,0.0,38.0504643687956,22.36,51.1787919655172,17.7845528455285,29.8267783292989,8.7,50.0,44.48,20.93,,7.94732218902025,11.226018520237,61.2680655777419,27.2442795299938,31.6978210678211,,,46.6751352666288,28.7913204473438,31.6400163156812,13.7562014963963,0.0,0.0,34.6153846153847,71.8437007986944,7.69230769230769,22.36,68.0,34.3575839310345,10.5691056910569,25.0,18.8541413595612,30.56,3.68019766940784,52.9625383681527,38.1936302195831,40.3267680595794,8.7,4.0,5.413527489,,57.22309113,42.52383,26.59842,107.7252197,47.8539505,4.698548317,156.0,2.905
Burundi,BDI,2019,,Sub-Saharan Africa,Discoverer,21.6457632942574,34.4078201800077,9.95528316034995,26.253403063452,24.411543296672,48.28,23.2267023774568,29.0256961451247,5.87662323551964,0.0,38.0231693307105,23.11,50.3656563448276,5.28455284552845,29.2106791208399,5.215,95.4,48.0,25.0,,7.07075079317611,10.8263695392876,51.7829867999069,27.2442795299938,31.6978210678211,,,19.2728952202296,0.0,4.23359772184894,0.0,0.0,0.0,34.6153846153846,71.761815684439,7.69230769230769,23.11,68.0,32.7313126896552,10.5691056910569,0.0,18.5765358242195,32.925,4.28270252507298,53.573511207043,38.1936302195831,29.9290316565623,5.215,6.1,5.346684456,,53.33037949,,,104.9380188,43.20808029,4.200489998,145.0,3.775
Belgium,BEL,2015,76.423942565918,Europe & Central Asia,Advanced,78.6804854142215,70.8324394972476,87.8710035576973,87.9318074779151,70.0235841488236,99.58,45.5115749335951,63.9790476190476,84.0641086865454,97.8723533757419,75.4820936639118,71.72,98.9923082413793,93.0831141923659,74.5878135193629,51.7666666666667,99.9,100.0,99.0,,24.3578097097606,37.0931763853943,75.0837387056304,61.1428571428571,68.2333333333333,,,94.072856370367,85.0343250387183,83.0938923343725,74.0553610027238,100.0,95.7447067514838,63.2231404958677,63.2231404958677,100.0,71.72,100.0,97.9846164827586,92.9078014184397,93.2584269662921,81.6778143278649,69.365,41.6571756257661,88.5913978900677,81.4809335219597,89.6984924623116,51.7666666666667,85.0529,6.451570034,,,11.23127,9.42496,102.2438278,164.0798187,76.42394257,19.0,6.937
Belgium,BEL,2016,77.2435073852539,Europe & Central Asia,Leader,81.3083618431311,74.1353772846027,87.7119467581214,91.5032641762962,73.4547704244414,100.0,53.348919401983,63.9790476190476,83.4716152101916,98.067204853156,75.4820936639118,83.7,99.282619862069,91.5271726668195,76.9601296972184,59.4333333333333,100.0,100.0,100.0,,30.7477902720357,46.8025341981905,82.4964337357229,61.1428571428571,68.2333333333333,,,93.4380279658578,84.399496634209,82.5437337861742,73.5052024545254,100.0,96.1344097063121,63.2231404958677,63.2231404958677,100.0,83.7,100.0,98.5652397241379,89.7959183673469,93.2584269662921,81.8287331777164,71.014,50.2173309171455,90.1416508692705,81.4809335219597,91.25,59.4333333333333,86.5165,6.461730003,,,11.30569,9.14736,102.0558624,160.68927,77.24350739,18.0,6.929
Belgium,BEL,2017,80.7738189697266,Europe & Central Asia,Leader,83.1839411828521,78.063347126862,90.3175816777509,89.3470486369162,76.0078226449946,100.0,63.1688440076311,63.9790476190476,89.7037297765901,98.3491775858311,75.4820936639119,85.72,98.8169308275862,83.5042150831625,78.2347783062432,67.1,100.0,100.0,100.0,,42.7505649415032,61.7681714665791,84.987795614811,61.1428571428571,68.2333333333333,,,99.5861339874363,90.5476026557875,88.8598568973926,79.8213255657438,100.0,96.6983551716623,63.2231404958678,63.2231404958678,100.0,85.72,100.0,97.6338616551724,92.9824561403509,74.025974025974,81.9362692076728,73.352,55.1830843349939,91.7726044665896,81.4809335219597,88.25,67.1,87.6797,6.425340176,,,11.27695,8.98821,102.752861,158.6702881,80.77381897,17.0,6.89099979400635
Belgium,BEL,2018,79.1237487792969,Europe & Central Asia,Leader,84.902985535692,81.7891021897743,88.2321052553705,91.0635463975659,79.072451960077,100.0,72.483231664912,63.9790476190476,88.2467409097911,94.5924753966793,75.4820936639118,82.25,99.1759333103448,91.764705882353,78.4905649500962,81.4,100.0,100.0,100.0,,57.5185411163488,73.9017691322933,86.029384746094,61.1428571428571,68.2333333333333,,,100.0,86.8698860610054,89.7234155252329,76.3936620529263,100.0,89.1849507933585,63.2231404958677,63.2231404958678,100.0,82.25,100.0,98.3518666206896,100.0,83.5294117647059,81.9732619646753,75.69,57.4933825987741,90.0352466650721,81.4809335219597,87.25,81.4,88.6473,6.381070137,,,,,102.5003662,156.5097656,79.12374878,16.0,6.927
Belgium,BEL,2019,79.3044815063477,Europe & Central Asia,Leader,83.0482236353928,81.6539510145611,79.1241190538583,90.6921148870699,81.1831257888382,100.0,72.1453537268789,63.9790476190476,70.169100773478,89.9001500292118,75.4820936639118,84.91,98.4878934827586,88.6784511784512,79.2726572360478,88.825,100.0,100.0,100.0,,58.7171955351079,75.2462310299677,82.4726346155612,61.1428571428571,68.2333333333333,,,80.4534750468657,70.361049765491,69.977151781465,59.8847265000902,95.5748251313039,84.2254749271197,63.2231404958677,63.2231404958678,100.0,84.91,100.0,96.9757869655172,93.2659932659933,84.0909090909091,82.0410430859535,70.785,62.5902435502056,90.3585660221201,81.4809335219597,89.0,88.825,90.2754,6.33397007,,,,,102.1485596,156.635376,79.30448151,18.0,6.923
Benin,BEN,2015,12.4851799011231,Sub-Saharan Africa,Discoverer,23.5275872609516,26.8638808773258,24.7957893955202,24.2909920482004,18.937281176571,38.964,3.67379743140983,49.0438095238095,17.6009693385765,9.12729674859443,70.522414803259,28.9,42.2821548885624,1.69082125603865,20.1632681373804,14.0333333333333,98.0,38.41,10.0,,5.95192459386189,5.06946770036759,0.0,46.0952380952381,53.4666666666667,,,41.0393532656477,10.0886241803766,19.2758999082817,0.0,18.2545934971889,0.0,75.531914893617,36.03532951616,100.0,28.9,38.871208190918,45.6931015862069,3.38164251207731,0.0,29.3181095044617,12.758,3.69488071573264,37.6405039665694,10.1825806773536,27.2025316455696,14.0333333333333,11.255,3.17298007,,78.03270721,45.04478,10.32268,127.1211395,57.3949585,12.90738964,155.0,3.34
Benin,BEN,2016,11.9529895782471,Sub-Saharan Africa,Discoverer,25.8437082485442,30.5582385807716,27.5281222725006,26.3418800777967,20.1311064001062,47.852,4.02169169002418,49.0438095238095,20.1433266022574,13.4670029650967,70.4199522277945,35.98,43.04564023339,0.0,22.5472163334661,10.4666666666667,98.0,56.23,14.4,,7.05606005911463,5.00901501095791,0.0,46.0952380952381,53.4666666666667,,,44.4287065125354,13.4779774272642,22.6666224692302,0.0,25.2547984885536,1.67920744163976,75.531914893617,35.7279417897664,100.0,35.98,38.871208190918,47.2200722758621,0.0,0.0,29.5458325567144,14.493,7.78759500865911,43.5876085123227,10.1825806773536,28.7719298245614,10.4666666666667,14.5,2.899100065,,77.41918945,41.63992,10.99168,125.5545273,57.52967072,12.36170959,153.0,3.484
Benin,BEN,2017,11.337929725647,Sub-Saharan Africa,Discoverer,31.5269586741571,41.6538432506038,33.8797774269348,32.8714536093625,21.2967716117151,54.56,25.0527033646048,49.0438095238095,32.4913009590076,16.995312360038,70.4256604965825,37.18,42.4157777851142,19.0185830429733,24.8959645146439,6.9,98.0,73.0,14.4,,8.79065044523313,9.05045275369638,57.317006894885,46.0952380952381,53.4666666666667,,,55.6449392519976,24.6942101667264,40.2883917512889,9.33766266601773,25.3134422562552,8.6771824638208,75.531914893617,35.7450665961304,100.0,37.18,38.871208190918,45.9603473793103,30.8943089430894,7.14285714285714,30.0654415887779,30.8565,7.81732541936764,47.3458740105273,10.1825806773536,27.280701754386,6.9,18.7,3.535589933,38.87120819,,43.56977,,121.6062164,,11.7388401,143.0,3.65700006484985
Benin,BEN,2018,11.5739097595215,Sub-Saharan Africa,Emerging,38.8832798779175,43.2956778019073,45.9847271823148,37.5494057892532,30.5766807908525,63.88,21.9915754571491,44.7352380952381,44.4767979661648,35.5154852737158,69.9390694318128,38.05,42.5752853448276,32.022932022932,26.0958509885657,48.5,98.0,85.9,24.8,,7.08360232175231,11.2582287057139,47.632895343981,41.7142857142857,49.2666666666667,,,52.1553154311999,52.1553154311999,36.7982805011297,36.7982805011297,43.8338791941705,27.1970913532611,75.531914893617,34.2852934018215,100.0,38.05,42.4,42.7505706896552,54.954954954955,9.09090909090908,30.0020104347905,47.22,9.90461525356971,42.9550485771145,10.1825806773536,27.65,48.5,19.0,2.931619883,,,39.19712,,117.1167984,,12.00706005,136.0,4.141
Benin,BEN,2019,10.3906803131103,Sub-Saharan Africa,Emerging,35.8191954491772,49.7151651555648,29.115814800011,33.2587344841444,34.1932004470412,72.716,29.2042938412928,44.7352380952381,21.2388824735544,16.3190326539413,70.4632437450634,38.84,44.2695367857666,16.6666666666667,26.6715005588015,64.28,98.0,89.39,43.4,,7.42501002192881,11.4728740780983,68.7149974238514,41.7142857142857,49.2666666666667,,,39.480270030416,18.3531106329524,24.1246543141565,2.99749491669281,24.6366578335819,8.00140747430073,75.531914893617,35.8578163415732,100.0,38.84,48.9982795715332,39.540794,33.3333333333333,0.0,30.5206031913023,49.2,8.72125481599745,44.8080641093541,10.1825806773536,29.05,64.28,20.5,2.965201139,,61.79283142,,,112.029892,,10.7973299,102.0,4.883
Burkina Faso,BFA,2015,4.90356866333498,Sub-Saharan Africa,Discoverer,22.7297284491773,22.9434945697577,24.1359582168894,24.4592610350043,19.7065021429968,32.2,10.6215935672515,29.0742857142857,17.4367080218002,8.89310412238369,68.0201667960795,30.52,25.5035868034483,17.3541963015647,17.4997943454127,28.5333333333333,93.0,34.0,0.0,,5.60916666666667,4.67666666666667,21.5789473684211,22.8571428571429,38.4,,,29.0136549290633,19.1900852412557,15.6833308023446,5.85976111453708,16.1136963576896,1.67251188707775,73.728813559322,30.3316868289164,100.0,30.52,36.0,15.0071736068965,18.9189189189189,15.7894736842105,12.9815560503136,24.381,2.05298177441742,34.0090894919355,17.1766832013291,18.176322418136,28.5333333333333,6.55,3.67008996,,60.71788025,42.17715,25.19571,85.44702911,33.09024811,4.926290035,152.0,3.587
Burkina Faso,BFA,2016,5.40541465878063,Sub-Saharan Africa,Discoverer,22.5754784917968,21.0470384294069,28.9384478846497,22.6355331554144,18.8404338725174,33.8,4.28045321637427,29.0742857142857,21.8284150939529,16.8108613439065,67.4136865475297,32.76,27.2518626241379,7.89473684210527,17.3838756739801,24.6666666666667,93.0,38.0,0.0,,3.67416666666667,4.95666666666667,4.21052631578948,22.8571428571429,38.4,,,33.405045288486,23.5814756006785,20.0753545872274,10.2517848994199,24.0311104737549,9.5906122140581,73.7288135593221,28.5122460832672,100.0,32.76,37.0,17.5037252482759,0.0,15.7894736842105,13.1789348695889,18.841,3.22157073766504,34.6861005888864,17.1766832013291,18.4711779448622,24.6666666666667,7.14,,,60.30908966,41.54927,23.38275,87.64746857,35.15084839,5.426300049,145.0,3.739
Burkina Faso,BFA,2017,5.8341880408112,Sub-Saharan Africa,Discoverer,24.3576672262733,22.2858440240083,28.1570837233643,28.1245360722148,19.9453033235045,35.04,6.13746720287793,29.0742857142857,21.5787354482515,15.0903005228056,67.4473466747072,33.97,28.5421363551724,21.8614718614718,19.7316291543806,20.8,93.0,40.0,1.1,,5.08296689132136,7.53279027828608,5.79664443902634,22.8571428571429,38.4,,,35.2412976823152,25.4177279945077,17.7397429019953,7.91617321418779,24.5703093621455,5.61029168346563,73.728813559322,28.6132264647997,100.0,33.97,38.0,19.0842727103448,43.7229437229437,0.0,13.163172611321,36.1555,4.17613526621445,37.2423495551941,17.1766832013291,17.6441102756892,20.8,7.79,5.628469944,,61.64514923,40.68126,23.33086,89.73152161,37.37361145,5.856659889,134.0,4.03200006484985
Burkina Faso,BFA,2018,6.31826110291158,Sub-Saharan Africa,Discoverer,29.5476587138629,23.4736421735493,29.3221355382679,44.2147781347087,25.0465993892799,37.244,6.7048673386351,29.4704761904762,24.6645515859854,14.8538958736895,67.5737827719898,34.88,30.2429668827586,67.5213675213675,21.3082492365999,40.0,93.0,45.0,1.61,,5.51566397068579,8.26516413734185,6.33377390787766,23.4285714285714,38.5333333333333,,,40.4727493544182,26.3579575259528,22.971145646018,8.85635381755266,24.3339312157396,5.37386053163943,73.728813559322,28.9925347566473,100.0,34.88,39.0,21.4859337655172,65.8119658119658,69.2307692307692,12.4936331913337,53.47,5.80490273377541,35.2285270565611,17.1766832013291,18.205,40.0,8.5,5.488609791,39.0,62.8463707,39.72173,23.11995,91.72036743,39.82088852,6.346660137,121.0,4.424
Burkina Faso,BFA,2019,6.90532594926159,Sub-Saharan Africa,Discoverer,27.7454057413043,37.7561930217776,22.7910132373961,27.2417391402866,25.2800343565733,47.58,26.3609587449202,40.8990476190476,5.821901968134,17.4620652284005,67.3871317939115,35.7,26.8894149517241,19.1358024691358,21.6025429457166,39.99,97.9,45.0,25.0,,8.02667242484517,16.1677357003925,54.8884681095231,42.4761904761905,38.5333333333333,,,18.0396044062455,4.70985093393885,0.538152532351632,0.0,26.9420183267596,7.98211213004127,73.728813559322,28.4325818224124,100.0,35.7,30.0,23.7788299034483,38.2716049382716,0.0,12.9569287758879,49.97,7.42849799923558,36.2054006704979,17.1766832013291,18.5204081632653,39.99,9.27181,5.407136917,30.0,61.82112885,,,89.95511627,40.27325821,6.93696022,115.0,4.587
Bangladesh,BGD,2015,15.5739926180902,South Asia,Emerging,39.5387628684189,32.2557370020262,47.6510091460529,41.1595437759957,38.6315987759696,50.576,15.6852472669701,28.7561904761905,54.232133950582,32.0721551165409,65.6464675960187,42.28,48.6404917931035,32.5581395348837,39.0228318032954,37.0666666666667,99.0,71.0,5.94,,6.06076397549537,7.58567701397154,33.4093008114435,28.5714285714286,29.0333333333333,,,71.5487165802181,49.3070147723173,59.1572531288468,36.915551320946,38.784197819367,25.3601124137148,73.728813559322,48.6343180422934,74.5762711864407,42.28,65.0,32.2809835862069,65.1162790697674,0.0,26.5531513677692,48.482,8.18602250007626,51.8087705985214,65.2514246405047,38.1475798192107,37.0666666666667,12.9,1.872254133,65.0,,,,,62.03123093,15.59071636,109.0,4.694
Bangladesh,BGD,2016,17.3985207411042,South Asia,Emerging,40.0140264085248,38.5666760630781,47.0742238544169,33.3783280282863,42.3047429961374,59.076,23.9340234910285,26.8133333333333,51.6984336791371,39.4316452545599,53.1109614046902,43.97,53.4900869655172,2.67489711934153,41.6975954118384,44.7333333333333,99.4,90.0,7.99,,9.08539249065622,10.4435909657612,52.273087016668,25.3333333333333,29.0333333333333,,,69.0150478333198,46.7733460254189,56.6235213328553,34.3818195249544,46.1437221089782,32.7195684001417,63.2231404958678,45.696520577707,50.4132231404959,43.97,73.0,33.9801739310345,5.34979423868307,0.0,26.8276286103829,62.319,13.6825053980904,55.1860231204565,65.2514246405047,32.7617905795153,44.7333333333333,18.1,2.221199989,73.0,,,36.192,,66.92324831,17.40217972,110.0,4.643
Bangladesh,BGD,2017,18.5175604399834,South Asia,Emerging,43.080654236918,42.5383663134217,52.4383126480594,33.2598940344828,46.4278725353366,61.218,31.7212491168875,26.8133333333333,65.0207692776504,42.5804172236743,46.9891902376475,45.44,54.3396821034483,0.0,44.9348406691708,52.4,99.47,92.55,10.76,,8.49771877739982,13.4367060120138,73.229322561249,25.3333333333333,29.0333333333333,,,82.3373777645923,60.0956759566915,69.9458625986093,47.7041607907084,49.2924879385818,35.8683465087668,63.2231404958678,27.3312070765789,50.4132231404959,45.44,73.0,35.6793642068966,0.0,0.0,26.9792429421416,70.3945,17.2054680870182,57.951423029605,65.2514246405047,44.1787892931686,52.4,21.5,1.850400329,73.0,,30.05456,33.98251,109.1253603,64.85595207,18.53050804,110.0,4.60799980163574
Bangladesh,BGD,2018,19.5710492453779,South Asia,Emerging,47.7431607402689,56.1660200062003,56.2804538590889,34.2097590804598,48.0466831292254,89.31,36.6583833488341,28.8933333333333,68.9027382700013,42.6833729973302,58.2300467607814,46.94,55.6892772413793,0.0,46.9333539115317,52.5,99.47,94.54,79.0,,10.6228763617159,22.2465509953562,77.1057226894302,25.3333333333333,34.2333333333333,,,81.0507800324875,69.1461798708293,68.6592966691733,56.7546965075151,49.3954264857921,35.9713195088684,100.0,28.7441943363982,45.945945945946,46.94,74.0,37.3785544827586,0.0,0.0,29.703103265693,78.47,19.4410586288258,54.9565239939955,65.2514246405047,52.1593180572795,52.5,25.6,1.655891299,74.0,,30.05459,35.09524,112.4276954,67.42136973,19.70263672,115.0,4.5
Bangladesh,BGD,2019,22.7094642473405,South Asia,Emerging,47.5745666625886,59.6176763982731,48.1502783259005,35.8145679472472,49.8271217581916,95.32,39.2775243290161,28.8933333333333,61.5391459795157,44.4687337432815,28.735632183908,48.44,57.8420343103448,1.16166953139686,45.5626521977395,66.885,99.6,95.4,93.1,,12.5561538852487,29.1355729527353,76.1408461490643,25.3333333333333,34.2333333333333,,,85.2981410389499,50.1716372300961,72.9066547289354,37.7801509200816,51.1807888278727,37.7566786586903,81.0344827586206,0.0,5.17241379310347,48.44,75.0,40.6840686206897,2.32333906279372,0.0,28.71897932917,69.825,21.3806103850692,56.6121018415334,65.2514246405047,41.87528958484,66.885,30.4,1.681388021,75.0,,,,,67.22091891,22.80521393,125.0,4.456
Bulgaria,BGR,2015,78.2999572753906,Europe & Central Asia,Transitioner,63.485682736687,51.992857693167,61.5739689272704,84.3259315057471,60.1729348241668,82.778,30.1041442329176,34.2,67.551093099477,47.49494032981,77.7777777777778,70.62,82.3577945172414,100.0,63.0411685302085,48.7,99.99,99.95,57.0,,13.6138188676633,15.2931561461794,61.4054576849099,32.0,37.5,,,75.8356089755438,75.8356089755438,59.2665772234103,59.2665772234103,56.4698325288824,38.5200481307377,66.6666666666667,66.6666666666667,100.0,70.62,98.0,66.7155890344828,100.0,100.0,67.9860049376091,40.072,34.3519180874391,88.7043455621543,80.149147667901,47.9568527918782,48.7,56.6563,3.912084341,,99.57666016,,,99.12722015,103.8893433,78.29995728,134.0,4.218
Bulgaria,BGR,2016,80.6399612426758,Europe & Central Asia,Advanced,67.9669603386942,61.9505607744493,63.5875157837041,84.84902160799,63.8450822840705,94.698,42.74506860279,34.8666666666667,70.6151762322745,49.4647243380968,77.7777777777778,74.39,82.029724,98.12734082397,66.4813528550881,53.3,99.99,100.0,86.75,,21.0422138702433,30.188249498685,77.0047424394417,32.0,39.1666666666667,,,79.1885025156204,79.1885025156204,62.0418499489285,62.0418499489285,58.7524944783882,40.1769541978054,66.6666666666667,66.6666666666667,100.0,74.39,98.0,66.059448,96.2546816479401,100.0,68.6265797631742,56.522,40.1984862636228,91.2117515857677,80.149147667901,47.9195979899498,53.3,59.8255,3.393708229,,98.1427536,17.61018,12.63651,98.0771637,103.0039215,80.63996124,129.0,4.217
Bulgaria,BGR,2017,81.2245864868164,Europe & Central Asia,Advanced,69.8887095380845,66.661008567489,63.4955524181739,84.4509523004926,66.7434034224033,99.734,49.4851880853892,34.8666666666667,68.710085593947,51.1399065625989,77.7777777777778,77.54,81.1699997586207,94.6428571428571,68.9542542780041,57.9,99.99,100.0,99.34,,25.8009102888771,40.4907060763678,82.1639478909227,32.0,39.1666666666667,,,77.108865079777,77.108865079777,60.311306108117,60.311306108117,60.2385843389147,42.0412287862831,66.6666666666667,66.6666666666667,100.0,77.54,98.0,64.3399995172414,100.0,89.2857142857143,68.8509416618332,66.456,44.7556829227699,93.7937491375163,80.149147667901,47.9875,57.9,63.4101,4.077559948,,98.9449234,15.20744,,97.59429932,103.4610214,81.22458649,105.0,4.71400022506714
Bulgaria,BGR,2018,83.134880065918,Europe & Central Asia,Advanced,71.6860168552262,69.0982452779932,62.6196397414207,85.732334385668,71.1894384805587,100.0,55.3122798616497,34.8666666666667,70.0242825089401,47.6359279557229,77.7777777777778,80.16,80.5351716551724,96.5018315018315,70.9617981006984,72.1,100.0,100.0,100.0,,33.9494137009394,48.3128240200626,83.6746018639471,32.0,39.1666666666667,,,78.538776324927,78.538776324927,61.5097886929532,61.5097886929532,56.8599629230421,38.4118929884037,66.6666666666667,66.6666666666667,100.0,80.16,98.0,63.0703433103448,96.3369963369964,96.6666666666667,69.7796129099904,76.39,49.400266648525,93.0799632770754,80.149147667901,48.41,72.1,64.782,4.047090054,,97.03788757,,,96.79232025,104.0439224,83.13488007,100.0,4.933
Bulgaria,BGR,2019,84.7503128051758,Europe & Central Asia,Advanced,71.2491211919471,71.4238045425117,57.3936628108252,87.4383328735632,71.8967497087996,100.0,61.1261780229459,34.8666666666667,64.3823739966148,40.2128941415594,77.7777777777778,82.29,80.0249986206897,100.0,72.4359371359994,69.74,100.0,100.0,100.0,,43.3113216179276,56.0890008040197,83.9782116468905,32.0,39.1666666666667,,,72.7805260683806,72.7805260683806,55.984221924849,55.984221924849,49.3108922193057,31.1148960638131,66.6666666666667,66.6666666666667,100.0,82.29,98.0,62.0499972413793,100.0,100.0,70.2407870090859,76.725,53.5430184265522,93.524583453651,80.149147667901,52.719298245614,69.74,67.947,4.199029922,,97.12626648,,,96.43988037,102.6569366,84.75031281,97.0,5.011
Bahrain,BHR,2015,45.6439860607554,Middle East & North Africa,Transitioner,63.5689180542023,58.9724746161978,65.9920032536637,77.0140335167805,54.4839700293959,100.0,28.4311865404944,38.0,65.3337840640148,49.6462240701444,100.0,58.66,79.4019297586207,92.980170791721,59.3132958700783,35.1666666666667,100.0,100.0,100.0,,12.4237624874068,18.0203981469759,54.8493989871005,33.3333333333333,45.0,,,74.6043130549458,74.6043130549458,56.0632550730838,56.0632550730838,59.689297143653,39.6031509966358,100.0,100.0,100.0,58.66,97.1,61.7038595172414,96.5986394557823,89.3617021276596,56.3845784970334,88.1545,44.7362078992598,85.4717370945909,34.6946598237014,62.4040920716113,35.1666666666667,93.4783,2.668080091,,99.37207794,11.73164,9.86281,102.2143326,100.8134537,43.63837814,49.0,5.96
Bahrain,BHR,2016,46.7631772606016,Middle East & North Africa,Advanced,66.8436086895578,62.6770557069193,64.8995656891834,83.5916629638053,58.7119101263048,100.0,37.6926392672983,38.0,58.5857473315527,53.6631668914057,100.0,71.1,84.9941378275862,94.6808510638298,63.1565543245476,40.9333333333333,100.0,100.0,100.0,,13.9845710957491,27.1552651465964,71.9380815595495,33.3333333333333,45.0,,,67.7985226605988,67.7985226605988,49.3729720025067,49.3729720025067,63.6436734978722,43.6826602849391,100.0,100.0,100.0,71.1,97.1,72.8882756551724,100.0,89.3617021276596,56.4122427866852,82.609,61.3990042197861,88.2630916096079,34.6946598237014,67.4185463659148,40.9333333333333,98.0,2.802482843,,100.3867188,12.05837,9.79181,102.6988678,101.8395081,43.66530991,42.0,6.218
Bahrain,BHR,2017,48.7280981931009,Middle East & North Africa,Advanced,68.9924563365324,65.5583899467165,64.9091215846591,86.5696781149425,61.5044608546767,100.0,44.8959748667913,38.0,59.2815191977435,52.9912847639042,100.0,74.64,85.0690343448276,100.0,65.2055760683459,46.7,100.0,100.0,100.0,,17.0216255094957,35.7808315952186,81.8854674956597,33.3333333333333,45.0,,,68.5781957889871,68.5781957889871,49.9848426064998,49.9848426064998,63.0626844044181,42.9198851233903,100.0,100.0,100.0,74.64,97.4,72.7380686896552,100.0,100.0,55.1342092071772,81.2345,74.7238444466937,89.482916864157,34.6946598237014,62.75,46.7,95.8781,2.327810049,,99.90905762,12.15924,10.1467,100.9250183,101.7575073,45.18643951,41.0,6.08699989318848
Bahrain,BHR,2018,50.2628341348842,Middle East & North Africa,Advanced,67.8413922393117,67.9555275409796,62.1563790385693,79.6489344124295,62.9634538358031,100.0,50.8888188524491,38.0,60.4980793798664,44.892868216557,100.0,78.35,85.1692436551724,75.4275595821161,64.0793172947539,58.5,100.0,100.0,100.0,,21.9414175634875,45.7188026341169,85.0062363597428,33.3333333333333,45.0,,,69.7454665283437,69.7454665283437,51.250692231389,51.250692231389,54.9108709607408,34.8748654723731,100.0,100.0,100.0,78.35,97.5,72.8384873103448,100.0,50.8551191642322,55.0284688459341,79.86,73.7876686048228,85.4557891993113,34.6946598237014,63.0,58.5,98.6447,2.388939857,,98.90895081,11.92315,10.23948,98.7649765,100.4350967,48.53865814,43.0,6.105
Bahrain,BHR,2019,52.9045782700327,Middle East & North Africa,Advanced,71.2491766676906,77.4742322450262,54.7036991194517,89.0946370689655,68.2486180073163,100.0,61.4474853744703,64.4761904761905,60.2525706393178,26.5066771593114,100.0,82.04,85.2439112068965,100.0,68.2657725091454,68.18,100.0,100.0,100.0,,35.4528551440797,62.2687196410315,86.6208813382998,61.9047619047619,68.3333333333333,,,69.4651156548284,69.4651156548284,51.0400256238073,51.0400256238073,36.4869342594479,16.526420059175,100.0,100.0,100.0,82.04,97.625,72.8628224137931,100.0,100.0,55.8423959624614,79.34,93.8842895111079,84.6998288062452,34.6946598237014,65.0753768844221,68.18,99.7015,2.384604454,,99.65667725,,,98.00469208,101.02108,53.6918602,37.0,6.199
Bosnia and Herzegovina,BIH,2015,55.5336608886719,Europe & Central Asia,Transitioner,50.3768705217558,36.4489664160401,53.2475086719158,72.3267536408917,45.8818855578653,56.416,22.4273684210526,24.5580952380952,50.0377998824938,40.6308293471533,84.9002849002849,58.33,77.589654862069,81.0606060606061,53.4523569473316,15.6,99.8,91.14,0.0,,6.65,8.79,51.8421052631579,22.2857142857143,27.9666666666667,,,62.4778168626895,53.2864982762204,46.8004023712474,37.5864820198178,49.1350048193714,32.1266538749352,77.3504273504274,77.3504273504274,100.0,58.33,99.0,56.1793097241379,62.1212121212121,100.0,53.0225528875343,36.637,34.259725836544,64.8980055063805,79.1380005061992,35.25,15.6,52.6,3.018112898,,91.67944336,17.16401,10.14673,91.17048645,83.06999969,48.62343979,96.0,4.949
Bosnia and Herzegovina,BIH,2016,56.9546089172363,Europe & Central Asia,Transitioner,54.1154569940411,39.9910564745196,54.2372245397404,83.0633641140303,47.6009335485809,56.512,31.1865935672515,24.5580952380952,50.6764916797088,42.4664272194998,84.9002849002849,75.64,77.5183463103448,96.031746031746,56.1011669357261,13.6,100.0,91.28,0.0,,10.9241666666667,11.0566666666667,71.5789473684211,22.2857142857143,27.9666666666667,,,62.8008720976561,54.1715409967722,47.1939955724127,38.5395580519943,50.9337513145878,33.9991031244118,77.3504273504274,77.3504273504274,100.0,75.64,99.0,56.0366926206897,92.0634920634921,100.0,54.0021549138652,44.928,40.4564995822866,66.8201796762793,79.1380005061992,35.25,13.6,60.2565,4.264510155,,90.84964752,17.28654,9.73102,90.99767303,82.96060181,48.66814041,87.0,5.163
Bosnia and Herzegovina,BIH,2017,54.528678894043,Europe & Central Asia,Transitioner,54.9462747794258,41.6941921470343,55.4250799325717,81.7197162571355,48.2663294638792,56.8,35.156432748538,24.5580952380952,52.8135432006994,43.2990141805873,84.9002849002849,78.88,77.5151038275862,88.7640449438202,57.432911829849,11.6,100.0,92.0,0.0,,12.4833333333333,11.9333333333333,81.0526315789474,22.2857142857143,27.9666666666667,,,66.1315571924441,55.1774007429691,50.4678105104899,39.4774043568944,51.8031788897111,34.7948494714635,77.3504273504274,77.3504273504274,100.0,78.88,99.0,56.0302076551724,77.5280898876404,100.0,54.4344234216591,43.994,43.8586488378335,70.1114863835529,79.1380005061992,35.25,11.6,64.892,2.83868432,,90.49909973,17.19917,9.34286,91.38408661,84.27436066,46.41592026,90.0,5.18200016021729
Bosnia and Herzegovina,BIH,2018,49.7987518310547,Europe & Central Asia,Transitioner,56.5624532414321,42.3478763575606,56.2816858341286,85.7614189527178,50.0751499141167,58.0,35.5906432748538,24.5580952380952,53.1354133422584,45.1186587929206,84.9002849002849,81.59,77.5257586896552,98.1684981684982,57.4939373926458,20.4,100.0,95.0,0.0,,12.3333333333333,12.3333333333333,82.1052631578947,22.2857142857143,27.9666666666667,,,65.417288235497,56.4698234392909,49.8168349937216,40.8377067005241,53.5860553597526,36.6512622260886,77.3504273504274,77.3504273504274,100.0,81.59,99.0,56.0515173793103,96.3369963369964,100.0,55.1142144729659,43.06,44.3731843972051,69.6892875868589,79.1380005061992,35.25,20.4,70.1201,3.892970085,,88.45281982,16.92651,9.1229,90.63767242,86.10269165,43.15710831,93.0,5.129
Bosnia and Herzegovina,BIH,2019,46.6677894592285,Europe & Central Asia,Transitioner,61.7572097254647,61.077408384852,54.5324346027537,83.0630997094548,52.5783606451245,85.048,42.1950447716537,50.9009523809524,48.7389491119997,45.1419949447421,84.9002849002849,83.75,77.354413,88.0848861283644,59.4929508064056,24.92,100.0,95.0,67.62,,17.6077270629031,24.1066894481817,84.8707178038763,50.8571428571429,50.9666666666667,,,56.49598696759,56.49598696759,40.9819112564095,40.9819112564095,53.5454526216316,36.7385372678527,77.3504273504274,77.3504273504274,100.0,83.75,99.0,55.708826,81.8840579710145,94.2857142857143,55.3901924318025,48.295,49.479586975406,71.6844741186204,79.1380005061992,35.25,24.92,69.9463,4.044499874,,91.37007904,,,90.16313171,85.81581116,41.59703827,78.0,5.386
Belarus,BLR,2015,93.7888271999214,Europe & Central Asia,Transitioner,60.5557805844027,45.8183121634562,62.9459847716062,82.9220205261814,56.2270672695557,61.56,27.8600661229261,50.2514285714286,68.547467001951,53.2354843450538,71.1640211640212,75.93,84.0851037241379,88.7509578544061,62.4171674202779,31.4666666666667,99.8,94.0,10.0,,10.6845423820537,11.557429848252,61.3382261384726,52.9523809523809,46.2,,,81.0988886491184,65.9142502146668,71.0858600509792,56.0908690930398,58.5564824526018,47.9144862375059,66.6666666666667,46.8253968253968,100.0,75.93,99.8,68.3702074482759,96.1685823754789,81.3333333333333,57.5747695704903,40.417,32.7749588844602,77.1776589929112,88.7588104130214,71.1822784810127,31.4666666666667,62.2304,4.787509918,,94.09764099,17.57007,8.36258,96.05220032,97.52033234,98.0328598,59.0,5.813
Belarus,BLR,2016,91.5206757734477,Europe & Central Asia,Transitioner,62.3657078439492,53.8318757854599,58.0446648811978,80.2431356181354,60.335610469229,68.276,41.1779751779355,50.2514285714286,68.2184568394987,50.7556392259296,52.2751322751323,68.41,83.568449,88.7509578544061,64.0861797532029,45.3333333333333,99.9,100.0,20.74,,17.4408649000252,26.6820420336671,79.4110186001142,52.9523809523809,46.2,,,79.9158199791294,66.1985727077091,70.1449469401863,56.6144877309699,55.94701858833,45.5642598635292,50.0,46.8253968253968,60.0,68.41,99.8,67.336898,96.1685823754789,81.3333333333333,57.6809853369516,48.551,31.8209953385834,80.4360649638904,88.7588104130214,74.9170854271357,45.3333333333333,71.113,4.946549892,,94.37683868,18.33759,8.29763,97.34745789,97.04808807,94.75534058,61.0,5.802
Belarus,BLR,2017,89.4706479354735,Europe & Central Asia,Advanced,66.4161238417087,61.2589300080234,58.3116774388492,83.1715562859926,65.4929169548781,76.364,51.6576107343443,50.2514285714286,66.7091522501729,52.9324752093839,52.2751322751323,71.29,83.3094146206897,94.9152542372882,67.0661461935977,59.2,99.9,99.75,41.21,,20.4772481437258,47.282888601464,87.2126954578433,52.9523809523809,46.2,,,76.4473155418532,66.723506173585,66.6062821827539,57.0595051024997,58.1671424562217,47.697807962546,50.0,46.8253968253969,60.0,71.29,99.8,66.8188292413793,100.0,89.8305084745763,57.7744973313681,61.0805,39.6630496123112,82.2946248644205,88.7588104130214,72.5989974937343,59.2,74.4364,4.795000076,,95.61382294,18.80255,8.35604,97.40283203,96.01177216,91.32614899,67.0,5.56899976730347
Belarus,BLR,2018,84.7097808751504,Europe & Central Asia,Advanced,66.7089743794358,64.346646800487,59.5022620268771,80.181715988879,64.5063267062628,85.152,50.5889027155032,50.2514285714286,68.1351154961858,54.4829734334407,52.2751322751323,73.81,82.6774146551724,84.0577333114647,66.1829083828285,57.8,99.9,99.79,63.14,,17.2721458856049,48.7998125331708,85.6947497277339,52.9523809523809,46.2,,,77.2983446172579,68.4917219467766,67.686296279752,59.0640991409566,59.5896024532599,49.3763444136215,50.0,46.8253968253968,60.0,73.81,99.8,65.5548293103448,89.010989010989,79.1044776119403,58.2027082489443,73.61,32.3704024864599,80.2563707657171,88.7588104130214,69.0425,57.8,79.1299,5.381100178,,96.7565918,19.23259,8.56276,96.70580292,95.49971771,84.53964233,73.0,5.483
Belarus,BLR,2019,81.2921953254514,Europe & Central Asia,Advanced,67.1407378462845,65.5545882608375,59.1216364730609,80.7981037030347,64.8923840292693,86.956,51.8047563663794,50.2514285714286,65.8162123112586,55.8503127338276,52.2751322751323,75.9,81.6265862413793,84.8677248677249,67.5692300365866,54.185,99.9,99.79,67.65,,18.9000310475821,50.3497595494736,86.1644785020825,52.9523809523809,46.2,,,70.6088504164788,70.6088504164788,61.0235742060383,61.0235742060383,61.0423373478163,50.658288119839,50.0,46.8253968253969,60.0,75.9,100.0,63.2531724827586,92.5925925925926,77.1428571428572,58.6008265260824,72.1,37.1664959576774,81.8075172861518,88.7588104130214,70.925,54.185,82.7892,4.979489803,100.0,99.11107635,,,95.65020752,94.92053223,80.17201996,81.0,5.323
Belize,BLZ,2016,24.4760136680388,Latin America & Caribbean,Transitioner,57.3924817293704,45.7910317216845,56.1376224793662,72.3598387461703,58.3294637571603,69.36,30.3971092980268,29.4409400123686,38.2416407817785,62.184719943386,79.8353909465021,55.56,70.8828121186608,90.6367041198502,68.4118296964504,18.0,88.9,82.01,46.94,,11.1495872810544,12.7713539955016,67.2703866175245,41.8676561533704,10.8008658008658,,,46.8713386983042,46.8713386983042,29.6119428652527,29.6119428652527,71.5335593529555,52.8358805338165,94.4444444444444,45.0617283950618,100.0,55.56,90.9160385131836,50.8495857241379,81.2734082397004,100.0,81.3789689853468,31.884,43.1263359056396,84.6958311771045,69.6415763239355,94.5488721804511,18.0,44.5757,5.721710205,,105.7593002,20.50666,18.40628,115.6479263,87.49759674,24.31962967,52.0,5.956
Belize,BLZ,2017,24.731690676743,Latin America & Caribbean,Transitioner,60.3130715215749,53.1855802339624,55.6494385426602,73.9824019185841,60.4314018043411,79.984,38.2594805787218,29.4409400123686,38.0916225250446,61.114278358355,79.8353909465021,58.16,73.1505016359021,90.6367041198502,70.9892522554264,18.2,90.0,88.77,66.19,,13.5079559913085,21.491541012468,79.7789447323888,41.8676561533704,10.8008658008658,,,46.7156848431409,46.7156848431409,29.4675602069483,29.4675602069483,70.4570125362926,51.7715441804173,94.4444444444444,45.0617283950618,100.0,58.16,90.9160385131836,55.3849647586207,81.2734082397004,100.0,81.2994218800988,32.607,52.8569163275015,87.7885967455963,69.6415763239355,94.1125,18.2,48.8771,5.949679852,,102.7030487,19.58631,16.5581,114.8181229,84.77844238,24.77198982,50.0,5.95599985122681
Belize,BLZ,2018,24.5883446033139,Latin America & Caribbean,Transitioner,60.8140109427497,58.2232374780144,52.8674111767896,74.4084595852508,59.7183614515171,88.616,42.2216236888518,29.4409400123686,31.4378839672787,60.8129485014443,79.835390946502,60.41,72.1786746359021,90.6367041198502,71.4229518143964,12.9,90.0,96.09,80.45,,16.7247195767196,29.0086560846561,80.9314954051796,41.8676561533704,10.8008658008658,,,40.0767049967824,40.0767049967824,22.7990629377749,22.7990629377749,70.1716712834068,51.4542257194819,94.4444444444444,45.0617283950617,100.0,60.41,90.9160385131836,53.4413107586207,81.2734082397004,100.0,81.1424367072335,33.33,54.4632645280758,88.1274815127374,69.6415763239355,94.15,12.9,53.5936,6.126820087,,104.4744797,19.78332,16.72317,113.6626205,86.31658173,24.64558983,49.0,5.956
Bolivia,BOL,2015,,Latin America & Caribbean,Transitioner,54.1043341434498,44.0356768959644,63.1829881279451,65.6403428678745,46.9194105811254,66.026,24.4060493827682,39.3142857142857,49.4580323747968,67.7110228203676,81.5768302493966,48.41,75.4794473793103,73.0315812243132,55.6659298930734,11.9333333333333,91.99,78.98,40.09,,12.327867266071,21.6788614697211,39.2114194125123,42.1904761904762,35.0,,,72.7525327997242,47.9259139282711,50.9901508213225,26.1635319498694,79.4989797253352,55.9230659154001,92.4778761061948,52.2526146419952,100.0,48.41,92.0,58.9588947586207,81.8840579710145,64.1791044776119,43.6057395809596,44.3225,29.5261059987205,60.8642363354657,80.0603582626895,84.2239185750636,11.9333333333333,37.4868,8.143429756,92.0,89.52144623,16.99771,20.39699,95.82939148,91.79682159,,51.0,5.89
Bolivia,BOL,2016,,Latin America & Caribbean,Transitioner,57.818490038563,54.2381868568014,63.235187032617,64.3527207263779,50.6332843879914,78.258,37.6803242848606,39.3142857142857,49.7909577842823,67.5085946725619,81.5768302493966,49.72,75.4330071034483,67.9051550756854,60.2749388183226,12.0666666666667,91.99,85.5,64.15,,15.7946392032102,35.2839520262693,61.9623816251025,42.1904761904762,35.0,,,73.0111482374271,48.1845293659739,51.3973862025906,26.5707673311375,79.2160491080983,55.8011402370255,92.4778761061948,52.2526146419952,100.0,49.72,92.4,58.4660142068966,71.6312056737589,64.1791044776119,43.8899801269421,49.275,43.1745678181706,64.5117853712482,80.0603582626895,90.2010050251256,12.0666666666667,39.6975,8.15060997,,90.05542755,17.20856,19.609,96.19377136,91.86393738,,59.0,5.822
Bolivia,BOL,2017,,Latin America & Caribbean,Transitioner,61.2777084472129,62.163572908266,63.5115865745689,67.6213136376931,52.8125978181349,85.27,50.481789413522,39.3142857142857,51.6542290313142,69.2511962995545,75.7470822111069,51.97,77.4189953793104,73.474945533769,62.9657472726687,12.2,91.99,90.0,77.18,,20.6600182570866,52.352013015749,78.4333369677305,42.1904761904762,35.0,,,74.6551947294721,49.8285758580189,53.4798822046096,28.6532633331564,80.7211572505216,57.7812353485873,92.4778761061948,34.7633705271259,100.0,51.97,92.8,62.0379907586207,85.1851851851852,61.7647058823529,44.0470102834618,52.7625,52.9457863790281,67.5193314381639,80.0603582626895,87.75,12.2,43.8323,8.097240448,,91.36071014,17.58897,18.90098,97.05889893,90.684021,,58.0,5.82299995422363
Bolivia,BOL,2018,,Latin America & Caribbean,Transitioner,59.0164554364976,65.5106857370312,51.0579428263617,67.0859682508933,54.0611571604829,87.288,56.8315714854351,39.3142857142857,53.5431051903637,36.2282107699871,75.7470822111069,53.89,79.0158448275862,68.3520599250936,64.1014464506037,13.9,98.36,90.0,79.04,,26.3516852945698,65.5647239914336,78.5783051703017,42.1904761904762,35.0,,,75.7135094994983,50.8868906280451,56.1993197526824,31.3727008812292,46.7983968828457,25.6580246571285,92.4778761061947,34.7633705271259,100.0,53.89,93.2,64.8316896551724,70.0374531835206,66.6666666666667,44.1472128967629,56.25,57.303600462192,66.7460606313739,80.0603582626895,88.25,13.9,44.2861,8.015870094,,94.17327881,17.79827,18.49627,97.71598816,90.00900269,,62.0,5.752
Bolivia,BOL,2019,,Latin America & Caribbean,Transitioner,56.755090333468,66.2564795470068,41.4083690556671,68.1102176989378,55.5252505291054,88.384,57.6000560103741,39.3142857142857,29.6629482283035,35.9844333053108,75.7470822111069,55.51,79.613266862069,69.2073862347443,65.6515631613817,15.02,100.0,90.0,80.96,,25.7957353943456,67.0367615943187,79.9676710424581,42.1904761904762,35.0,,,50.8868370675095,26.7952415195217,32.5306549370853,8.43905938909744,45.9273652926239,26.0415013179977,92.4778761061947,34.7633705271259,100.0,55.51,93.6,65.6265337241379,71.3261648745519,67.0886075949367,44.1908715217016,57.245,62.2371800543134,68.0219059682042,80.0603582626895,90.25,15.02,47.4748,8.091039658,,90.82820892,,,98.23863983,90.06549072,,61.0,5.779
Brazil,BRA,2015,49.0805015563965,Latin America & Caribbean,Transitioner,61.9397709921989,47.8619823529737,56.7971204397874,77.6418565747126,69.737354663144,70.3049727750894,11.445221202583,75.8095238095238,84.2501573225215,47.5171102210742,20.4510671117456,54.46,80.0280697241379,98.4375,70.4633599955967,66.8333333333333,90.31,81.9523298969072,48.6551020408163,,8.45854596674609,12.0837996608703,13.7933179801326,75.2380952380952,76.6666666666667,,,100.0,92.6050677926617,76.0996915126933,68.2958699847309,60.6845923670367,34.3496280751117,18.5956505713233,42.7575507639135,0.0,54.46,92.0,68.0561394482759,100.0,96.875,60.498187443226,66.515,42.7134926661807,78.2260880349011,94.9633039855745,85.3164556962025,66.8333333333333,58.328,6.24105978,92.0,,20.58529,16.45139,109.1521835,100.920517,48.43404007,16.0,6.983
Brazil,BRA,2016,48.9665794372559,Latin America & Caribbean,Transitioner,63.7817647701095,57.6694756142619,52.2751376320559,76.0731646066411,72.1628132390241,77.8453752156533,28.4235519152395,75.8095238095238,74.6396795457624,46.2721926940447,19.5519436806654,57.34,80.1048290689655,90.7746647509578,74.4368498821134,63.0666666666667,90.31,82.7829278350516,66.6755102040816,,16.1273827427342,23.9403334019506,45.2029396010335,75.2380952380952,76.6666666666667,,,91.2207831277392,83.4169615997769,65.8623974917479,58.0585759637855,60.00798491354,32.5364004745494,15.8982802780827,42.7575507639135,0.0,57.34,93.0,67.209658137931,84.6743295019157,96.875,60.8503806368634,73.188,52.9655230220929,81.7228805569683,94.9633039855745,90.176322418136,63.0666666666667,60.8725,6.314040184,93.0,,20.31899,16.60114,108.757843,102.5695114,48.33333969,17.0,6.952
Brazil,BRA,2017,50.7326316833496,Latin America & Caribbean,Advanced,65.8040846475882,66.255284188954,49.457754434633,78.4408148131273,72.9481694192558,85.0797779086893,42.6536706589339,75.8095238095238,65.8290893339003,48.4823546741586,18.6658841570473,59.77,80.2735176206897,95.2789268186923,76.3602117740698,59.3,90.31,85.551587628866,81.9928571428571,,22.9069878414585,37.7265311431218,67.3274929922213,75.2380952380952,76.6666666666667,,,82.5004943170955,74.6966727891331,56.9615058786675,49.1576843507052,62.3159734116404,34.6487359366768,13.2401017072285,42.7575507639135,0.0,59.77,93.0,67.5470352413793,100.0,90.5578536373845,60.7803046130581,82.774,57.3241718606188,83.2212784110975,94.9633039855745,88.25,59.3,67.4713,6.32047987,93.0,,20.22308,16.72391,109.8085098,103.0159607,50.02674866,22.0,6.63500022888184
Brazil,BRA,2018,52.05712890625,Latin America & Caribbean,Advanced,66.8058928052474,70.0233597893181,47.6811191592165,80.8140455402299,73.8214983984155,86.5167542352199,50.6368833333134,75.8095238095238,66.5823054383922,43.2875503811253,18.6658841570473,61.78,80.6621366206897,100.0,77.8518729980193,57.7,90.31,87.341987628866,83.7948979591837,,30.0547365420349,48.8903866936875,72.9655267642178,75.2380952380952,76.6666666666667,,,83.4368454784384,75.6330239504761,57.5315869263083,49.727765398346,57.3195654301958,29.2555353320549,13.2401017072285,42.7575507639135,0.0,61.78,93.0,68.3242732413793,100.0,100.0,60.9251888363321,92.36,61.6187525961343,82.1971195720556,94.9633039855745,86.75,57.7,70.4343,6.088510036,93.0,,,,108.623291,105.0070724,51.19168854,28.0,6.419
Brazil,BRA,2019,53.6215400695801,Latin America & Caribbean,Advanced,66.0996958679665,73.2564105662685,40.8095236780528,81.4552417701149,78.3919823661059,87.0100580685883,58.2262064423212,75.8095238095238,52.8675584992313,34.2399904937724,29.8325204042566,63.37,80.9957253103448,100.0,78.7024779576324,77.15,90.31,87.6742268041237,84.6959183673469,,36.7943775900659,60.7826018454352,77.1016398914624,75.2380952380952,76.6666666666667,,,73.3325092096463,58.3078645501425,47.42725244832,32.4026077888162,48.2720045728241,20.2079764147206,13.2401017072284,76.2574595055413,0.0,63.37,93.0,68.9914506206896,100.0,100.0,61.1157727537338,89.71,64.9820065774422,83.2213064714113,94.9633039855745,88.75,77.15,73.9124,5.963469982,,,,,107.4074707,103.9532776,52.62406158,32.0,6.3
Bhutan,BTN,2015,,South Asia,Emerging,43.0757871510279,33.9671948452746,53.8449215902949,60.5889575231638,31.0695510461617,55.004,17.2473204465199,25.3333333333333,47.439971471423,37.1723325043142,100.0,41.59,57.8049102068966,82.3719623625949,35.2119388077021,14.5,98.0,65.54,22.97,,4.51304683052823,4.21528222210046,43.0136322869309,33.3333333333333,13.3333333333333,,,60.3069710776921,50.4416478327928,44.4685128173496,34.5427541578575,45.7842332449041,28.5604317637242,100.0,100.0,100.0,41.59,67.0,48.6098204137931,100.0,64.7439247251899,46.6984140485529,28.1465,24.1119437173652,53.8559887824014,37.3200974901911,0.0,14.5,39.8,5.782699108,,94.79042816,40.00443,12.14578,102.4833566,85.19419098,,79.0,5.253
Bhutan,BTN,2016,,South Asia,Emerging,48.0979211175864,42.7913575832565,55.2117216220854,64.0403759254627,35.3723566981904,67.208,21.3894415771889,36.7619047619048,48.6707105238536,48.2210273937937,82.2751322751323,51.65,58.0991654137931,82.3719623625949,39.915445872738,17.2,98.0,74.93,44.09,,6.74548632222191,9.52217829859637,47.9006601107484,52.3809523809524,13.3333333333333,,,61.7319131613946,51.4830072165891,45.8911726384286,35.576749079002,56.8369172183201,39.6051375692674,100.0,46.8253968253968,100.0,51.65,67.0,49.1983308275862,100.0,64.7439247251899,47.047057120691,31.884,35.859383404543,63.408691348265,37.3200974901911,0.0,17.2,46.5,5.891593933,,96.62175751,38.03778,11.41873,100.9430695,85.68351746,,84.0,5.196
Bhutan,BTN,2017,14.8354989456323,South Asia,Transitioner,53.69493526045,55.5428754950069,58.3157171141257,65.524014650217,39.1668652018102,80.64,34.1219506422792,48.1904761904762,57.4895762708821,47.1621503768661,82.2751322751323,55.17,58.3934206551724,83.0086232954786,43.9835815022628,19.9,98.0,81.27,71.33,,12.4093821179217,22.4331413397306,67.5233284691853,71.4285714285714,13.3333333333333,,,70.4039128531439,60.4125399436406,54.6310215595855,44.5108307271586,55.7755762024604,38.5487245512717,100.0,46.8253968253969,100.0,55.17,67.0,49.7868413103448,100.0,66.0172465909573,49.8416890518617,40.942,46.1066856011455,66.1784353681155,37.3200974901911,0.0,19.9,54.3,6.227416515,67.0,94.96681213,34.56294,11.0089,99.73843335,86.61470032,14.77133751,97.0,5.01100015640259
Bhutan,BTN,2018,14.9303808051574,South Asia,Transitioner,55.8921490551519,61.8369171471387,57.6061887241812,66.7254330525159,41.0577230088846,88.788,41.7090547726088,48.1904761904762,58.695521993119,44.182383679768,82.2751322751323,58.48,58.687675862069,83.0086232954786,46.7971537611057,18.1,98.0,87.97,85.0,,17.4413538025724,38.1424167866036,69.5433937286503,71.4285714285714,13.3333333333333,,,69.6517999768936,63.5604419341911,53.9023959898592,47.667450071532,52.791087605375,35.573679754161,100.0,46.8253968253968,100.0,58.48,67.0,50.3753517241379,100.0,66.0172465909573,49.5900323398716,50.0,53.6103287489964,68.4653102264694,37.3200974901911,0.0,18.1,63.5,5.743712902,,84.58547974,34.66868,10.81456,99.28786575,87.52884674,14.87888336,97.0,5.082
Bhutan,BTN,2019,15.9420291550317,South Asia,Transitioner,56.5273501089116,64.2062451419231,53.5181489645082,70.3281386805574,42.2500306341126,89.6,46.8203747595698,48.1904761904762,50.9005557463974,41.757250527307,82.2751322751323,61.89,58.9819311034483,90.1124849382239,48.2575382926407,18.22,98.0,90.0,85.0,,19.6458772695571,42.859921388223,77.9553256209292,71.4285714285714,13.3333333333333,,,72.2308175747895,45.474429975754,56.3266815170407,29.5702939180052,50.3719908919209,33.142510162693,100.0,46.8253968253968,100.0,61.89,67.0,50.9638622068966,100.0,80.2249698764479,49.5736935613449,59.12,55.6323970788965,69.2015033327711,37.3200974901911,0.0,18.22,74.1794,4.509827614,,75.73297882,,,97.96216381,,15.90780163,95.0,5.082
Botswana,BWA,2015,26.8692925538756,Sub-Saharan Africa,Emerging,39.6736347522042,30.0365699394626,40.2692300025845,55.2741241481481,37.0563322402125,59.62,3.94761532484688,23.0476190476191,10.7906886252509,41.0728625716866,97.6190476190476,37.88,63.497928,64.4444444444444,39.8037486335989,26.0666666666667,98.0,82.77,17.28,,5.74258806483597,6.10025790970465,0.0,18.8571428571429,29.3333333333333,,,22.6064708568311,20.5562836441723,0.0,0.0,55.1039143867572,27.0418107566161,96.4285714285714,96.4285714285713,100.0,37.88,85.0,41.995856,100.0,28.8888888888889,45.7207994765134,29.4845,24.0467812953829,51.7474615928199,47.2614508032784,31.0,26.0666666666667,37.3121,8.394579887,,,23.71279,,97.9927597,,27.16739082,128.0,4.332
Botswana,BWA,2016,22.6605855291776,Sub-Saharan Africa,Emerging,44.8114088086663,38.4570800813692,44.3663173056496,58.8312813108092,40.1713471668374,67.636,16.9828906796134,23.0476190476191,12.3475405474581,49.758728907142,97.6190476190476,52.42,63.4172782758621,60.6565656565657,41.5808506252134,34.5333333333333,98.0,85.0,35.09,,6.29667231942204,6.50772311609289,38.1442766033253,18.8571428571429,29.3333333333333,,,25.7201747012457,23.6699874885869,0.0,0.0,63.7886534855544,35.7288043287295,96.4285714285714,96.4285714285714,100.0,52.42,85.0,41.8345565517241,92.4242424242424,28.8888888888889,45.5216130648194,28.261,29.8679751363831,55.6227141215862,47.2614508032784,31.0,34.5333333333333,42.2576,8.73589325,,,,,,,23.28824997,137.0,3.974
Botswana,BWA,2017,21.4762885165012,Sub-Saharan Africa,Transitioner,51.2697547321678,44.9000177233034,56.8051567313889,63.2317333152709,42.8425781461647,78.144,22.5822347844489,23.0476190476191,43.3369176082197,49.8664504107288,97.6190476190476,54.93,63.3366285172414,71.4285714285714,42.8032226827058,43.0,98.0,85.0,61.36,,6.52254655404731,9.84343360358909,51.3807241957103,18.8571428571429,29.3333333333333,,,57.3153762323438,55.265189019685,31.4086461967543,29.3584589840955,63.8992625133398,35.8336383081178,96.4285714285714,96.4285714285714,100.0,54.93,85.0,41.6732570344828,100.0,42.8571428571429,45.2851911926043,24.5455,34.2038839952609,59.4928374223856,47.2614508032784,31.0,43.0,47.8587,7.809244633,,,,,,,22.4400692,142.0,3.76600003242493
Botswana,BWA,2018,,Sub-Saharan Africa,Transitioner,53.6904494263264,49.6485864967729,59.64838229083,65.1599480624834,43.0627608015481,83.436,29.1616567181228,23.0476190476191,41.570068710722,58.7413632068291,97.6190476190476,56.81,63.2559787931035,75.4138653943469,42.8284510019351,44.0,98.0,85.0,74.59,,7.91247885950548,12.2576138469796,67.3148774478834,18.8571428571429,29.3333333333333,,,53.4005462310379,55.641581159037,27.498556262407,29.7395911904061,72.7716077731708,44.7111186404873,96.4285714285714,96.4285714285714,100.0,56.81,85.0,41.5119575862069,92.3371647509579,58.4905660377358,45.0560208635498,20.83,37.1633685523575,58.7464147904897,47.2614508032784,31.0,44.0,54.2022,7.905385971,,,,,,,,146.0,3.59
Botswana,BWA,2019,21.4965480211896,Sub-Saharan Africa,Transitioner,54.3092222933651,53.4464732259744,54.6827752846661,65.8321718365478,45.2154181399661,90.0,32.0923735411264,23.0476190476191,26.6357902116649,61.2616241904765,97.6190476190476,58.05,63.1753290689655,76.271186440678,44.3867726749577,48.53,98.0,88.0,88.0,,10.0559879792321,16.0994458710517,70.1216867730954,18.8571428571429,29.3333333333333,,,49.4069697884352,29.7721420452706,23.4994383780591,3.86461063489455,75.2948703710969,47.2283780098562,96.4285714285714,96.4285714285714,100.0,58.05,85.0,41.350658137931,100.0,52.5423728813559,46.6836651049186,28.65,38.3265981042008,59.8371493623906,47.2614508032784,31.0,48.53,61.3865,8.398996353,,,,,,,22.97429085,148.0,3.488
Central African Republic,CAF,2015,,Sub-Saharan Africa,Discoverer,19.1702187526986,16.7364438672439,16.3232629774917,20.8792771973995,23.6767807141761,26.668,1.10833333333333,28.1295526695527,1.49254349939855,5.62577437213824,67.379679144385,16.13,21.9688245,24.5390070921986,29.5376425593868,0.233333333333333,55.5,38.92,0.0,,1.33833333333333,1.98666666666667,0.0,25.7792207792208,31.6550505050505,,,2.9850869987971,2.9850869987971,0.0,0.0,11.2515487442765,0.0,70.1680672268908,31.9709702062643,100.0,16.13,37.4,6.537649,29.0780141843972,20.0,66.7886288984018,1.9685,0.863885572185353,50.7664550181855,6.15757496952738,44.2548366772677,0.233333333333333,2.9,1.91022861,,,,,,,,148.0,3.678
Central African Republic,CAF,2017,,Sub-Saharan Africa,Discoverer,21.6353161748966,17.826354978355,18.9907902784711,21.9537435272833,29.4807691943365,26.94,3.56111111111111,28.1295526695527,3.08107427456711,10.706061849418,67.379679144385,20.1,22.8930135275862,22.8682170542635,36.6759614929206,0.7,55.5,39.6,0.0,,4.35,6.33333333333333,0.0,25.7792207792208,31.6550505050505,,,6.16214854913423,6.16214854913423,0.0,0.0,20.7159140942168,0.696209604619225,70.1680672268908,31.9709702062643,100.0,20.1,37.4,8.38602705517241,45.7364341085271,0.0,75.3714577752867,10.415,1.68458236527652,63.1623718789642,6.15757496952738,63.5926409510964,0.7,4.0,1.753650188,,48.72856522,,31.63737,110.7114187,15.42516041,,155.0,2.69300007820129
Central African Republic,CAF,2018,,Sub-Saharan Africa,Discoverer,22.0739982851175,17.9974660894661,18.8879733882414,22.6325441100419,30.85985749947,26.94,3.98888888888889,28.1295526695527,3.38922524916371,10.1408686492473,67.379679144385,21.66,23.3694152758621,22.8682170542635,37.6748218743375,3.6,55.5,39.6,0.0,,4.9,7.06666666666667,0.0,25.7792207792208,31.6550505050505,,,6.77845049832743,6.77845049832743,0.0,0.0,20.1510527588041,0.130684539690451,70.1680672268908,31.9709702062643,100.0,21.66,37.4,9.33883055172413,45.7364341085271,0.0,75.1556916357586,20.83,1.88274497229453,63.4379665295233,6.15757496952738,62.6502625291676,3.6,5.1,1.565876007,37.0,,,,,,,155.0,3.083
Central African Republic,CAF,2019,,Sub-Saharan Africa,Discoverer,22.4535769067161,18.4685772005772,18.0500982798799,24.6284099305483,30.959415739225,26.94,5.16666666666667,28.1295526695527,0.698616504524588,10.7367896229828,67.379679144385,24.64,26.3770127373813,22.8682170542635,37.8442696740312,3.42,55.5,39.6,0.0,,5.03333333333333,10.4666666666667,0.0,25.7792207792208,31.6550505050505,,,2.79446601809835,0.0,0.0,0.0,20.7461146436649,0.727464602300609,70.1680672268908,31.9709702062643,100.0,24.64,42.4427909851074,10.3112344896552,45.7364341085271,0.0,74.9162965800768,16.885,2.18794990004117,67.287623360209,6.15757496952738,60.4588071206038,3.42,7.50916,1.767920732,42.44279099,,,,,,,155.0,3.083
Canada,CAN,2015,67.2690963745117,North America,Advanced,77.0076291539942,72.2668500894058,79.7079688552521,73.6325906071885,82.9132737650099,97.8,49.0099823663716,67.7142857142857,68.8993305317758,80.3705916063543,100.0,69.35,85.2779305517241,66.2698412698413,83.5915922062623,80.2,99.0,99.0,96.0,,33.2711886997082,47.5984295641219,66.1603288352845,56.1904761904762,85.0,,,80.9385910819698,70.6764534472097,67.122207616342,56.8600699815819,87.8544659835694,72.8867172291393,100.0,100.0,100.0,69.35,99.0,71.5558611034483,32.5396825396826,100.0,83.4684395618286,93.495,47.3236670753297,94.7622337940756,95.6561206000776,100.0,80.2,90.0,4.739379883,,,,,99.84114075,111.9304504,67.40316772,5.0,7.427
Canada,CAN,2016,69.2459411621094,North America,Leader,80.1717396466292,76.1802155872082,80.2169965219863,79.7419421816771,84.7792999751343,98.26,58.3333961108777,67.7142857142857,69.6002868637898,80.942204441176,100.0,68.45,85.5437590344828,85.2320675105485,85.7241249689179,81.0,99.3,99.0,97.0,,42.1638813988948,56.9546037778709,75.8817031558673,56.1904761904762,85.0,,,81.3963597605444,71.1342221257843,68.0663516017952,57.8042139670352,88.1626255271651,73.7217833551869,100.0,100.0,100.0,68.45,99.0,72.0875180689655,70.464135021097,100.0,83.8288118142557,95.652,55.0449524604268,96.2647399698294,95.6561206000776,100.0,81.0,91.16,4.816420078,,,,,98.54702759,111.7702866,69.50685883,6.0,7.404
Canada,CAN,2017,70.2687072753906,North America,Leader,82.7751750891834,80.5679719983168,81.098742500336,84.0543959474992,85.4797903973389,99.08,68.4827871386492,67.7142857142857,70.292928265382,82.453927985458,100.0,70.74,85.4772418965517,95.9459459459459,86.3997379966736,81.8,99.4,99.0,99.0,,57.3534885177974,66.8886186298381,81.2062542683121,56.1904761904762,85.0,,,82.2341055969252,71.9719679621652,68.6138885685988,58.3517509338388,89.8315455424681,75.0763104284478,100.0,100.0,100.0,70.74,99.0,71.9544837931034,100.0,91.8918918918919,84.0516108109392,94.356,57.0732805430854,98.0396780292657,95.6561206000776,100.0,81.8,92.7014,4.959969997,,,,,98.77420807,111.8021011,70.62715912,7.0,7.31599998474121
Canada,CAN,2018,69.3507232666016,North America,Leader,83.7262866926654,83.5059809314839,86.8517147123101,77.979230677782,86.8905200183773,99.08,75.8278094715669,67.7142857142857,81.4058153265877,85.7234714541874,100.0,72.96,85.7029667586207,75.2747252747253,86.3131500229716,89.2,99.4,99.0,99.0,,75.2625463143288,70.3559605213856,81.8649215789864,56.1904761904762,85.0,,,94.6398058871988,81.3100524148921,81.5015782382833,68.1718247659766,92.8400114306833,78.6069314776915,100.0,100.0,100.0,72.96,99.0,72.4059335172414,74.3589743589743,76.1904761904762,84.2684290587114,93.06,59.0145867695359,96.0966136865331,95.6561206000776,100.0,89.2,94.64,4.888979912,,,,,99.02101898,111.4529724,69.57759857,7.0,7.328
Canada,CAN,2019,73.1128768920898,North America,Leader,85.0528924523982,91.7079881917658,80.3276250584572,80.4972846892614,88.2476249335905,99.1,86.3128276222716,87.7142857142857,64.5305979437944,86.2884647023486,100.0,74.06,85.4796885862069,81.9521654815772,86.9507811669881,93.435,99.5,99.0,99.0,,93.454265200595,82.7067680633345,82.7774496028855,89.5238095238095,85.0,,,77.848574121381,64.0674099531966,64.9937859343921,51.2126217662077,93.2514749703009,79.3254544343962,100.0,100.0,100.0,74.06,99.0,71.9593771724138,78.021978021978,85.8823529411765,84.5038883847807,88.59,63.7411188696016,96.5577779804805,95.6561206000776,100.0,93.435,91.9129,4.772930145,,,,,97.78842926,110.8582993,72.81506348,9.0,7.278
Switzerland,CHE,2015,60.8185615539551,Europe & Central Asia,Advanced,79.7145094263166,72.5573968451078,96.4731546376418,86.7389010351162,66.5039471586713,98.8,46.2020635413409,72.7828571428571,91.1828865941044,100.0,100.0,81.9,86.5162750689655,91.8004280363831,71.1882672816725,47.7666666666667,100.0,99.0,98.0,,27.5438842899889,40.0474976684655,71.0148086655683,61.9047619047619,89.1,,,100.0,92.4962264386494,92.7825367050374,79.4527832327307,100.0,100.0,100.0,100.0,100.0,81.9,100.0,73.032550137931,88.0952380952381,95.5056179775281,88.6005600581953,55.269,37.2268852565323,100.0,56.581955196199,91.7948717948718,47.7666666666667,87.4791,4.99559021,,96.63136292,,,102.1559296,103.9133911,60.81856155,1.0,7.587
Switzerland,CHE,2016,61.1939888000488,Europe & Central Asia,Leader,81.7197907281594,77.5420281477368,96.4566396064599,84.7535256786775,70.3528873378532,99.52,57.9436417979135,72.7828571428571,91.1415990161498,100.0,100.0,81.0,86.7437231034483,86.5168539325843,72.8827758389831,60.2333333333333,100.0,99.4,99.4,,34.9400889979573,55.9850839710626,82.9057524247207,61.9047619047619,89.1,,,100.0,92.5680996448268,92.6640249460396,79.334271473733,100.0,100.0,100.0,100.0,100.0,81.0,100.0,73.4874462068965,77.5280898876404,95.5056179775281,88.7852243551586,60.145,41.6057785909264,100.0,56.581955196199,94.7368421052632,60.2333333333333,89.1347,4.981639862,,94.90242767,10.13562,9.7742,101.9025269,104.0951309,61.1939888,2.0,7.509
Switzerland,CHE,2017,62.4597206115723,Europe & Central Asia,Leader,83.8569162587105,81.1388416002001,96.4735736886207,85.5808404200195,73.8145258069919,99.92,66.5356754290717,72.7828571428571,91.1839342215519,100.0,100.0,82.92,86.6699679310345,87.1525533290239,74.0931572587399,72.7,100.0,99.9,99.9,,43.6190201454201,70.8005483756239,85.1874577661712,61.9047619047619,89.1,,,100.0,92.560921338069,92.7522845102226,79.4225310379159,100.0,100.0,100.0,100.0,100.0,82.92,100.0,73.339935862069,89.010989010989,85.2941176470588,89.0512496812818,72.4325,43.6163314162187,100.0,56.581955196199,90.0,72.7,89.6861,5.017650127,,95.35915375,9.92873,9.82943,101.8333282,103.9000626,62.45972061,4.0,7.49399995803833
Switzerland,CHE,2018,64.3533935546875,Europe & Central Asia,Leader,85.7242089708144,83.5010374781369,98.9722942090038,86.09206115954,75.900621265529,99.92,72.9944984572469,71.6761904761905,97.4307355225095,100.0,100.0,84.2,86.7875855517241,87.2885979268958,75.1757765819113,78.8,100.0,99.9,99.9,,54.5693201197617,78.66417005731,85.7500051946692,61.9047619047619,86.3333333333333,,,100.0,100.0,100.0,89.7229420900378,100.0,100.0,100.0,100.0,100.0,84.2,100.0,73.5751711034483,82.2695035460993,92.3076923076923,89.2618079124582,84.72,43.300119800899,100.0,56.581955196199,88.75,78.8,91.8,4.930089951,,94.42372131,,,101.8372421,104.1880264,64.35339355,5.0,7.487
Switzerland,CHE,2019,66.3093414306641,Europe & Central Asia,Leader,86.702003510887,90.8963873540206,89.2952583341724,89.3990566755505,77.8768857761686,99.92,81.4828731469563,91.6761904761905,75.7497054973346,97.4884403380964,100.0,84.76,87.1001736896552,96.3369963369963,76.6248572202108,82.885,100.0,99.9,99.9,,63.2919817143258,95.1535869444798,86.0030507820632,95.2380952380952,86.3333333333333,,,93.1724180050699,72.0452586076062,79.4541523870629,58.3269929895993,100.0,94.9768806761927,100.0,100.0,100.0,84.76,100.0,74.2003473793103,92.6739926739927,100.0,89.4740118590389,83.83,51.0578416588814,100.0,56.581955196199,88.1909547738694,82.885,93.1461,5.014389992,,93.59322357,,,101.5930481,104.0711136,66.30934143,6.0,7.48
Chile,CHL,2015,86.4181137084961,Latin America & Caribbean,Advanced,69.2342493374339,56.107193372713,72.9428218996739,83.1052064942529,67.5545511690624,87.6,23.6679834317824,58.0,62.5282221172473,83.7366599137936,72.1843454362877,63.71,85.6056194827586,100.0,75.018188961328,37.7,96.0,95.0,76.0,,13.8231885303418,18.4119136058652,38.7688481591403,66.6666666666667,45.0,,,71.9590530432448,71.9590530432448,53.0973911912498,53.0973911912498,93.9533934169575,73.5199264106296,70.1680672268908,46.3849690819724,100.0,63.71,97.0,74.2112389655172,100.0,100.0,64.4845785737911,79.7125,55.0703615652933,75.5392006243435,96.7228325242249,86.8354430379747,37.7,76.6296,4.903900146,97.0,97.77294922,18.3778,19.44185,101.7125092,100.9216766,86.41811371,27.0,6.67
Chile,CHL,2016,88.8458862304688,Latin America & Caribbean,Advanced,72.337282155529,64.3209832646015,74.6729929157318,81.6075183283606,69.8557798932245,89.2,42.6024581615036,58.0,67.0524158017745,83.5378937694112,72.1843454362877,62.56,85.8086542758621,96.4539007092199,78.0197248665306,37.2,96.0,95.0,80.0,,21.7107998426708,39.8199151135301,66.27665952831,66.6666666666667,45.0,,,76.4833708393069,76.4833708393069,57.6214607642422,57.6214607642422,93.7547617267379,73.3210258120844,70.1680672268908,46.3849690819724,100.0,62.56,96.5,75.1173085517241,92.9078014184397,100.0,64.9377295609773,77.536,65.8391851566874,78.3308770907634,96.7228325242249,91.0,37.2,83.5586,5.36646986,,98.39784241,18.00111,18.81748,101.5851898,101.4881363,88.84588623,24.0,6.705
Chile,CHL,2017,89.921989440918,Latin America & Caribbean,Advanced,74.589464210839,69.6791055407586,74.978151587819,83.6684252758621,70.8126844160134,93.6,51.5977638518966,58.0,67.768949427196,83.5842568242078,72.1843454362877,65.09,85.9152758275862,100.0,79.3408555200167,36.7,96.0,97.0,89.0,,24.5232230789564,49.6897261555591,80.5803423211743,66.6666666666667,45.0,,,77.1999108526731,77.1999108526731,58.3379880017188,58.3379880017188,93.801131701808,73.3673819466075,70.1680672268908,46.3849690819724,100.0,65.09,96.0,75.8305516551724,100.0,100.0,65.2201355083135,80.433,70.137524579156,80.9072849883892,96.7228325242249,87.0,36.7,82.3275,5.432789803,96.0,98.154953,17.79358,18.36688,101.3962784,102.2948227,89.92198944,20.0,6.65199995040894
Chile,CHL,2018,91.1974792480469,Latin America & Caribbean,Advanced,75.207230709885,71.7496539657183,74.4881867763677,82.2066159731801,72.8155953822141,95.6,54.7741349142958,58.0,77.4492969719866,72.6789972507887,72.1843454362877,67.24,86.0465145862069,93.3333333333333,79.2694942277676,47.0,96.0,97.0,94.0,,25.7891749829187,56.1005915794693,82.4326381804996,66.6666666666667,45.0,,,86.8801541895742,86.8801541895742,68.018439754399,68.018439754399,82.8957592365086,62.4622352650688,70.1680672268908,46.3849690819724,100.0,67.24,96.0,76.0930291724138,100.0,86.6666666666666,65.4762621469088,83.33,68.8907132562902,79.2176632114142,96.7228325242249,88.75,47.0,84.9,5.473060131,,98.15183258,,,101.5380173,103.1730499,91.19747925,25.0,6.476
Chile,CHL,2019,92.0659713745117,Latin America & Caribbean,Advanced,76.085832850082,74.2990142914148,69.0230023951769,85.1124261034483,76.7795083187639,97.0,59.7475357285369,58.0,60.6157617256513,75.8495715441472,72.1843454362877,69.04,86.2972783103448,100.0,81.4956353984549,57.915,99.0,97.0,96.0,,27.8257760343898,68.6265523880064,82.7902787632146,66.6666666666667,45.0,,,73.7931121250667,67.6270895752309,53.6044338760717,47.4384113262358,86.7851055956862,64.9140374926082,70.1680672268908,46.3849690819724,100.0,69.04,96.0,76.5945566206896,100.0,100.0,65.5923870747531,84.31,77.3086974892931,80.4492599040033,96.7228325242249,90.5,57.915,85.0176,5.626309872,,97.44532013,,,101.1932068,104.4057693,92.06597137,26.0,6.444
China,CHN,2015,47.1192619330726,East Asia & Pacific,Advanced,70.6106565119005,68.7018439372967,74.8838039483029,77.3849659426897,62.4407499800293,97.1,49.0355622241942,51.2380952380952,74.3100104857143,66.6744281599717,92.4501424501424,68.5,76.8234293103448,86.8314685177244,65.5009374750367,50.2,99.5,98.0,95.0,,36.8386166863294,47.5347162677655,62.7333537184878,34.2857142857143,76.6666666666667,,,91.3480574529045,73.72708183994,74.8929391314886,57.2719635185241,75.5876172507386,57.7612390692047,100.0,77.3504273504274,100.0,68.5,96.8,56.8468586206897,85.9649122807018,87.698024754747,57.6671854315234,68.7205,41.2790772064437,71.7261350915669,74.4922416658514,95.959595959596,50.2,50.3,4.242012501,,,16.29441,13.81544,97.15444183,,47.43537903,84.0,5.14
China,CHN,2016,49.309077375597,East Asia & Pacific,Advanced,73.8496370545448,74.0793244087709,75.2222789103195,78.9427585683817,67.6141609662076,99.1,60.4792634028795,51.2380952380952,75.7712107828203,66.0594152679073,92.4501424501425,70.72,77.6356074137931,88.472668291352,70.4427012077594,56.3,99.5,99.0,99.0,,45.5876994635745,66.0108739725211,69.839216772543,34.2857142857143,76.6666666666667,,,92.6967955198478,75.0758199068833,76.4666016587573,58.8456260457927,74.850770275998,57.2680602598166,100.0,77.3504273504274,100.0,70.72,96.8,58.4712148275862,89.247311827957,87.698024754747,59.6610409781458,76.812,55.9620663425516,75.3171570522483,74.4922416658514,96.75,56.3,53.2,4.206385136,,,16.54936,13.49871,97.39061737,,49.70835876,83.0,5.245
China,CHN,2017,51.0678812273407,East Asia & Pacific,Advanced,76.4729563903598,78.870643722559,76.0968734638462,82.0602391487797,69.4410921651584,99.1,72.4575616873499,51.2380952380952,77.5253451131769,66.4917673213674,92.4501424501424,73.87,78.4617050689655,93.8490123773735,71.2013652064479,62.4,99.5,99.0,99.0,,52.5593783739833,87.8548424761705,76.9584642118959,34.2857142857143,76.6666666666667,,,94.6201195560007,76.9991439430362,78.0515462833177,60.4305706703532,75.466411177404,57.5171234653308,100.0,77.3504273504273,100.0,73.87,96.8,60.123410137931,100.0,87.698024754747,59.9764869264086,81.461,64.4703679726469,76.0872294673328,74.4922416658514,80.5,62.4,54.3,4.111331463,,,16.59383,13.30917,97.92211914,,51.5827713,79.0,5.27299976348877
China,CHN,2018,53.3987984572814,East Asia & Pacific,Advanced,78.601838353026,78.807195818769,77.7519958431401,82.3040885234852,75.6888634864976,99.1,70.2989419278748,55.2380952380952,79.5114919683296,68.6434264144495,92.4501424501425,76.4,79.301960862069,91.2103047083868,73.911079358122,82.8,99.5,99.0,99.0,,47.5373690005312,81.6244451882575,81.7350115948357,34.2857142857143,86.6666666666667,,,96.4370765286576,78.8161009156931,80.2068830209661,62.5859074080016,77.4347812311157,59.8520715977833,100.0,77.3504273504274,100.0,76.4,96.8,61.8039217241379,100.0,82.4206094167736,59.8931127125881,86.11,70.9227602548633,74.3172821573071,74.4922416658514,93.75,82.8,59.2,4.024424076,,,16.42675,13.25879,98.17035675,,54.00762177,86.0,5.246
China,CHN,2019,56.6050917923292,East Asia & Pacific,Advanced,78.0469681340989,81.1111318340211,70.7413287401007,83.6454031835725,77.3087041808416,99.18,75.978781966005,55.2380952380952,70.092050510297,58.0149586555889,97.4926253687316,78.44,80.2066174137931,92.2895921369243,74.719630226052,87.665,99.9,99.0,99.0,,51.7876774732217,92.7097622937673,83.4389061310261,34.2857142857143,86.6666666666667,,,84.5174216738851,71.6745491243533,68.5095518962408,55.6666793467089,66.6858881184796,49.3440291926982,100.0,92.4778761061947,100.0,78.44,96.9,63.5132348275862,100.0,84.5791842738485,60.2391224226687,88.35,72.7766089439568,73.7901780977831,74.4922416658514,96.25,87.665,64.0809,4.059394836,,,,,98.2354126,,57.27544022,93.0,5.191
Cote d'Ivoire,CIV,2015,8.46433224598306,Sub-Saharan Africa,Discoverer,32.7282837451521,29.2548071195352,44.9647930808711,34.9599467525185,24.9489530687838,49.44,9.12558922740951,29.1428571428571,34.4557713388215,38.2179193523369,79.4765840220386,40.86,33.1089875443772,30.9108527131783,23.8028580026464,29.5333333333333,95.0,71.1,5.0,,6.76047615087789,5.02996747367608,15.5863240576746,28.5714285714286,30.0,,,45.4723219137898,41.181099773132,27.730442904511,23.4392207638531,47.8281038156963,28.6077348889776,63.2231404958677,100.0,75.2066115702479,40.86,47.0198402404785,19.1981348482759,53.4883720930232,8.33333333333335,29.6625670764486,18.0815,5.438151443482,35.9292202029944,14.4336012903067,49.02,29.5333333333333,38.44,3.494129896,,58.07336044,42.0505,,85.89230347,41.66373825,8.899279594,151.0,3.655
Cote d'Ivoire,CIV,2016,8.89557845705252,Sub-Saharan Africa,Emerging,37.8487171349038,46.7459748764206,47.9270379066551,33.2030770926811,27.5868117814327,64.9,26.8220800481943,50.2857142857143,34.4562576180127,45.6230451376057,79.4765840220386,42.88,35.5295975784096,21.1996336996337,25.5918480601242,35.5666666666667,95.0,85.85,28.9,,9.04185454397176,11.980539265945,59.4438463346661,57.1428571428571,40.0,,,45.4725416903272,41.1813195496693,27.7311956863561,23.4399735456982,55.2329408897567,36.0131493854547,63.2231404958678,100.0,75.2066115702479,42.88,50.039680480957,21.0195146758621,34.065934065934,8.33333333333335,29.9841628821412,18.841,11.0065628057506,38.6044133224226,14.4336012903067,49.02,35.5666666666667,41.2078,3.935930014,50.03968048,61.36737823,42.50102,25.83658,90.13424683,43.8949585,9.092769623,139.0,3.916
Cote d'Ivoire,CIV,2017,9.52488768872621,Sub-Saharan Africa,Emerging,41.0068992857593,48.8777016382176,49.3009451220548,38.7662675771384,30.2696720898638,64.9,30.1513969526869,54.2857142857143,36.3135314330956,47.2005393610222,79.4765840220386,44.45,36.6295408443772,35.219261887038,27.4370901123298,41.6,95.0,85.85,28.9,,10.2886548686331,15.8894172719785,64.276118717449,57.1428571428571,50.0,,,46.1371675798417,41.8459454391838,30.7811174270073,26.4898952863494,55.5183998604742,38.8826788615702,63.2231404958678,100.0,75.2066115702479,44.45,48.6198402404785,24.6392414482759,49.6641081040178,20.7744156700581,30.9635332570508,20.5305,15.0967371104257,41.9163289038656,14.4336012903067,49.02,41.6,43.8399,3.736540079,,67.67649078,42.42645,26.31551,91.8170929,46.8549614,9.470000267,128.0,4.17999982833862
Cote d'Ivoire,CIV,2018,,Sub-Saharan Africa,Emerging,45.1872415110574,54.4348054136795,61.4631989340262,40.3688000309833,30.8692193209451,75.48,33.4641563913417,54.2857142857143,67.557760480188,46.3619448438583,79.4765840220386,45.67,37.3040006689655,38.1323994239844,27.1865241511814,45.6,95.7,85.85,55.0,,10.2986386878992,18.317780830228,71.7760496558979,57.1428571428571,50.0,,,86.8350475536299,63.6367551448248,71.4787658155511,48.280473406746,54.6799307853176,38.0439589023989,63.2231404958678,100.0,75.2066115702479,45.67,47.2,27.408001337931,69.4830128625039,6.78178598546476,30.9535077350248,22.22,17.4278303861581,37.4976813444173,14.4336012903067,49.02,45.6,37.5465,3.211649895,,70.03347015,41.8223,27.28114,92.90189362,49.04579926,,107.0,4.671
Cote d'Ivoire,CIV,2019,10.3256981639741,Sub-Saharan Africa,Emerging,46.9446775760676,56.8909292385199,40.8589827687125,60.153862956196,34.7337234976385,78.188,36.8964659534427,54.2857142857143,34.88786348386,44.1879680935688,46.1432506887052,46.79,59.4754146724138,74.1961741961742,29.2396543720481,56.71,97.12,91.57,55.34,,13.6161915785564,22.4034813803128,74.6697249014588,57.1428571428571,50.0,,,51.3763425971748,33.7553669842102,36.0203599835097,18.3993843705452,52.505792009304,35.8701441778335,63.2231404958678,0.0,75.2066115702479,46.79,90.0,28.9508293448276,78.021978021978,70.3703703703704,31.8988970521608,33.755,18.1818724258319,40.2964010919411,14.4336012903067,49.02,56.71,36.289,3.413069963,90.0,73.49450684,,,93.54521942,52.21115112,9.912610054,99.0,4.944
Cameroon,CMR,2015,17.2970758627753,Sub-Saharan Africa,Discoverer,33.5685306935133,29.4667605160451,28.6455539905399,50.8647121012695,29.5748887655802,52.336,4.01471081392222,34.6323809523809,18.6686486815875,19.5356689229306,66.819134743663,39.29,58.4654266263891,54.8387096774194,26.6602776236419,41.2333333333333,79.68,66.6,24.4,,5.49750754222375,6.5466248995429,0.0,34.4761904761905,34.8666666666667,,,29.4756627822783,29.4756627822783,7.86163458089678,7.86163458089678,31.2432675320123,7.82807031384893,69.2872117400419,31.1701924909472,100.0,39.29,72.5471267700195,44.3837264827586,100.0,9.67741935483872,27.912675603075,20.712,4.7084731714195,46.5292880387203,9.06620130499443,69.4575,41.2333333333333,18.3,2.657919884,,74.51306152,41.46571,19.86712,116.5681076,59.55471039,16.95646095,133.0,4.252
Cameroon,CMR,2016,12.7046554004596,Sub-Saharan Africa,Emerging,36.5195938696457,37.3393103887053,35.5182260181409,43.4573057415361,30.8619525904744,59.18,16.8520854955729,34.6323809523809,32.4566372086652,26.8311809782302,59.0154937169137,34.4,59.3980477298374,36.573869494771,28.2607740714264,41.2666666666667,81.88,69.31,37.7,,13.5909309166606,19.9961742768604,16.9691512931976,34.4761904761905,34.8666666666667,,,43.2638407667373,43.2638407667373,21.6494336505931,21.6494336505931,38.5389848328084,15.1233771236521,62.3711340206186,31.1701924909472,83.5051546391752,34.4,72.5471267700195,46.2489686896552,63.4703196347032,9.67741935483872,27.6756670666845,21.739,9.14669409787944,49.8170578875734,9.06620130499443,69.4575,41.2666666666667,20.6,2.562340021,,73.38137054,42.73541,19.25706,116.0836792,60.46559143,12.4593401,114.0,4.513
Cameroon,CMR,2017,12.9818161813936,Sub-Saharan Africa,Emerging,41.4523769485115,46.0061695850461,35.6773882523509,52.0469706410676,34.5615465421042,61.812,35.8872334864248,34.6323809523809,32.8663536398689,26.8193701325514,59.0154937169137,35.99,59.1382536953546,61.0126582278481,32.8769331776303,41.3,82.82,72.12,41.0,,16.8080999615287,28.5177265666412,62.3358739311044,34.4761904761905,34.8666666666667,,,43.673296477447,43.673296477447,22.0594108022908,22.0594108022908,38.5268915399277,15.1118487251751,62.3711340206186,31.1701924909472,83.5051546391753,35.99,72.5471267700195,45.7293806206897,62.0253164556962,60.0,40.4584762483148,33.7845,10.915722375824,52.3232659590183,9.06620130499443,69.4575,41.3,23.203,3.059629917,,68.21257019,44.61321,,110.1458435,50.63700929,12.74726963,107.0,4.69500017166138
Cameroon,CMR,2018,14.5449548868213,Sub-Saharan Africa,Emerging,48.1401226179218,49.3458543157394,48.8517898322039,61.933983723301,35.9723326321672,66.152,37.5821595988722,39.2609523809524,44.6437336287039,47.9779940933491,59.0154937169137,37.53,60.1767130746649,88.0952380952381,34.1654157902091,43.2,84.76,80.0,43.0,,16.4457237644318,29.6938196131481,66.6069354190368,42.1904761904762,34.8666666666667,,,60.7395568532186,47.4098033809119,41.8776638764959,28.5479104041893,58.1948527890739,37.7611353976243,62.3711340206186,31.1701924909472,83.5051546391752,37.53,72.5471267700195,47.8062993793103,100.0,76.1904761904762,40.176564200737,45.83,13.3702751413867,50.5702883039271,9.06620130499443,69.4575,43.2,29.7,3.030960083,72.54712677,64.43177032,44.83412,,103.1733627,46.47294762,14.3037796,99.0,4.975
Cameroon,CMR,2019,15.0528614131463,Sub-Saharan Africa,Emerging,46.9571221046986,52.1270068212856,45.2506002466886,56.5578185463739,36.4440056889665,74.442,36.2450408627377,39.2609523809524,35.231380928308,48.3873728299566,59.0154937169137,38.96,61.2409528332856,69.4725028058361,34.4512571112081,44.415,95.81,85.2,53.0,,15.1891122337374,30.7527365215675,62.7932738329082,42.1904761904762,34.8666666666667,,,44.662207013266,44.662207013266,25.80055484335,25.80055484335,58.6041010886611,38.1706445712521,62.3711340206186,31.1701924909472,83.5051546391753,38.96,72.5471267700195,49.9347788965517,75.3086419753086,63.6363636363636,38.6072417110461,46.445,13.794771599827,52.8368209401731,9.06620130499443,69.4575,44.415,36.5392,3.047399521,,65.44235992,,,105.4506302,44.42285398,14.84403992,96.0,5.044
"Congo, Dem. Rep.",COD,2015,,Sub-Saharan Africa,Discoverer,17.0246481743722,19.8845238095238,11.9860757566769,29.6719687509578,11.8788392830153,20.4,4.0875,50.447619047619,11.0363732845603,7.68542986374575,22.4867724867725,21.07,51.2792395862069,16.6666666666667,14.0318824371025,3.26666666666667,50.0,26.0,0.0,,5.88583333333333,6.37666666666667,0.0,32.1904761904762,77.8333333333333,,,29.846458766752,3.18695182213871,11.1120825493505,0.0,15.3708597274915,0.0,46.8253968253968,0.0,20.6349206349206,21.07,77.0,25.5584791724138,33.3333333333333,0.0,6.26845610588579,6.71,1.99890207804736,13.4555391266238,27.2215148749555,35.72,3.26666666666667,3.8,2.170439959,,67.49658966,33.19793,14.24161,104.7786865,43.82403946,,120.0,4.517
"Congo, Dem. Rep.",COD,2016,5.9003701210022,Sub-Saharan Africa,Discoverer,17.4573849797291,21.8559682539683,12.5384366262556,26.2101192183908,12.9310657663633,23.7,5.71611111111111,50.447619047619,9.80823763630573,10.294467685947,22.4867724867725,27.14,51.4903576551724,0.0,15.2554988746209,3.63333333333333,50.0,34.25,0.0,,8.315,8.83333333333333,0.0,32.1904761904762,77.8333333333333,,,28.2088834385913,1.54937649397807,9.47469061265349,0.0,20.4421554666634,0.146779905230709,46.8253968253968,0.0,20.6349206349206,27.14,77.0,25.9807153103448,0.0,0.0,5.65262089868818,8.696,2.41379362366242,18.7815649757981,27.2215148749555,35.72,3.63333333333333,10.1,2.118690014,77.0,,,,,,6.07901001,125.0,4.272
"Congo, Dem. Rep.",COD,2017,,Sub-Saharan Africa,Discoverer,19.2888000972715,29.5671472013367,12.6811892086935,26.3837125808052,13.9931514888671,26.204,22.4900584795322,50.447619047619,9.85444796776321,9.84302463420757,24.0110008395259,28.31,50.8411377424156,0.0,16.4914393610839,4.0,50.0,40.51,0.0,,11.0666666666667,11.6666666666667,44.7368421052632,32.1904761904762,77.8333333333333,,,28.2704349549199,1.61092801030658,9.5364289058264,0.0,19.6860492684151,0.0,46.8253968253968,4.57268505826023,20.6349206349206,28.31,75.2765159606934,26.4057595241379,0.0,0.0,5.67416465747286,14.763,2.3341222744425,21.9858949985487,27.2215148749555,35.72,4.0,8.6199,1.454949975,,,,,,,,126.0,4.28000020980835
"Congo, Dem. Rep.",COD,2018,,Sub-Saharan Africa,Discoverer,20.5644443986439,34.2038706803995,14.372939360412,26.497777068507,13.7289597150375,40.24,20.0458671771892,50.447619047619,4.53184864647189,19.6830790811047,23.4348413469069,29.3,50.1933312055209,0.0,16.9611996437968,0.8,73.0,53.1,11.0,,9.47936729849472,11.3354671891091,39.3227670439639,32.1904761904762,77.8333333333333,,,9.06369729294377,9.06369729294377,0.0,0.0,29.8307911675981,9.53536699461122,46.8253968253968,2.84420658040333,20.6349206349206,29.3,73.5530319213867,26.8336304896552,0.0,0.0,5.84651921863598,20.83,2.71195256822078,20.7510115571718,27.2215148749555,35.72,0.8,11.7,,73.55303192,,,,113.9829788,,,132.0,4.245
"Congo, Dem. Rep.",COD,2019,,Sub-Saharan Africa,Discoverer,21.0599723744639,44.5988160412119,11.2209935966887,27.5629027843175,14.2610529072497,49.44,25.4046591506487,73.3047619047619,4.90160136866399,11.0614624178154,24.1788404104847,30.0,50.4086894606934,2.28001889225917,17.0638161340621,3.05,73.0,53.1,34.0,,10.332252057284,13.6538569933238,52.2278684013383,70.2857142857143,77.8333333333333,,,19.1703420063989,0.0,0.436063468257075,0.0,21.2091966259755,0.913728209655207,46.8253968253968,5.07620377113671,20.6349206349206,30.0,73.5530319213867,27.264347,0.0,4.56003778451834,5.88253199555128,16.885,3.34164926434088,22.5708845354628,27.2215148749555,35.72,3.05,16.4812,,,,,,,,,127.0,4.418
"Congo, Rep.",COG,2015,,Sub-Saharan Africa,Discoverer,25.8753158293766,22.5045111111111,28.3002226155179,40.4603961295605,17.3961471534421,36.796,3.26527777777778,32.4,8.00563659411029,29.2120278885665,67.065784112236,29.2,58.8959551034483,33.2852332852333,20.4285172751359,5.26666666666667,75.0,54.49,0.0,,4.18583333333333,5.61,0.0,17.3333333333333,55.0,,,18.1568842585495,13.8656621178916,0.0,0.0,41.3757064818291,17.0483492953039,70.5214465937762,30.6759057429318,100.0,29.2,80.3,37.4919102068966,48.0519480519481,18.5185185185185,23.7005304235912,7.292,5.07257192077813,42.6863476944981,7.58144013428045,38.9113924050633,5.26666666666667,7.61597,3.138829947,,70.32460022,,,107.3610833,,11.59112453,139.0,3.989
"Congo, Rep.",COG,2016,,Sub-Saharan Africa,Discoverer,27.799400317053,27.8089581407482,29.3794290869292,40.2068326888365,18.1808329654063,48.8,4.52239535187053,32.4,6.99225863846568,33.7989798490977,65.314668459519,27.3,59.7022644482759,33.6182336182336,21.5677078734245,4.63333333333333,75.0,64.5,20.0,,5.97221397170049,7.59497208391109,0.0,17.3333333333333,55.0,,,16.1301283472603,11.8389062066024,0.0,0.0,45.9636980405954,21.6342616575999,69.1494817612139,30.0570559891764,96.7374676281668,27.3,80.3,39.1045288965517,48.7179487179487,18.5185185185185,23.9755633327068,4.348,8.57211107474843,45.742924825387,7.58144013428045,39.585,4.63333333333333,8.12195,,,,,,,,,127.0,4.236
"Congo, Rep.",COG,2017,12.1461896896362,Sub-Saharan Africa,Discoverer,33.1757411948277,38.9906529327871,33.2656726071847,47.2445304201788,19.7685212585749,57.216,24.0606323319678,32.4,17.1744083027344,34.1313320542889,63.7168823218768,28.43,60.5258134827586,52.7777777777778,23.7106515732186,4.0,75.0,65.8,39.74,,12.4333694856489,17.393780277224,42.3547472330304,17.3333333333333,55.0,,,30.548013547084,26.2567914064261,8.09202519904264,3.80080305838476,46.2949924094779,21.9676716990998,67.717970283151,30.0993433491459,93.3333333333333,28.43,80.3,40.7516269655172,72.2222222222222,33.3333333333333,23.4682988717781,10.509,11.15925918142,48.8322596786144,7.58144013428045,44.515,4.0,8.65,4.172369957,,,,,,,12.26163006,124.0,4.29099988937378
"Congo, Rep.",COG,2018,,Sub-Saharan Africa,Emerging,37.3939222696715,47.7519395217854,33.8016392273576,53.8761116286465,22.484283971869,71.18,31.9998488044634,32.4,25.784528378931,37.3361843774382,42.7667706240494,29.46,61.366970862069,70.8013640238704,23.9303549648363,16.7,86.1,76.4,58.5,,14.7473934186154,22.8287024940211,58.4234505007536,17.3333333333333,55.0,,,37.0125298896345,37.0125298896345,14.5565268682276,14.5565268682276,49.4998526807003,25.1725160741761,49.1121872477805,30.0993433491458,49.0887812752219,29.46,80.3,42.4339417241379,71.0144927536232,70.5882352941176,23.2272753291619,16.67,10.8974049283151,46.4106544324241,7.58144013428045,46.4,16.7,,2.771670103,,65.18612671,,,87.66861725,65.6208032,,114.0,4.559
"Congo, Rep.",COG,2019,,Sub-Saharan Africa,Emerging,37.6032631310377,53.0561131132051,28.5582706101508,54.8493950355183,24.0581904217808,77.72,38.7202827830127,32.4,15.2623082097174,36.794777192497,38.6771822463254,30.25,62.2261130344828,72.0720720720721,26.145238027226,15.71,86.0,84.1,67.2,,17.4861100618634,26.2066743583985,72.4680639287763,17.3333333333333,55.0,,,34.6808699149374,14.1454731841421,12.2228897397899,0.0,48.9595164540352,24.6300379309587,45.4802259887005,30.0993433491459,40.45197740113,30.25,80.3,44.1522260689655,81.981981981982,62.1621621621621,24.2447644351292,24.215,12.4794773451535,50.2430082215666,7.58144013428045,48.14,15.71,,3.559468985,,,,,,,,103.0,4.812
Colombia,COL,2015,54.7961311340332,Latin America & Caribbean,Transitioner,59.4740842804081,44.2597227242408,56.8715690400274,72.0873370502341,68.9522073943764,72.344,16.90054490584,42.8095238095238,43.5040613607244,59.1906956008828,78.9683312769228,52.69,78.3868259655172,85.1851851851852,71.6485925763039,58.1666666666667,100.0,88.86,42.0,,10.0532225652829,17.6860988965451,22.9623132556921,28.5714285714286,64.1666666666667,,,57.4697812679661,53.1785591273082,33.8295635941406,29.5383414534827,71.9958135075383,46.3855776942273,81.0344827586207,55.8705110721476,100.0,52.69,94.0,62.7736519310345,92.5925925925926,77.7777777777778,68.7062587828724,78.863,44.3291960402122,65.3660585698499,96.8656456911165,87.0886075949367,58.1666666666667,55.905,,94.0,102.4092331,24.23937,26.47999,115.4970779,97.67411804,54.79613113,33.0,6.477
Colombia,COL,2016,57.1437492370605,Latin America & Caribbean,Transitioner,61.7081533378358,50.4702938404913,55.3660924632775,73.1776397088123,70.9107527569145,81.6,23.1709726964664,42.8095238095238,41.094932291526,57.8361332282063,78.9683312769228,55.44,79.035447862069,85.0574712643678,74.2551076128098,57.5333333333333,100.0,95.0,59.0,,14.9303578786324,29.6562528667653,24.9263073440016,28.5714285714286,64.1666666666667,,,54.8171688361974,50.5259466955395,31.6639178875124,27.3726957468546,70.3774774920773,45.2947889643352,81.0344827586207,55.8705110721476,100.0,55.44,95.0,63.0708957241379,92.3371647509579,77.7777777777778,68.6467651037492,78.986,52.0954748349371,68.299652434246,96.8656456911165,91.75,57.5333333333333,58.1365,,95.0,103.1399307,24.31808,26.18799,115.4431534,98.41562653,57.14374924,31.0,6.481
Colombia,COL,2017,58.3960418701172,Latin America & Caribbean,Advanced,65.3130120903694,58.0160141296736,55.4203993751465,77.8720686306072,72.6774365617311,84.0,39.6352734194221,42.8095238095238,42.5644414309539,58.6559337006793,74.6612466124661,57.78,79.4520358275862,96.3841700642353,76.6217957021639,56.9,100.0,95.0,65.0,,17.3343722980874,35.8498042098226,65.7216437503563,28.5714285714286,64.1666666666667,,,55.9713771408163,51.6801550001584,33.4487278617494,29.1575057210915,70.8557020601739,46.4561653411847,56.5040650406504,100.0,67.479674796748,57.78,95.0,63.9040716551724,100.0,92.7683401284706,69.5106073533964,83.588,59.4088013032898,70.4049241630168,96.8656456911165,90.25,56.9,62.2599,,,106.3732529,23.60132,26.01138,113.3053818,99.21932983,58.39604187,36.0,6.35699987411499
Colombia,COL,2018,57.3205413818359,Latin America & Caribbean,Advanced,68.2130857004247,59.5802676612563,64.7128945818315,76.7846958379428,73.1312234378753,85.056,42.4899072483789,42.8095238095238,49.065220795512,75.3863923528336,74.6612466124661,59.86,79.3488614482759,91.1452260655525,77.2890292973442,56.5,100.0,95.0,67.64,,18.382552388006,37.2661640965528,71.8210052605779,28.5714285714286,64.1666666666667,,,60.5620004108311,60.5620004108311,37.5684411801928,37.5684411801928,87.8412369360961,62.9315477695712,56.5040650406504,100.0,67.479674796748,59.86,95.0,63.6977228965517,91.9678714859438,90.3225806451613,69.2172233994231,88.19,62.3338802092424,68.1833971869389,96.8656456911165,91.5,56.5,64.1264,,95.0,105.5780029,23.3015,25.91073,111.6991806,100.3733368,57.32054138,37.0,6.26
Colombia,COL,2019,56.6663017272949,Latin America & Caribbean,Advanced,67.8660176169471,66.2679652901625,55.2566231223858,77.8309086236715,74.4336617987724,86.4,46.436579892073,65.6666666666667,45.4178681854753,55.3930663142562,74.6612466124661,61.61,78.9780695517241,92.9046563192905,78.0145772484655,60.11,100.0,95.0,71.0,,20.4489209800964,45.3203486107386,73.5404700853839,66.6666666666667,64.1666666666667,,,61.1861634420085,53.454956443601,37.3807799273497,29.6495729289422,68.287649051363,42.4984835771494,56.5040650406504,100.0,67.479674796748,61.61,95.0,62.9561391034483,91.869918699187,93.9393939393939,69.559969152875,82.33,67.8335745101459,68.6486968881899,96.8656456911165,92.0,60.11,65.0069,,95.0,103.5436783,,,109.3555069,101.9893494,56.66630173,43.0,6.125
Comoros,COM,2015,,Middle East & North Africa,Discoverer,22.1780000600827,19.7941213384556,24.5611489780076,35.9900424580566,13.8268182667206,42.17,1.02006525090091,12.5904761904762,22.797731180745,0.473828132960835,76.2626262626262,28.65,50.4277590344828,28.8923683396871,16.4668561667341,3.26666666666667,90.85,60.0,0.0,,3.06019575270273,,0.0,18.7619047619048,3.33333333333333,,,33.1693337453851,33.1693337453851,12.426128616105,12.426128616105,0.94765626592167,0.0,100.0,28.7878787878788,100.0,28.65,58.8,42.0555180689655,39.0243902439025,18.7603464354717,28.1084965758969,3.323,5.01202886928629,23.6952135184377,6.43650620410984,34.8410713318791,3.26666666666667,7.45916,2.545059919,,,,,,,,140.0,3.956
Comoros,COM,2016,,Middle East & North Africa,Discoverer,25.991850112232,29.3614892361927,28.999532307753,35.0092368718497,15.3107708990439,62.17,3.27181832857708,15.9238095238095,30.2080999479794,4.15941769009,76.2626262626263,24.92,51.2153422758621,28.8923683396871,18.2301302904715,3.63333333333333,90.85,60.0,50.0,,3.06019575270273,6.75525923302852,0.0,18.7619047619048,11.6666666666667,,,40.5740667526671,40.5740667526671,19.8421331432917,19.8421331432917,8.31883538018,0.0,100.0,28.7878787878788,100.0,24.92,58.8,43.6306845517241,39.0243902439025,18.7603464354717,28.4392691668329,5.072,9.68236536206741,23.4944887705274,6.43650620410984,41.12404389764,3.63333333333333,7.93832,,,,,,,,,138.0,3.956
Comoros,COM,2019,,Middle East & North Africa,Discoverer,29.9689924793816,46.0076001487824,22.8552724438164,39.9743157725996,19.1907323921891,85.37,15.4728098957655,28.352380952381,14.8538671650021,4.15300081322579,76.2626262626262,28.1,53.6723784482759,38.1505688695231,23.3359154902363,2.61,90.85,86.0,82.0,,8.24285029962617,17.5426320765941,20.6329473110763,27.8095238095238,29.1666666666667,,,33.4527330870855,13.2574261911963,12.7053093817266,0.0,8.30600162645159,0.0,100.0,28.7878787878787,100.0,28.1,58.8,48.5447568965517,54.7325102880658,21.5686274509804,31.7152436066953,11.035,20.8195588146901,29.548207238022,6.43650620410984,45.2851231753287,2.61,16.3838,,,,,,,,,142.0,3.973
Costa Rica,CRI,2015,51.2845802307129,Latin America & Caribbean,Transitioner,61.7671919300062,38.8455918201308,72.6325318794867,79.6193955159362,64.7947217912211,66.448,10.8564557408032,39.6190476190476,56.7425231056855,79.4550670080808,90.7674791699012,60.24,80.4496883793103,98.1684981684982,72.3100689056931,34.7333333333333,93.0,78.48,41.14,,3.27388326054534,4.70073714053017,24.5947468213341,23.8095238095238,63.3333333333333,,,78.3376748811212,57.2105154836575,56.2745307277135,35.1473713302499,91.4059367578432,67.5041972583183,88.5964912280702,92.4778761061948,91.2280701754386,60.24,97.9,62.9993767586207,96.3369963369964,100.0,61.8904138743418,62.5925,50.8106947976352,78.5202885121321,96.501051774736,85.0632911392405,34.7333333333333,59.763,6.87349987,,95.09250641,12.6763,13.9521,106.7314911,117.9162827,51.65193176,12.0,7.226
Costa Rica,CRI,2016,51.6516418457031,Latin America & Caribbean,Advanced,65.0127949601143,45.406425642077,71.3938361871017,82.0667245747126,67.150648932538,78.432,15.2745402956686,39.6190476190476,54.8259032004685,78.2749476823352,90.7674791699012,65.55,80.6501737241379,100.0,75.3966444990058,34.1666666666667,93.4,85.28,64.1,,3.80687139544431,6.36849179792915,35.6482576936323,23.8095238095238,63.3333333333333,,,76.5730992260506,55.445939828587,54.20586657235,33.0787071748863,90.390532036423,66.1593633282474,88.5964912280702,92.4778761061947,91.2280701754386,65.55,97.9,63.4003474482759,100.0,100.0,62.3374325185135,63.768,60.36795475784,81.0435372127838,96.501051774736,89.6984924623116,34.1666666666667,65.8804,6.893959999,,94.57814789,11.97865,12.73154,107.027153,119.9945602,52.13162994,14.0,7.087
Costa Rica,CRI,2017,54.4492301940918,Latin America & Caribbean,Advanced,69.1857358202688,52.6054761297337,79.6020971380391,80.7173100375039,67.7866405740447,87.728,22.6428331814771,42.2857142857143,75.6652418576495,77.9562614024975,90.7674791699012,68.36,81.0798632068966,92.7120669056153,76.3333007175559,33.6,97.1,92.49,78.28,,5.10220359367098,8.56144581518187,54.2648501355785,23.8095238095238,70.0,,,97.1841253589414,76.0569659614778,75.2735177538213,54.1463583563577,89.8245071886043,66.0880156163908,88.5964912280702,92.4778761061948,91.2280701754386,68.36,97.9,64.2597264137931,92.831541218638,92.5925925925926,62.6651266203735,65.564,63.7794760834937,82.8138491091763,96.501051774736,86.25,33.6,71.5817,7.069809914,,94.17812347,11.62825,13.31491,106.6035309,123.8349915,54.4580307,12.0,7.0789999961853
Costa Rica,CRI,2018,52.6140899658203,Latin America & Caribbean,Advanced,69.7681510832599,57.8520399587344,74.7125077880319,82.7781358832682,66.2218367139517,93.06,30.4272427539789,42.2857142857143,76.4329354262596,66.5221375540803,87.6523929794796,70.69,81.9251376551724,95.7192699946323,77.2522958924396,22.1,97.3,95.0,89.0,,10.45980499954,17.3116024292035,63.5103208331933,23.8095238095238,70.0,,,97.9520065057119,76.8248471082483,76.0410237442709,54.9138643468073,78.3905865498609,54.6536885582997,85.7298474945534,92.4778761061947,84.7494553376906,70.69,97.9,65.9502753103448,96.3768115942029,95.0617283950617,62.5927751495218,67.36,67.158729459552,80.8289230783884,96.501051774736,91.0,22.1,73.4797,6.769919872,,95.62042999,12.2047,12.42779,108.6771927,128.4750061,52.86867905,13.0,7.072
Costa Rica,CRI,2019,55.0202903747559,Latin America & Caribbean,Advanced,69.7318876781692,59.819903920022,64.942420200241,85.0187589195402,71.5874258459676,93.062,35.3449026571977,42.2857142857143,57.5977083229584,60.9321456879044,87.6523929794796,72.56,82.4962767586207,100.0,78.2905323074595,44.775,97.31,95.0,89.0,,14.1119058395292,23.5171275293867,68.4056746026772,23.8095238095238,70.0,,,80.7552798056239,56.3509819331788,58.8444347127381,34.4401368402929,72.8005201132175,49.0637712625912,85.7298474945534,92.4778761061947,84.7494553376906,72.56,97.9,67.0925535172414,100.0,100.0,62.8719962702024,67.8,71.9128166574873,81.0167968348718,96.501051774736,90.5,44.775,81.2026,6.738080025,,96.49394226,,,110.8911209,137.0163269,54.71897125,12.0,7.167
Cyprus,CYP,2015,59.8640594482422,Europe & Central Asia,Advanced,65.3078945646726,47.3707301804571,77.8324702113477,73.9155207896753,66.75075732849,74.364,25.9561587844761,36.2133333333333,64.6088883801123,89.9162647392934,80.1120448179272,61.52,80.4020009655172,79.8245614035088,74.4801133272791,35.8333333333333,99.98,94.34,41.58,,9.39606760031784,9.49376249503377,58.9786462580767,32.6666666666667,41.5333333333333,,,75.9131495229466,66.6992780086401,62.4535309811104,53.3695950077521,97.1365096981077,82.6960197804791,70.1680672268908,70.1680672268908,100.0,61.52,99.0,61.8040019310345,75.4385964912281,84.2105263157895,79.2242862054838,50.4335,41.9258733788313,95.2280615026453,86.9350371738008,87.741116751269,35.8333333333333,71.7157,6.304910183,,96.81906128,11.91513,10.35338,99.30011749,99.77831268,60.10123062,67.0,5.689
Cyprus,CYP,2016,68.3754730224609,Europe & Central Asia,Advanced,72.5985485202139,59.9341463607658,79.7252895878956,79.3743201701284,73.2421869026595,87.184,30.4732706638193,64.3561904761905,65.942364825675,93.3148367351005,80.1120448179272,78.24,81.6665862413793,78.2163742690059,80.9860669616577,42.2666666666667,99.98,99.0,68.97,,11.1146186173172,14.2905630724619,66.0146303016787,61.2380952380952,69.0333333333333,,,76.9220097221795,67.7884032895933,64.0242827309119,55.0347635600152,100.0,86.6296734702011,70.1680672268908,70.1680672268908,100.0,78.24,99.0,64.3331724827586,72.2222222222222,84.2105263157895,79.6875602349369,53.623,68.9825981007345,98.3176593993185,86.9350371738008,88.391959798995,42.2666666666667,75.9002,6.11811018,,98.46739197,11.86448,7.95871,98.54550934,99.11930847,67.17111206,69.0,5.546
Cyprus,CYP,2017,79.827522277832,Europe & Central Asia,Advanced,75.5173599003269,67.5843487675388,79.6062743854254,79.3132856809892,76.2162926949421,98.396,38.3867766807518,64.3561904761905,65.9623193360571,92.9973442185427,80.1120448179272,81.59,82.3744132068965,73.975443836071,83.0953658686776,48.7,99.98,100.0,96.0,,14.8956333659811,19.3736220440704,80.8910746322039,61.2380952380952,69.0333333333333,,,75.1860244077666,68.9468163099569,62.8931412446922,56.8232953818127,99.5642513879541,86.4304370491313,70.1680672268908,70.1680672268908,100.0,81.59,99.0,65.7488264137931,62.5850340136054,85.3658536585366,80.7855490832884,66.0465,71.6829930862989,100.0,86.9350371738008,86.1,48.7,80.7432,5.69961977,,101.2697296,12.03922,8.31131,99.3066864,100.33255,75.94081116,65.0,5.62099981307983
Cyprus,CYP,2018,86.5899276733398,Europe & Central Asia,Advanced,78.5091350608508,69.1277031490437,80.0393842215197,85.0181042583245,80.7631944231713,98.796,41.8451626345139,64.3561904761905,66.3635654924702,93.6788726523654,80.1120448179272,84.4,84.0151375172414,86.639175257732,84.6539930289641,65.2,99.98,100.0,97.0,,18.5305018310969,25.9445229936486,81.0604630787962,61.2380952380952,69.0333333333333,,,78.7363247628592,66.5572951407754,66.0812331300044,54.0794089362419,100.0,87.3577453047308,70.1680672268907,70.1680672268908,100.0,84.4,99.0,69.0302750344828,75.9450171821306,97.3333333333333,80.9045157539741,78.47,75.1735938043885,98.0043184126571,86.9350371738008,86.035,65.2,84.4336,5.025352955,,101.8767014,,,99.79544067,100.2535172,81.33708191,61.0,5.762
Cyprus,CYP,2019,93.9260711669922,Europe & Central Asia,Advanced,79.8035858080949,71.574873740545,77.0314619263611,87.2113609785375,84.3505325752574,98.496,48.2630891132672,64.3561904761905,58.6351700442947,93.8874623626444,80.1120448179272,86.66,84.657414137931,90.3166687976815,86.1856657190718,77.01,99.98,99.5,96.75,,26.1543671668695,35.472306583074,83.162593589858,61.2380952380952,69.0333333333333,,,72.5939583591936,56.7971710819728,60.4731690066166,44.6763817293959,100.0,87.7749247252888,70.1680672268908,70.1680672268908,100.0,86.66,99.0,70.3148282758621,83.1649831649832,97.4683544303798,81.187450564556,82.765,79.7502730729403,98.532364266474,86.9350371738008,86.2814070351759,77.01,86.0636,5.212600231,,102.5455017,,,100.4776993,100.8504333,88.48532867,49.0,6.046
Czechia,CZE,2015,67.2303619384766,Europe & Central Asia,Advanced,72.2811577294642,63.1713523807438,74.6987158808472,88.875825470018,65.0853796176345,90.76,35.4874285709071,63.3619047619048,79.9801287605343,69.0256141096277,75.4820936639119,80.72,89.5219342413793,96.3855421686747,67.9483911887097,53.6333333333333,99.8,95.0,82.0,,15.9137423969941,23.2558747907501,67.292668524977,61.7142857142857,65.8333333333333,,,88.7280526881119,80.7373710734645,79.222886447604,71.2322048329566,74.1742458232362,63.8769823960192,63.2231404958678,63.2231404958678,100.0,80.72,100.0,79.0438684827586,100.0,92.7710843373494,79.999208453327,42.4165,30.401792945739,91.0440534229545,86.4821348308014,61.2130325814536,53.6333333333333,75.6688,5.751820087,,97.02459717,,,96.96154785,104.8105164,67.23036194,31.0,6.505
Czechia,CZE,2016,67.5056381225586,Europe & Central Asia,Advanced,76.4095858230025,70.6397638349962,80.083578664303,88.5581697688686,68.0408984003082,99.404,43.1811238732047,68.0285714285714,91.5498481779809,70.9180516508206,75.4820936639118,79.79,89.498967137931,96.3855421686747,70.7344563337186,57.2666666666667,99.82,99.3,99.3,,20.173870494985,32.3504960498162,77.0190050748131,61.7142857142857,77.5,,,100.0,92.250230606659,90.9699218599559,82.9792402453085,75.9398380965521,65.8962652050891,63.2231404958678,63.2231404958677,100.0,79.79,100.0,78.9979342758621,100.0,92.7710843373494,80.4157824025111,47.826,37.0389786815035,92.4715085607944,86.4821348308014,66.7017543859649,57.2666666666667,76.4812,5.553730011,,97.67743683,,,96.90975952,103.0150833,67.50563812,27.0,6.596
Czechia,CZE,2017,67.7142181396484,Europe & Central Asia,Advanced,77.2770947421996,75.4749065250665,77.0002482542063,87.5889284748011,70.0582399499245,99.4,53.9872663126664,70.6,82.1128503169,72.6467234866599,75.4820936639119,83.08,88.9175546551724,90.7692307692308,72.3477999374056,60.9,99.8,99.3,99.3,,29.5053757302832,46.8861716895025,85.5702515182135,66.0,77.5,,,90.6659270253071,82.6752454106597,81.5504552231403,73.5597736084929,77.5842707128336,67.7091762604862,63.2231404958678,63.2231404958678,100.0,83.08,100.0,77.8351093103448,100.0,81.5384615384615,80.584240359197,56.553,40.8242743793785,93.8893501176509,86.4821348308014,63.365,60.9,78.7192,3.806159973,,97.24272919,,,97.23249054,102.2046967,67.71421814,23.0,6.60900020599365
Czechia,CZE,2018,66.7902221679688,Europe & Central Asia,Advanced,79.6686551913842,79.2765534107987,80.2015750400009,89.772225315837,70.5797793836024,99.4000012207031,63.4913823062935,70.6,87.158982360556,75.6039084074904,75.4820936639119,85.81,88.5453125517241,94.961363395787,73.9997242295031,56.9,99.8,99.3000030517578,99.3,,42.7597426524135,62.0503458420295,85.6640584244376,66.0,77.5,,,91.7169810793572,91.7169810793572,82.6009836417549,82.6009836417549,80.5417403528583,70.6660764621225,63.2231404958678,63.2231404958678,100.0,85.81,100.0,77.0906251034483,92.9078014184397,97.0149253731343,80.7398303735366,65.28,45.5592454325907,92.4624105105866,86.4821348308014,64.23,56.9,80.6882,4.266059875,,93.69480896,,,98.27275848,101.5148926,66.79022217,21.0,6.711
Czechia,CZE,2019,66.8802185058594,Europe & Central Asia,Leader,81.0071168714715,85.2478452665662,74.7136029465856,91.5106919445384,73.8818517582447,99.64,78.1796131664155,70.6,66.1098813124317,82.9330792220764,75.4820936639119,87.97,86.6344452068965,99.9276306267188,75.9435646978059,65.635,99.8,99.6,99.6,,60.0633382151755,86.2999601849872,88.1755410990839,66.0,77.5,,,79.6237351809504,61.9448645842768,70.2748980405867,52.5960274439131,87.9970326731068,77.8691257710461,63.2231404958678,63.2231404958678,100.0,87.97,100.0,73.2688904137931,99.8552612534376,100.0,80.7788877450907,68.815,51.1804161644791,93.0029699616909,86.4821348308014,67.7318295739348,65.635,80.8669,4.542469978,,95.83374023,,,99.28330231,100.2155685,66.88021851,20.0,6.852
Germany,DEU,2015,68.23291015625,Europe & Central Asia,Advanced,78.7489640222179,70.1341053791192,83.7103375981156,86.6487530767144,75.5977246616374,93.8,37.7257396382741,87.6190476190476,86.0897005930155,83.13012099331,80.1120448179272,72.63,89.5634502413793,97.752808988764,77.0721558270468,69.7,99.0,95.0,90.0,,23.647661822863,26.3232440836168,63.2063130083424,90.4761904761905,83.3333333333333,,,98.2721487538584,86.2986753389016,85.8807258471293,73.9072524321725,89.8421417344549,76.418100252165,70.1680672268908,70.1680672268908,100.0,72.63,99.0,80.1269004827586,100.0,95.5056179775281,86.7949378060992,75.4935,29.1962544855027,95.1400357140783,88.4320397082339,96.1015228426396,69.7,87.5898,4.855150223,,102.0928574,12.22305,12.13371,102.7024612,102.1924133,68.23291016,26.0,6.75
Germany,DEU,2016,67.9464111328125,Europe & Central Asia,Leader,80.6267710657931,75.0627627817993,86.2601505252761,84.5445667753096,77.1963222487885,95.0,48.8473831449744,87.6190476190476,92.2390013858707,83.3553525183559,80.1120448179272,77.45,89.5420024482759,86.6416978776529,79.2954028109856,68.8,99.0,95.0,93.0,,31.972894767722,40.6197109978224,73.9495436693787,90.4761904761905,83.3333333333333,,,100.0,93.9218700283804,93.5038044650296,81.5303310500729,90.0674361316058,76.643268905106,70.1680672268908,70.1680672268908,100.0,77.45,99.0,80.0840048965517,77.7777777777777,95.5056179775281,86.9422389525795,84.058,33.9484884308219,96.5652469632927,88.4320397082339,97.12,68.8,84.1652,4.839230061,,99.69753265,12.14626,12.01027,101.4060669,100.8523102,67.94641113,16.0,6.994
Germany,DEU,2017,68.4692306518555,Europe & Central Asia,Leader,81.9228321434663,76.7661545598987,84.0008485288927,89.778241091954,77.8028094464746,95.4,52.705862590223,87.6190476190476,86.7130814961979,83.2330174170702,80.1120448179272,80.61,88.7247232758621,100.0,80.2785118080933,67.9,99.0,95.0,94.0,,33.5316681186131,45.1712733882041,79.4146462638517,90.4761904761905,83.3333333333333,,,98.8498806182996,86.8764072033429,86.549755789053,74.5762823740963,89.8955850329122,76.5704498012283,70.1680672268908,70.1680672268908,100.0,80.61,99.0,78.4494465517242,100.0,100.0,87.0288931947908,88.559,36.2491615115828,97.622964625859,88.4320397082339,95.56,67.9,84.3942,4.871829987,,97.57306671,12.30285,11.97424,101.7387085,101.0956421,68.46923065,16.0,6.95100021362305
Germany,DEU,2018,69.1634292602539,Europe & Central Asia,Leader,81.9012080908982,79.4149322810939,80.3960735015459,86.6706667056775,81.3115211543281,98.2,56.5278068932108,87.6190476190476,81.2305773898149,79.7035839550862,80.1120448179272,83.24,89.1204849655172,87.6515151515151,80.4144014429101,84.9,99.0,98.0,98.0,,37.6969334784509,50.7968048691192,81.0896823320622,90.4761904761905,83.3333333333333,,,87.4722726020373,87.4722726020373,74.9888821775926,74.9888821775926,86.4654204349937,72.9417474751786,70.1680672268908,70.1680672268908,100.0,83.24,99.0,79.2409699310345,88.6363636363636,86.6666666666666,86.986950750102,93.06,36.1348179941613,96.2681987620533,88.4320397082339,95.44,84.9,87.0371,4.979330063,,98.58837128,,,102.6453781,100.8373032,69.16342926,15.0,6.965
Germany,DEU,2019,72.705078125,Europe & Central Asia,Leader,81.5029196537269,82.81668104276,74.0213001993166,86.5836114163474,83.1347201252757,98.2,63.8921787973762,89.8990476190476,72.945218348041,72.052009741287,80.1120448179272,85.34,89.299723137931,85.1111111111111,81.1296501565946,91.155,99.0,98.0,98.0,,45.6450593807823,64.1278591792052,81.903617832141,90.4761904761905,89.0333333333333,,,87.9957968203836,70.2861200189151,75.6043166771669,57.8946398756985,78.7640614855293,65.3399579970446,70.1680672268908,70.1680672268908,100.0,85.34,99.0,79.5994462758621,88.8888888888889,81.3333333333333,87.0966347531792,83.295,44.3400243625055,96.7720519590543,88.4320397082339,94.72,91.155,88.1345,5.11552,,99.6325531,,,102.5474701,101.1525574,72.70507813,17.0,6.985
Djibouti,DJI,2015,,,,,,,,,,,,,,,,,,,,,,,,,,,,,,,,,,,,,,,,,,,,,,,,,,,,22.9,3.598949909,,,33.02204,22.77297,,,,126.0,4.369
Denmark,DNK,2015,83.300407409668,Europe & Central Asia,Leader,82.5360266459136,76.42476856023,84.2740421458417,90.9988120750563,79.1790981351219,99.5,57.0609690196227,69.0019047619048,87.0016597006642,90.3501123306066,66.6666666666667,80.03,96.7723796551724,96.1940565699964,84.0322060022358,59.7666666666667,99.5,99.5,99.5,,34.5132378545466,61.9795470628234,74.6901221414981,61.7142857142857,79.9333333333333,,,88.4081891012137,95.9889039497159,78.0144154516125,85.5951303001146,95.980073057474,84.7201516037393,50.0,50.0,100.0,80.03,99.0,94.5447593103448,96.5986394557823,95.7894736842105,87.5751222263681,71.8385,54.459274739487,100.0,93.122276662345,98.1702127659574,59.7666666666667,96.3305,7.0104146,,99.5803299,,,100.8821411,133.7954712,83.30040741,3.0,7.527
Denmark,DNK,2016,82.1714935302734,Europe & Central Asia,Leader,84.7447021367865,81.4180291934477,84.5319177927867,92.9165243739068,80.6521531872021,99.598,69.4461206026668,69.0019047619048,87.4118630524835,90.5845980961499,66.6666666666667,85.48,97.0755165517241,96.1940565699964,85.6318581506693,60.7333333333333,99.99,99.5,99.5,,45.6395801066186,78.6634987449716,84.0352829564102,61.7142857142857,79.9333333333333,,,88.900378052181,96.4810929006832,78.3426332042838,85.9233480527859,96.3033765554276,84.8658196368723,50.0,50.0,100.0,85.48,99.0,95.1510331034483,96.5986394557823,95.7894736842105,87.7519781350077,77.536,59.4190460062449,100.0,93.122276662345,98.1959798994975,60.7333333333333,96.9678,7.691060066,,101.4881363,,,101.0414963,131.4412994,82.17149353,1.0,7.526
Denmark,DNK,2017,81.3220062255859,Europe & Central Asia,Leader,84.691574350673,84.8121300069167,77.7856338273658,94.7960112643678,82.2646767253054,99.6,77.9293726363393,69.0019047619048,70.8772056285428,90.2535456065385,66.6666666666667,88.2,96.1880337931034,100.0,87.4058459066318,61.7,100.0,99.5,99.5,,54.7356816755343,90.5276835330075,88.5247527004759,61.7142857142857,79.9333333333333,,,72.4922105598316,80.0729254083338,61.6814858487517,69.2622006972539,96.1093548250401,84.3977363880369,50.0,50.0,100.0,88.2,99.0,93.3760675862069,100.0,100.0,87.7608633704066,88.768,62.5870895004073,100.0,93.122276662345,98.35,61.7,97.0994,7.115859985,,101.6845169,,,100.7780304,130.3244324,81.32200623,2.0,7.52199983596802
Denmark,DNK,2018,81.1405487060547,Europe & Central Asia,Leader,86.810476956354,86.924764602625,79.3882464578286,93.4784235615242,88.0394776309218,99.796,83.01495912561,69.0019047619048,74.320279797437,90.8170030138012,66.6666666666667,88.92,95.4459633793103,96.0693073052624,88.7493470386522,85.2,100.0,99.99,99.5,,61.1616445973741,99.9843872939992,87.8988454854568,61.7142857142857,79.9333333333333,,,72.8859524057965,86.3125865325254,62.3279730623487,75.7546071890776,96.5359084915021,85.0980975361003,50.0,50.0,100.0,88.92,99.0,91.8919267586207,96.6329966329967,95.5056179775281,87.744812777604,100.0,63.9996457533122,100.0,93.122276662345,97.76,85.2,97.3192,7.296909809,,100.4138794,,,100.7490082,129.8495636,81.14054871,3.0,7.555
Denmark,DNK,2019,81.6945877075195,Europe & Central Asia,Leader,88.6875899414787,93.1779039624596,78.9427100902464,94.0772918804845,89.4008478119263,100.0,84.9580932394824,95.9733333333333,79.1648343826434,84.8586075096392,66.6666666666667,89.29,95.0924132758621,97.8494623655914,89.5260597649079,88.9,100.0,100.0,100.0,,66.8808865915995,100.0,87.9933931268478,100.0,89.9333333333333,,,86.7492007188052,81.8086158383239,76.521052926963,71.5804680464817,90.3988542302204,79.318360789058,50.0,50.0,100.0,89.29,99.0,91.1848265517241,100.0,95.6989247311828,87.7187959461274,98.53,68.5848322766729,100.0,93.122276662345,97.8787878787879,88.9,98.0464,7.255050182,,100.6303482,,,100.5510025,129.3111267,81.69458771,2.0,7.6
Dominican Republic,DOM,2015,51.7471143700009,Latin America & Caribbean,Transitioner,54.4367455971559,51.0060531434662,48.2226088448215,69.2861951323642,51.5287350678027,90.9,18.2341804777132,36.7619047619048,47.1403256941793,65.8470235944642,15.1383456468202,52.92,74.5030003103448,80.4355850867479,61.0942521680867,13.2666666666667,98.5,99.0,79.0,,8.32758091022494,10.2006746177441,36.1742859051706,42.3809523809524,28.3333333333333,,,57.0306307952658,57.0306307952658,37.2500205930929,37.2500205930929,76.5615207873079,55.1325264016206,34.6153846153846,3.10734463276838,7.69230769230769,52.92,92.0,57.0060006206897,76.7441860465117,84.1269841269841,49.2167931590795,44.6535,32.4839357383675,64.6208259895441,95.6837154471135,82.2784810126582,13.2666666666667,54.2158,3.604002714,92.0,99.69489288,18.29098,22.09344,112.0134888,79.9378891,51.74710846,98.0,4.885
Dominican Republic,DOM,2016,54.498998211862,Latin America & Caribbean,Transitioner,57.5989071127441,56.2022681254269,48.350122197149,73.5379113544973,55.0800420738307,90.96,31.1647179326147,36.7619047619048,48.2146041055601,65.0915285639022,15.1383456468202,50.64,77.910242,92.063492063492,65.166719258955,14.7333333333333,98.8,99.0,79.0,,13.5687452337527,20.3016872158564,59.6237213482352,42.3809523809524,28.3333333333333,,,58.3090329123145,58.3090329123145,38.1201752988056,38.1201752988056,76.0271597712196,54.1558973565848,34.6153846153847,3.10734463276838,7.69230769230769,50.64,94.0,61.820484,100.0,84.1269841269841,50.2232281900485,50.725,43.4477981317069,67.5395283294326,95.6837154471135,87.1536523929471,14.7333333333333,63.8709,3.850495577,94.0,99.43049622,18.52102,,110.7048798,80.09446716,54.49900055,89.0,5.155
Dominican Republic,DOM,2017,59.9155940980465,Latin America & Caribbean,Transitioner,61.1611454572137,62.7455948506594,53.0898405529241,73.8590759159414,56.8727083502727,95.39,43.0930347456961,36.7619047619048,58.7597055179975,66.3957230409025,15.1383456468202,52.85,78.0938966551724,90.6333310926518,67.0408854378409,16.2,98.95,99.0,90.0,,21.1273175533466,34.8664288487892,73.2853578349524,42.3809523809524,28.3333333333333,,,67.5101080988742,67.5101080988742,50.0093029371209,50.0093029371209,75.8753258368521,56.9161202449528,34.6153846153846,3.10734463276841,7.69230769230769,52.85,94.0,62.1877933103448,81.2666621853036,100.0,49.6539078367897,58.3475,47.635112794343,69.5742318377751,95.6837154471135,86.9674185463659,16.2,67.5712,3.920267582,,96.0952301,18.91694,18.64652,108.0194397,79.94068146,59.91558838,86.0,5.23000001907349
Dominican Republic,DOM,2018,,Latin America & Caribbean,Transitioner,63.1923412351344,65.4660291175126,50.9840172255195,75.2670895233896,63.4749854008154,97.104,48.1801204128292,36.7619047619048,51.5326812326548,68.358189007734,15.1383456468202,54.7,78.5971374482759,92.504131121893,68.5937317510192,43.0,99.52,99.0,94.0,,21.2035657359038,43.6729575013702,79.6638380012135,42.3809523809524,28.3333333333333,,,60.5865152390459,60.5865152390459,42.4788472262637,42.4788472262637,78.1665091813243,58.5498688341436,34.6153846153847,3.10734463276838,7.69230769230768,54.7,94.0,63.1942748965517,85.008262243786,100.0,49.9663113614348,65.97,52.6621794178279,68.4214525287197,95.6837154471135,86.5,43.0,74.822,3.918210745,,93.77693176,18.92322,,105.8583984,80.21592712,63.14624023,83.0,5.302
Dominican Republic,DOM,2019,,Latin America & Caribbean,Transitioner,63.0091073896612,67.0270340066589,45.6108609573516,75.4405090721428,68.3424315812085,97.732,51.454632635695,36.7619047619048,49.5703002256308,56.8876793443381,15.1383456468202,56.19,78.2616085172414,91.869918699187,70.6717894765106,59.025,99.56,99.0,95.55,,26.2755743910534,48.6935535218178,79.3947699942138,42.3809523809524,28.3333333333333,,,61.9757996285756,54.6652746261934,44.4753258250683,37.1648008226861,66.3671026545712,47.4082560341049,34.6153846153847,3.10734463276838,7.69230769230768,56.19,94.0,62.5232170344828,83.739837398374,100.0,50.1421059943499,71.22,57.9337492880987,69.4893766529906,95.6837154471135,89.0,59.025,79.7155,4.042768955,,93.96617126,,,112.3336105,81.85623932,64.38413239,77.0,5.425
Algeria,DZA,2015,38.2444735695552,Middle East & North Africa,Emerging,40.9432974455845,31.7029217144831,46.4285802133336,64.2276999336393,29.7251602571303,53.5600006103516,14.2068274853801,22.9809523809524,41.1417712294027,45.6208683011311,58.6176220056002,55.1,72.5799610689655,65.0031387319523,30.6231169880796,26.1333333333333,98.0,84.9000015258789,0.0,,5.1475,6.94666666666667,30.5263157894737,22.8571428571429,23.1666666666667,,,51.1563936474786,41.3328239596711,40.9507184991343,31.1271488113268,51.1489423398176,40.0927942624446,59.8360655737705,57.000407000407,59.0163934426229,55.1,81.4,63.759922137931,74.074074074074,55.9322033898305,30.7949531940256,7.198,23.5345711082294,39.8803759258156,20.9076948133373,68.7979797979798,26.1333333333333,38.2,6.17633009,,98.12547302,23.83613,,110.8422699,,38.33097839,68.0,5.605
Algeria,DZA,2016,43.9040620880927,Middle East & North Africa,Emerging,45.4081116342536,38.5092497714942,46.353951385509,66.9610750830645,35.5680068735419,60.9980006103516,21.7846476279077,26.9809523809524,38.1013278067271,48.4747396542454,58.6176220056002,62.98,72.9000865172414,65.0031387319523,35.7933419252607,34.6666666666667,99.19,84.9000015258789,18.0,,9.45537685538441,12.2580428681493,43.6405231601894,22.8571428571429,33.1666666666667,,,48.1311507038597,38.3075810160522,37.8950745974019,28.0715049095944,54.0192808785766,42.9301984299141,59.8360655737705,57.000407000407,59.0163934426229,62.98,81.4,64.4001730344828,74.074074074074,55.9322033898305,31.1053055182318,6.522,39.2754292080272,44.6278064024965,20.9076948133373,79.5789473684211,34.6666666666667,42.9455,6.502108574,,100.4898376,24.2355,,110.6881027,,44.10528946,38.0,6.355
Algeria,DZA,2017,49.177689984383,Middle East & North Africa,Transitioner,51.0575360624546,45.2004949064535,52.7735594053862,72.7451460605851,39.1629874941767,63.7980006103516,35.7127604653061,26.9809523809524,60.1004266277294,48.2618210031608,47.1433017651505,64.89,73.2202119655173,80.1252262162379,38.1537343677209,43.2,99.19,84.9000015258789,25.0,,12.8386317346818,23.7972612674825,70.502388393754,22.8571428571429,33.1666666666667,,,70.0695783852672,60.2460086974597,59.9548445579992,50.1312748701916,53.7406351595977,42.783006846724,46.8253968253968,50.1600640256102,44.4444444444444,64.89,81.4,65.0404239310345,82.05889348705,78.1915589454259,31.3884984013001,14.026,45.7481027118103,47.3028546088987,20.9076948133373,76.8170426065163,43.2,47.6911,5.734823704,,102.32061,24.22505,,109.8377075,,49.37791061,53.0,5.87200021743774
Algeria,DZA,2018,52.8819387317527,Middle East & North Africa,Transitioner,50.7566578936977,49.6971545457454,49.6273812073037,74.5206512641019,36.1112521785555,74.294,36.4584101738873,26.9809523809524,62.8545023992143,46.8858873779383,28.6561264822134,66.05,73.5403374137931,83.9716163785126,38.5890652231944,26.2,99.19,88.14,48.0,,11.0060452996821,28.5395998470396,69.8295853749401,22.8571428571429,33.1666666666667,,,74.6526378071091,61.3228843348024,64.3861204636261,51.0563669913195,52.4469176056583,41.3248571502184,45.2569169960474,0.0,40.7114624505929,66.05,81.4,65.6806748275862,82.2107119803077,85.7325207767174,31.742061985947,21.53,49.6263982946668,45.3854210220209,20.9076948133373,69.0375,26.2,49.0385,5.812751293,81.40783691,102.6879883,24.32018,,108.7034836,,53.1637001,84.0,5.295
Algeria,DZA,2019,53.8645018203122,Middle East & North Africa,Emerging,49.1003566293141,54.5664988499703,39.6904094741668,70.4476411575973,38.0943407101614,84.878,38.0477709344496,26.9809523809524,42.7768719432094,42.1210885011008,28.6561264822135,66.91,73.860462862069,70.572460610723,40.0991758877017,30.075,99.19,95.4,67.2,,10.5329826883242,35.6743553402783,67.9359747747462,22.8571428571429,33.1666666666667,,,47.9253872012848,47.9253872012848,37.6283566851339,37.6283566851339,47.6986466973493,36.5435303048524,45.2569169960475,0.0,40.7114624505929,66.91,81.4,66.3209257241379,79.8891523239661,61.25576889748,31.8818082893448,24.59,49.769587007835,47.4926665209739,20.9076948133373,76.2982456140351,30.075,55.7907,5.575365543,,99.72988892,,,107.7751312,,54.1856308,88.0,5.211
Ecuador,ECU,2015,44.5371492743653,Latin America & Caribbean,Transitioner,54.1528666172748,38.5027799506415,52.6265381680025,72.2156673941481,58.7702429250719,62.82,14.9131403527943,37.047619047619,45.4665921072525,46.9951984473292,78.2091097308488,52.56,79.7754481034483,84.3115540789959,63.6961369896732,39.0666666666667,95.38,85.04,24.32,,15.921893392096,20.884621417251,7.93290624903588,42.8571428571429,28.3333333333333,,,55.7691752139793,55.7691752139793,35.1640090005258,35.1640090005258,58.1563301462832,35.8340667483752,96.4285714285714,38.1987577639751,100.0,52.56,94.0,65.5508962068966,84.4961240310077,84.1269841269841,48.1676965061712,55.537,42.8980868924038,65.3078007023696,91.8449621705768,84.9872773536896,39.0666666666667,48.9404,5.105700016,94.0,99.28074646,25.10819,22.35071,101.1858902,100.7917862,44.53715134,48.0,5.975
Ecuador,ECU,2016,,Latin America & Caribbean,Transitioner,59.3062630579326,47.3108085078653,57.691152982029,71.9796616285349,62.9684276887539,69.176,30.5772117458538,37.047619047619,61.0350861735778,46.5286722031829,73.3282481566234,51.6,80.2120007586207,84.1269841269841,68.002201277609,42.8333333333333,95.38,88.33,36.92,,21.3787986580458,31.4093799425276,38.9434566369879,42.8571428571429,28.3333333333333,,,71.0609808191886,71.0609808191886,51.009191527967,51.009191527967,57.3900580692613,35.6672863371046,88.5964912280702,31.3882532418002,100.0,51.6,94.0,66.4240015172414,84.1269841269841,84.1269841269841,48.4266399316064,63.043,54.9242784322921,69.1686258535697,91.8449621705768,88.25,42.8333333333333,54.0629,4.362748146,94.0,96.72535706,25.09592,21.94529,99.03040314,99.5687027,,51.0,5.976
Ecuador,ECU,2017,,Latin America & Caribbean,Transitioner,59.7957171970922,55.6938076558303,55.6625234767129,63.4894633329076,64.9544424039078,77.468,43.2427096157662,37.047619047619,52.0509041055257,48.000849720832,78.2091097308488,53.88,79.2448395517241,57.3435504469987,69.5430530048848,46.6,95.38,92.62,53.36,,23.2685253607987,38.2452249155241,68.2143785709757,42.8571428571429,28.3333333333333,,,62.077068328945,62.077068328945,42.0247398821064,42.0247398821064,58.8625276295362,37.1391718121278,96.4285714285714,38.1987577639751,100.0,53.88,93.0,65.4896791034483,62.9629629629629,51.7241379310345,48.3506598948215,67.9815,59.3249719926807,70.5789209663448,91.8449621705768,87.25,46.6,55.8,4.614257813,93.0,98.9387207,24.48003,20.99927,98.24816132,97.39710999,,44.0,6.00799989700317
Ecuador,ECU,2018,47.3311832253279,Latin America & Caribbean,Transitioner,62.1964384304865,63.6401021849404,54.6186440180512,67.156787579541,64.10624946501,85.492,54.0844459385414,39.047619047619,40.7006317304422,56.7414234492615,78.2091097308488,55.91,78.9443450114942,66.6160177271288,70.9578118312625,36.7,95.38,95.0,71.04,,33.261012640045,51.4769516823285,77.5153734932506,42.8571428571429,33.3333333333333,,,59.7319515172833,42.1350294024275,39.2662340584569,21.6693119436011,67.8270204061258,45.6558264923972,96.4285714285714,38.1987577639751,100.0,55.91,93.3333333333333,64.5553566896552,67.0781893004115,66.1538461538462,48.6055341699684,72.92,64.0290351883787,69.3495276273889,91.8449621705768,89.0,36.7,57.5,4.621455193,,98.37651825,24.26216,20.62112,98.93109894,96.02104187,47.33118057,48.0,5.973
Ecuador,ECU,2019,47.2627814012203,Latin America & Caribbean,Transitioner,62.8543131251913,67.6147042764623,46.7067911869729,76.9260119661739,64.2459767557828,91.616,57.8969511673463,39.047619047619,29.9219778937573,38.0354762641512,97.6190476190476,57.72,78.6438504712644,94.4141854272573,72.4324709447286,31.5,95.38,95.0,86.35,,30.4641488132848,61.6996095989569,81.5270950897971,42.8571428571429,33.3333333333333,,,50.8587793406529,29.7316199431893,30.1123358443253,8.98517644686162,49.2731331579954,26.7978193703071,96.4285714285714,96.4285714285714,100.0,57.72,93.6666666666667,63.6210342758621,91.7695473251029,97.0588235294118,48.4016915758085,77.05,66.505715506687,71.0099854705705,91.8449621705768,91.75,31.5,59.2,4.245779991,,95.77159882,,,98.35057831,94.73153687,47.26277924,50.0,6.028
"Egypt, Arab Rep.",EGY,2015,32.8848991394043,Middle East & North Africa,Emerging,49.0355775669427,38.8010935672515,74.5530096588866,43.1025908326948,46.3695261739229,59.56,23.1094005847953,28.6666666666667,76.4304355512369,72.4038933623145,75.09639046733,50.07,57.0155502758621,22.2222222222222,41.7285743840703,64.9333333333333,99.8,99.0,0.0,,7.75416666666667,7.62666666666667,53.9473684210526,33.3333333333333,21.6666666666667,,,92.786267691746,71.6591082942824,81.2017628081914,60.0746034107277,78.6788335075733,66.1289532170557,84.7826086956522,83.984823575903,56.5217391304348,50.07,71.0,43.0311005517241,44.4444444444444,0.0,36.7870045289806,53.078,30.9926304403684,59.777122439036,16.332828797681,76.4285714285714,64.9333333333333,37.8194,3.930848122,,,,,,,32.81311035,135.0,4.194
"Egypt, Arab Rep.",EGY,2016,31.8731307983398,Middle East & North Africa,Transitioner,52.2488692454238,43.9737401837928,74.2330551691023,45.8195121146094,49.8271884679341,59.56,31.1838742690058,38.3809523809524,81.1981830785184,76.060978123489,56.6469534414967,60.73,57.5256377931034,19.2028985507246,44.5173189182509,71.0666666666667,99.8,99.0,0.0,,10.0025,12.2333333333333,71.3157894736842,42.8571428571429,31.6666666666667,,,97.5540014324126,76.426842034949,85.9695241220878,64.8423647246241,82.3359033332483,69.7860529137296,63.2231404958677,72.8334223079611,33.8842975206612,60.73,71.0,44.0512755862069,38.4057971014493,0.0,37.1205991797765,47.101,40.9301519834865,62.3775146303106,16.332828797681,84.55,71.0666666666667,41.2481,,,88.03392029,23.07766,14.79149,95.42575836,78.5734024,31.93047905,120.0,4.362
"Egypt, Arab Rep.",EGY,2017,33.1018892935221,Middle East & North Africa,Transitioner,54.3811381630549,50.9293772738948,70.6652527003511,46.6559342016769,52.0849197409806,71.56,36.5729669942608,38.3809523809524,85.7288649068855,66.8409307586122,48.1866721707603,62.82,59.6357253103448,17.512077294686,45.8061496762257,77.2,99.8,99.0,30.0,,13.4637324233964,19.5256977207365,76.7294708386494,42.8571428571429,31.6666666666667,,,100.0,81.7110782153629,91.1657704048214,70.0386110073578,73.1635171629483,60.5183443542761,59.8360655737705,50.2977214303138,34.4262295081967,62.82,74.2,45.0714506206897,23.9130434782608,11.1111111111111,37.2209616551647,50.2855,45.3218281905968,64.6248797376858,16.332828797681,80.775,77.2,44.9502,,71.0,87.41649628,23.77693,15.21374,95.79132843,79.36119843,33.16210175,104.0,4.7350001335144
"Egypt, Arab Rep.",EGY,2018,36.1230010986328,Middle East & North Africa,Transitioner,57.3810497352527,56.0115383327529,61.9506146096284,58.3511360926317,53.542854407224,80.548,40.2903696414062,38.3809523809524,90.2435426203114,39.3644862436459,50.5370153202275,64.24,60.0823112413793,50.7310970365157,45.87856800903,84.2,99.8,99.0,52.47,,16.4049094060021,25.3315702629486,79.1346292552678,42.8571428571429,31.6666666666667,,,100.0,90.3298157102541,91.9870541216491,78.6573006493425,45.6870985683063,33.0418739189854,59.8360655737705,57.3487508787153,34.4262295081967,64.24,74.2,45.9646224827586,46.360153256705,55.1020408163265,37.2486364431707,53.47,48.3065449225646,62.8323298817337,16.332828797681,75.875,84.2,46.9243,,,90.62358856,23.67945,15.16281,96.58303833,79.98683929,36.71715164,122.0,4.419
"Egypt, Arab Rep.",EGY,2019,33.622825887244,Middle East & North Africa,Transitioner,55.7825333552923,58.7281721331497,53.1233293558315,55.5230583290521,55.8969080965138,87.5,40.129954142398,38.3809523809524,61.2810145999804,46.3617827340496,50.3310521110978,65.38,61.007483862069,40.1816911250873,47.4111351206422,89.84,99.8,99.0,69.85,,16.1058129494332,27.1702835067675,77.1137659709932,42.8571428571429,31.6666666666667,,,79.1630685736659,55.0714730256781,67.4905561742827,43.3989606262948,52.6843936170488,40.0391718510503,59.8360655737705,56.7308612513261,34.4262295081967,65.38,74.2,47.8149677241379,40.7407407407407,39.622641509434,37.3010838407938,55.265,51.7463125251107,63.8675118431346,16.332828797681,80.3508771929825,89.84,57.2829,,,92.85021973,,,97.81710815,81.17051697,,137.0,4.166
Spain,ESP,2015,88.5305328369141,Europe & Central Asia,Advanced,79.2106034489193,67.523701217213,86.8231950763315,88.4146108080583,75.9481579125147,94.2,42.1083006620802,65.0019047619048,82.8157139180476,96.5012269408251,75.4820936639118,76.68,89.6391012413793,98.9247311827957,79.15186405731,63.1333333333333,99.8,99.6,86.0,,26.5675631515376,38.2232035736314,61.5341352610717,61.7142857142857,69.9333333333333,,,92.4628727212234,88.9566889367243,76.674738899371,73.1685551148719,100.0,93.0024538816502,63.2231404958678,63.2231404958677,100.0,76.68,98.0,81.2782024827586,100.0,97.8494623655914,74.8755014824913,92.896,40.9021472314122,93.3629099601903,93.8163312327096,92.7088607594937,63.1333333333333,78.6896,4.284570217,98.0,96.10134888,13.18623,11.98294,102.1442337,124.85466,88.57424927,36.0,6.329
Spain,ESP,2016,89.810791015625,Europe & Central Asia,Leader,81.734627709189,74.6095703058481,87.1960673090454,87.6338782808716,78.2818150052363,98.2,54.8229733836679,67.0019047619048,83.5168816193176,96.7322398213401,75.4820936639118,81.02,90.0491022413793,91.8325326012354,80.9856020898788,67.4666666666667,99.8,99.6,96.0,,36.7607160155294,55.971248119787,71.7369560156874,61.7142857142857,74.9333333333333,,,93.055283959466,89.5491001749668,77.4846630636684,73.9784792791692,100.0,93.4644796426802,63.2231404958677,63.2231404958678,100.0,81.02,98.0,82.0982044827586,85.8156028368794,97.8494623655914,75.2347233586815,91.304,47.2826012084616,95.0423546495411,93.8163312327096,95.8,67.4666666666667,80.5613,4.225440025,98.0,94.70131683,12.99102,11.60931,102.1300964,123.2698898,89.80677795,37.0,6.361
Spain,ESP,2017,92.070182800293,Europe & Central Asia,Leader,83.0030296663349,78.5702628709614,86.5461234670671,87.7819198300728,79.5178955523288,99.0,63.924704796451,67.0019047619048,81.8489715568465,96.7752902788653,75.4820936639119,83.59,90.1689297931034,89.586829697115,81.4473694404111,71.8,99.8,99.6,98.0,,45.4389812654078,69.1069979188374,77.2281352051079,61.7142857142857,74.9333333333333,,,91.0686695004052,87.562485715906,76.1354573977869,72.6292736132878,100.0,93.5505805577307,63.2231404958678,63.2231404958678,100.0,83.59,98.0,82.3378595862069,93.127147766323,86.046511627907,75.4340436315171,92.527,49.2630810668764,96.3598912709521,93.8163312327096,92.2,71.8,84.6022,4.205520153,,96.67601776,13.13172,11.56883,102.5051193,120.5559235,91.88774109,34.0,6.40299987792969
Spain,ESP,2018,92.5194931030273,Europe & Central Asia,Leader,83.2560764942998,79.9766103926674,81.3711606045582,88.7259325504058,83.2107977196434,99.8,66.640573600716,67.0019047619048,84.1791838207463,81.5076708586932,75.4820936639118,85.13,90.3107904827586,90.7370071684588,81.6134971495542,89.6,99.8,99.8,99.8,,47.9134801648886,73.6509923824164,78.357248254843,61.7142857142857,74.9333333333333,,,91.6458168522542,91.6458168522542,76.7125507892384,76.7125507892384,89.5965233094934,73.4188184078929,63.2231404958677,63.2231404958678,100.0,85.13,98.0,82.6215809655172,96.5277777777778,84.9462365591398,75.616333094957,93.75,51.1054666069641,94.0543548131406,93.8163312327096,93.2,89.6,86.1072,4.179490089,98.0,95.67240143,,,102.6387177,119.4301987,92.17488861,36.0,6.31
Spain,ESP,2019,91.5387725830078,Europe & Central Asia,Leader,82.5611262335193,80.8452573369091,74.5484438532716,90.3125717090275,85.3613146757675,99.8,68.8121909613204,67.0019047619048,70.6123828992225,78.0176799020005,75.4820936639119,85.86,90.6956926551724,94.3820224719101,83.1866433447094,94.06,99.8,99.8,99.8,,49.5177302791586,77.6251661280027,79.2936764767998,61.7142857142857,74.9333333333333,,,88.6171337707772,67.4366296255688,73.7881361728762,52.6076320276679,86.0500536008635,69.9853062031374,63.2231404958678,63.2231404958678,100.0,85.86,98.5,82.8913853103448,100.0,88.7640449438202,75.6216721167572,91.285,60.3120709437243,94.0406424303558,93.8163312327096,93.0,94.06,90.7187,4.230219841,,96.63710785,,,103.185318,118.5247192,91.02026367,30.0,6.354
Estonia,EST,2015,74.5832824707031,Europe & Central Asia,Advanced,74.8439495572136,70.4520559968538,70.0348944515704,87.182517045977,72.9439431068934,99.2,45.3606161826106,63.1390476190476,73.2605937027514,62.9377535372857,77.7777777777778,74.91,86.637551137931,100.0,72.3632622169501,75.2666666666667,100.0,99.0,99.0,,25.1775331479556,35.9052489737261,74.9990664261501,61.1428571428571,66.1333333333333,,,79.6046898894253,80.2404757021347,66.2807117033682,66.9164975160776,70.1549083880666,55.7205986865048,66.6666666666667,66.6666666666667,100.0,74.91,99.0,74.2751022758621,100.0,100.0,75.3422374965251,83.1475,33.4526477770716,92.5711625950251,82.5893595637356,72.5743073047859,75.2666666666667,88.4097,5.144189835,,97.09329987,,,97.11914825,108.188797,74.58328247,73.0,5.429
Estonia,EST,2016,73.0334320068359,Europe & Central Asia,Advanced,77.681379489398,73.7124138332057,71.4218949827525,90.7381142758621,76.2264976355789,99.2,53.5115107734903,63.1390476190476,74.5308202918659,65.1350282761264,77.7777777777778,86.09,86.1243428275862,100.0,75.2997887111403,79.9333333333333,100.0,99.0,99.0,,31.2106396489486,45.5483713612926,83.7755213102299,61.1428571428571,66.1333333333333,,,80.6420119080747,81.2777977207841,67.7838428629477,68.4196286756571,72.0998698422369,58.1701867100159,66.6666666666667,66.6666666666667,100.0,86.09,99.0,73.2486856551724,100.0,100.0,77.1820280372616,89.13,41.0104363966104,94.6796884803997,82.5893595637356,72.9448621553885,79.9333333333333,87.2402,5.15763998,,97.93798065,11.26704,8.78266,97.29234314,111.596199,73.03343201,72.0,5.517
Estonia,EST,2017,72.1369781494141,Europe & Central Asia,Advanced,78.7317036206908,77.7838453607886,72.4858167543268,87.4114176929147,77.9629000696512,99.2,60.3567562591145,69.8057142857143,75.2682954329915,67.0573575639365,77.7777777777778,88.63,85.5445515862069,88.0597014925373,76.3036250870639,84.6,100.0,99.0,99.0,,38.3892717520501,54.0766917817265,88.6043052435668,61.1428571428571,82.8,,,81.1891602410847,81.8249460537941,68.711644812189,69.3474306248983,73.8160117545884,60.2987033732846,66.6666666666667,66.6666666666667,100.0,88.63,99.0,72.0891031724138,100.0,76.1194029850746,76.5679111569811,89.705,45.4597457739484,96.0561089406545,82.5893595637356,71.985,84.6,88.1025,4.961319923,,96.38076782,11.31153,9.18187,97.25005341,113.2497864,72.13697815,66.0,5.61100006103516
Estonia,EST,2018,72.0659637451172,Europe & Central Asia,Leader,80.5579126834687,79.3899463364311,75.4740229435771,88.1285070773021,79.7541697150215,99.2,64.3720086982205,69.8057142857143,76.3615631402199,73.4346053298339,77.7777777777778,89.24,85.0653795862069,90.0801416456994,77.0677121437769,90.5,100.0,99.0,99.0,,43.8352050795261,60.1666283115261,89.1141927036092,61.1428571428571,82.8,,,80.2494153495106,84.9572047359604,67.7659215444793,72.4737109309291,80.1964978075592,66.6727128521087,66.6666666666667,66.6666666666667,100.0,89.24,99.0,71.1307591724138,96.5986394557823,83.5616438356165,76.876859474483,90.28,48.3166917561155,95.5593999245506,82.5893595637356,73.7125,90.5,89.357,5.239970207,,96.59681702,,,97.45594788,112.759697,72.06596375,63.0,5.739
Estonia,EST,2019,72.7060317993164,Europe & Central Asia,Leader,81.5813944790248,82.4129807670596,73.0336501156875,89.6546419012754,82.0867552039571,99.2,71.9295947747917,69.8057142857143,73.4531891623937,70.2420472379361,77.7777777777778,89.59,84.8533777586207,94.5205479452055,78.8609440049463,94.99,100.0,99.0,99.0,,55.8477499744418,70.4817165503016,89.4593177996318,61.1428571428571,82.8,,,88.0677169415209,71.2317796847152,75.6745986400722,58.8386613832665,76.9549863178875,63.5291081579847,66.6666666666667,66.6666666666667,100.0,89.59,99.0,70.7067555172414,100.0,89.041095890411,77.4464514366716,94.845,54.3312137396649,95.6530398961882,82.5893595637356,73.7243107769424,94.99,90.2289,5.260419846,,97.27607727,,,98.15772247,112.2872009,72.7060318,55.0,5.893
Ethiopia,ETH,2015,,Sub-Saharan Africa,Discoverer,21.3525569056556,31.2105933330399,16.6554891355242,21.8963948230205,18.2628065967028,45.796,22.7542928564093,18.9523809523809,5.70301694894711,3.79894577010216,64.2735202395222,25.5,34.633628913506,5.55555555555556,20.1201749125451,10.8333333333333,90.0,68.16,1.33,,6.09365674993263,7.4635741666293,54.7056476526659,23.8095238095238,11.6666666666667,,,11.4060338978942,11.4060338978942,0.0,0.0,7.59789154020433,0.0,84.7826086956522,8.03795202291446,100.0,25.5,47.4915885925293,21.7756692344828,0.0,11.1111111111111,0.0173703826945593,49.284,2.98413895490949,20.9065594536196,39.1676522525581,25.7663070378875,10.8333333333333,13.8552,5.15336132,,52.84944153,,,97.11900701,34.86713965,,122.0,4.512
Ethiopia,ETH,2016,,Sub-Saharan Africa,Discoverer,23.9552757360505,31.694708367993,20.4309570964505,23.6212864931355,21.5290902187301,49.292,20.468580443792,18.9523809523809,9.73033239527534,9.21030022608985,64.2735202395222,29.98,35.3283039238509,5.55555555555556,22.219696106746,18.7666666666667,95.0,73.78,1.95,,6.89738564578871,7.38012082147262,47.1282348641146,23.8095238095238,11.6666666666667,,,16.6880803668408,16.6880803668408,2.77258442370985,2.77258442370985,16.7478605286191,1.67273992356056,84.7826086956522,8.03795202291444,100.0,29.98,47.4915885925293,23.1650192551724,0.0,11.1111111111111,0.0,52.899,2.81042057859646,27.3841264507927,39.1676522525581,30.5735625035649,18.7666666666667,15.3669,5.061513901,47.49158859,,,,,,,115.0,4.508
Ethiopia,ETH,2017,,Sub-Saharan Africa,Discoverer,25.0840310232128,32.6792113506846,21.402700427657,23.2377831448276,24.3587210769139,52.592,19.629837900521,18.9523809523809,12.1581464772625,9.21184447211896,64.2735202395222,31.52,38.1933494344828,0.0,23.7734013461424,26.7,97.0,79.86,3.12,,7.67028355962988,8.0636314344827,43.1555987074504,23.8095238095238,11.6666666666667,,,19.1158443486966,19.1158443486966,5.20044860582832,5.20044860582832,16.749350499506,1.67433844473197,84.7826086956522,8.03795202291446,100.0,31.52,51.8,24.5866988689655,0.0,0.0,1.50406337814105,58.0445,3.28276375588807,30.5776779870591,39.1676522525581,30.6251987141311,26.7,15.6,5.499050617,51.7711792,,,,104.2036737,,,119.0,4.46000003814697
Ethiopia,ETH,2018,,Sub-Saharan Africa,Discoverer,27.2262614208107,34.9219372429277,22.0161355234444,28.6198288028535,24.9715552695184,54.704,23.1246526311288,18.9523809523809,15.410062304854,7.4935163839958,64.2735202395222,31.69,38.9207301896552,15.2487562189055,24.264444086898,27.8,97.0,85.0,3.26,,7.21363450122763,7.46124209280294,54.6990812993559,23.8095238095238,11.6666666666667,,,22.3677831283563,22.3677831283563,8.45234148135167,8.45234148135167,14.9870327679916,0.0,84.7826086956522,8.03795202291444,100.0,31.69,51.8,26.0414603793104,0.49751243781091,30.0,1.39240778398286,63.19,4.97225234578435,30.7499674270156,39.1676522525581,26.8898812502986,27.8,15.9,5.220111847,,,,,,,,127.0,4.35
Ethiopia,ETH,2019,,Sub-Saharan Africa,Discoverer,26.5716122385524,34.9232098116309,21.3175021538738,26.5683455954023,25.2032556083409,54.816,23.0158340528867,18.9523809523809,14.8356125436067,6.32138272131679,64.2735202395222,34.04,39.6650367862069,6.00000000000001,24.5615695104261,27.77,97.0,85.0,3.54,,7.20147075004326,9.29885595236024,52.5471754562565,23.8095238095238,11.6666666666667,,,35.3664856042618,0.909572734491559,23.0663918356734,0.0,12.6427654426336,0.0,84.7826086956522,8.03795202291444,100.0,34.04,51.8,27.5300735724138,0.0,12.0,1.41288285472766,49.83,5.1895386475068,33.5082925976254,39.1676522525581,37.2289623994249,27.77,16.0,4.480869293,,,,,,,,134.0,4.286
Finland,FIN,2015,89.6573791503906,Europe & Central Asia,Leader,81.1466495706618,73.9378379617347,87.9758376134195,89.5057905080954,74.4733830102954,99.598,51.1132615710034,68.2666666666667,98.6301741294941,86.900817753517,68.8172043010753,75.39,97.4284467931034,95.6989247311828,76.6167287628693,65.9,99.99,99.5,99.5,,32.4905981130147,44.1727894022753,76.6763971977203,61.3333333333333,78.6666666666667,,,100.0,100.0,100.0,94.5206965179764,92.4861308773225,81.3155046297115,53.2258064516129,53.2258064516129,100.0,75.39,100.0,94.8568935862069,100.0,91.3978494623656,78.0337182896929,85.684,36.4475319553736,93.4335687736013,88.4625031876384,87.7286432160804,65.9,86.4221,7.032080173,,99.45561981,,,99.56723022,150.8192139,89.65737915,6.0,7.406
Finland,FIN,2016,89.3280029296875,Europe & Central Asia,Leader,84.3216063583395,80.7043460238824,87.1459530973848,93.0508705655667,77.2486499878664,99.678,59.3781031549441,85.4095238095238,96.35753060415,87.0987499887744,68.8172043010753,85.83,97.6236869655172,95.6989247311828,79.060812484833,70.0,99.99,99.6,99.6,,36.2069442698091,58.0123745464558,83.9149906485674,89.9047619047619,78.6666666666667,,,100.0,97.8697439334334,100.0,87.5603784831667,92.6829896076689,81.5145103698799,53.2258064516129,53.2258064516129,100.0,85.83,100.0,95.2473739310345,100.0,91.3978494623656,78.6200563406556,94.203,41.8054121650114,94.7183407308594,88.4625031876384,89.1925,70.0,87.7036,6.851530075,,99.42762756,13.32179,13.24117,99.50804138,152.4714355,89.32800293,5.0,7.413
Finland,FIN,2017,90.6983871459961,Europe & Central Asia,Leader,85.8274890431591,83.8608361896394,87.4954096629248,93.2977312540525,79.2665739871793,99.758,67.1893285693366,85.4095238095238,97.3390529379199,86.9908690688543,68.8172043010753,88.68,97.6234501724138,93.5897435897436,80.5582174839741,74.1,99.99,99.7,99.7,,43.4125110550575,70.7564853773229,87.3989892756292,89.9047619047619,78.6666666666667,,,100.0,99.8327956655689,100.0,89.5234160861109,92.5751163410607,81.4066217966479,53.2258064516129,53.2258064516129,100.0,88.68,100.0,95.2469003448276,100.0,87.1794871794872,79.0640150903421,95.3665,47.1715143561968,95.978554785693,88.4625031876384,88.8625,74.1,87.4689,6.363110065,,99.12998962,13.66688,13.57979,99.46820831,153.5837097,90.69838715,5.0,7.4689998626709
Finland,FIN,2018,92.3850021362305,Europe & Central Asia,Leader,86.4227061164331,85.5502597491018,83.5831876162603,95.3797533202781,81.7927833235414,100.0,70.8137446108496,86.1238095238095,89.1939384441696,85.3554284459436,68.8172043010753,89.53,97.843827862069,98.7654320987654,80.8409791544268,85.6,100.0,100.0,100.0,,50.1261696018419,74.1031817928861,88.2118824378209,91.0952380952381,78.6666666666667,,,100.0,88.0769250697327,91.0142910896262,77.6845376173195,90.9846383160007,79.7262185758865,53.2258064516129,53.2258064516129,100.0,89.53,100.0,95.6876557241379,100.0,97.5308641975309,79.4285855098356,96.53,48.9263475448668,95.021209529793,88.4625031876384,88.2025,85.6,88.89,6.275579929,,99.70195007,,,99.70320129,153.6514282,92.38500214,1.0,7.632
Finland,FIN,2019,94.5891189575195,Europe & Central Asia,Leader,87.8497520721671,88.3038883201473,83.0975142840269,96.0558056206896,84.5027186874236,100.0,77.6978160384633,86.1238095238095,85.290264222828,88.0449193367016,68.8172043010753,90.06,98.107416862069,100.0,82.9558983592795,90.69,100.0,100.0,100.0,,60.740733303201,82.9983886472227,89.3543261649663,91.0952380952381,78.6666666666667,,,92.7396354425968,88.3997893336051,82.1807391120508,77.8408930030591,93.7643215157473,82.3255171576558,53.2258064516129,53.2258064516129,100.0,90.06,100.0,96.2148337241379,100.0,100.0,79.7004272446323,96.795,57.6707677111025,95.7870436530245,88.4625031876384,89.5225,90.69,89.6074,6.416950226,,99.43659973,,,99.55574799,144.613205,94.58911896,1.0,7.769
France,FRA,2015,62.7859306335449,Europe & Central Asia,Advanced,75.9909990116154,69.4899979595549,79.0374054015729,79.0313542399861,76.8235227873501,91.52,42.434518708411,79.5409523809524,76.4106523480204,82.2939722670229,77.7777777777778,75.28,83.7837596896552,78.030303030303,79.4044034841876,66.5,99.0,99.3,80.0,,28.2690583971798,36.80711166908,62.2273860589731,85.5238095238095,70.5666666666667,,,82.7446790253896,82.7446790253896,70.0766256706511,70.0766256706511,89.1558345008396,75.4321100332063,66.6666666666667,66.6666666666667,100.0,75.28,99.0,68.5675193793104,69.6969696969697,86.3636363636364,77.6760565287843,97.1015,39.123909867025,92.9939581560027,91.188735274189,94.9772151898734,66.5,78.006,5.446427345,,,,,101.9896393,103.3960419,62.78593063,29.0,6.575
France,FRA,2016,64.7276763916016,Europe & Central Asia,Advanced,77.9592995379234,73.8934272553562,79.1659826231483,79.3673251267851,79.5583106784201,94.68,50.2830919479142,79.5409523809524,76.7143893198658,82.311678349116,77.7777777777778,79.83,84.029551137931,74.2424242424242,80.8978883480251,74.2,99.0,99.6,87.6,,34.1892336579136,43.8286119532814,72.8314302325476,85.5238095238095,70.5666666666667,,,82.9560769112968,82.9560769112968,70.4727017284348,70.4727017284348,89.0735065731663,75.5498501250658,66.6666666666667,66.6666666666667,100.0,79.83,99.0,69.0591022758621,62.1212121212121,86.3636363636364,78.0333418256604,94.203,45.2653229244527,94.5805417158235,91.188735274189,96.64,74.2,79.2698,5.408058167,,,,,102.2604294,103.3080978,64.72767639,32.0,6.478
France,FRA,2017,65.8022308349609,Europe & Central Asia,Advanced,79.4593296872093,76.9358495735864,79.3065405627154,79.8128783073261,81.8594562093931,98.12,54.4491477434898,79.5409523809524,77.2937393227629,82.0837231951368,77.7777777777778,81.8,84.4063116896552,73.2323232323232,81.8493202617414,81.9,99.0,99.9,95.9,,37.349683065007,46.6134545919953,79.384305573467,85.5238095238095,70.5666666666667,,,83.443732679559,83.443732679559,71.1437459659668,71.1437459659668,88.7462159983325,75.421230391941,66.6666666666667,66.6666666666667,100.0,81.8,99.0,69.8126233793104,65.9090909090909,80.5555555555556,78.3056646764938,96.0615,48.2783722221072,96.0030791359171,91.188735274189,94.88,81.9,80.5025,5.451600075,,,,,102.4172211,103.7560806,65.80223083,31.0,6.44199991226196
France,FRA,2018,67.5435180664062,Europe & Central Asia,Leader,81.6986928342418,78.9434118754275,80.1316541439199,83.6193607116884,84.223558867231,99.36,58.2280534980926,79.5409523809524,67.4411541959056,93.9990922750054,77.7777777777778,83.21,84.8115871034483,82.836495031617,82.3294485840388,91.8,99.0,99.9,99.0,,45.9128931373437,50.0798209559801,78.691446400954,85.5238095238095,70.5666666666667,,,70.9101824486673,76.455354784042,58.4269536077692,63.9721259431439,100.0,87.9981845500108,66.6666666666667,66.6666666666667,100.0,83.21,99.0,70.6231742068966,85.1851851851852,80.4878048780488,78.6305483214187,97.92,51.2909911384088,94.2969681861774,91.188735274189,94.56,91.8,82.0432,5.407169819,,,,,102.4644089,103.7733307,67.54351807,23.0,6.489
France,FRA,2019,67.7331314086914,Europe & Central Asia,Leader,84.2902452735268,81.3966663043725,82.8533465478034,87.4902487318008,85.5525475043271,99.36,64.3611895704551,79.5409523809524,71.3881632317675,96.8563142488522,77.7777777777778,83.97,85.167412862069,93.3333333333333,83.2656843804089,94.7,99.0,99.9,99.0,,57.9418199577004,56.7160470493597,78.4257017043051,85.5238095238095,70.5666666666667,,,77.6298040675172,77.6298040675172,65.1465223960178,65.1465223960178,100.0,93.7126284977043,66.6666666666667,66.6666666666667,100.0,83.97,99.0,71.3348257241379,100.0,86.6666666666666,78.907136261932,93.08,58.5010164353747,94.5515339305489,91.188735274189,93.28,94.7,83.3397,5.354430199,,,,,102.4476471,104.0768967,67.73313141,24.0,6.592
Gabon,GAB,2015,,Sub-Saharan Africa,Emerging,47.3081680582304,42.6278989179624,46.7119433108011,67.2958542472391,37.3795742835601,86.51,2.63117586633449,34.8571428571429,44.9762682080235,37.3061231988508,68.9949337402569,46.42,65.2714843103448,90.1960784313725,45.0828011877835,6.56666666666667,93.23,85.73,83.93,,4.14105861057767,3.75246898842581,0.0,38.0952380952381,30.0,,,59.9821690331634,46.6524155608567,43.3001208551903,29.9703673828836,46.3422326285862,28.2700137691154,73.7288135593221,33.2559876614486,100.0,46.42,84.7,45.8429686206897,100.0,80.3921568627451,79.3683389114265,12.3325,14.5817799687172,74.8887838829886,25.246353175785,50.325,6.56666666666667,45.7845,2.824359894,,,,,,,,143.0,3.896
Gabon,GAB,2016,,Sub-Saharan Africa,Transitioner,51.2035238051044,50.7220303360964,48.599939851866,69.4736412932161,40.1371911430812,90.938,18.4385044116695,34.8571428571429,44.0412046648935,43.0855968628793,68.7460962037843,52.79,65.4348454482759,90.1960784313725,47.6131555955182,10.2333333333333,94.55,92.14,87.93,,10.1964799942117,19.336899645467,25.7821335953298,38.0952380952381,30.0,,,59.0493474230234,45.7195939507167,42.3628153790702,29.0330619067635,52.124135053354,34.0470586724047,73.728813559322,32.5094750520309,100.0,52.79,84.7,46.1696908965517,100.0,80.3921568627451,79.105625699566,15.217,23.6606756258604,77.2821234763795,25.246353175785,50.325,10.2333333333333,48.0523,2.667730808,,,,,,,,134.0,4.121
Gabon,GAB,2017,,Sub-Saharan Africa,Transitioner,54.5232548348931,54.4951175961048,58.4105776075086,63.7730046236451,43.5352578296922,91.104,27.7052225616905,34.8571428571429,68.5498905433969,43.0950061223381,68.7630947060731,54.54,65.5988436896552,71.1801701812801,50.9440722871152,13.9,95.24,92.21,87.93,,12.2427765121608,20.8231814090088,50.0497097639018,38.0952380952381,30.0,,,83.5567352807309,70.2269818084243,66.8727992783696,53.543045806063,52.1321381236171,34.0578741210591,73.728813559322,32.5604705588974,100.0,54.54,84.7,46.4976873793103,72.5490196078432,69.811320754717,84.6617079124983,19.0685,28.6226856019582,81.4928647453347,25.246353175785,50.325,13.9,51.6049,3.555707932,,,,,,,,118.0,4.46500015258789
Gabon,GAB,2018,,Sub-Saharan Africa,Transitioner,56.6670999992389,57.3824919829484,55.6516148372307,67.8421763412159,47.595621704202,91.566,34.4616585287995,34.8571428571429,61.6008586644851,43.1209543672503,68.8144481226826,55.78,65.7634815172414,81.9830475064065,51.5445271302525,31.8,96.17,92.21,88.62,,12.0045698576773,22.451655294415,68.9287504343061,38.0952380952381,30.0,,,76.608026041328,63.2782725690214,59.9234447599489,46.5936912876422,52.158435894664,34.0834728398366,73.7288135593221,32.7145308087258,100.0,55.78,84.7,46.8269630344828,85.0187265917603,78.9473684210527,84.4263015754952,22.92,30.6665602356635,80.760920664319,25.246353175785,50.325,31.8,55.4202,3.071542978,,,,,,,,103.0,4.758
Gabon,GAB,2019,,Sub-Saharan Africa,Transitioner,54.9180453450403,57.2937420175594,48.473271608569,70.2406095544634,46.6296862002542,92.97,32.8357836153271,34.8571428571429,42.9843664522001,43.787078888301,68.8234673618428,56.86,66.6218177164826,87.2400109469075,52.8921077503177,21.58,96.69,93.45,90.63,,13.7705555240537,25.8284192831403,58.9083760387873,38.0952380952381,30.0,,,63.3695449473051,39.2779493993173,46.690783505083,22.5991879570952,52.8214080028379,34.752749773764,73.728813559322,32.7415885262065,100.0,56.86,86.0861124674479,47.1575229655172,92.3371647509579,82.1428571428571,84.2045215803308,27.635,32.3220349970168,83.7076289984558,25.246353175785,50.325,21.58,59.5176,2.874309778,,72.91493988,,,100.5893389,67.14277775,19.6197319,104.0,4.799
United Kingdom,GBR,2015,56.4461288452148,Europe & Central Asia,Leader,82.294111191863,71.8481024879388,87.5303392551676,87.3403134522739,83.4999807499407,97.54,46.6659705055612,70.8285714285714,85.2650491658407,94.6719100831893,77.7777777777778,76.57,90.8857229655172,94.5652173913043,86.0833092707593,73.1666666666667,99.7,99.0,95.0,,26.7978276862373,46.7603705917834,66.4397132386628,61.7142857142857,84.5,,,97.6299178905036,86.3263281808475,84.203770150834,72.9001804411779,100.0,89.3438201663786,66.6666666666667,66.6666666666667,100.0,76.57,99.0,82.7714459310345,89.1304347826087,100.0,86.0265851045506,94.8815,50.4280393101542,97.9656892072895,98.555482731802,100.0,73.1666666666667,92.0003,5.55452013,,98.85903931,,15.45905,100.15802,126.09478,56.39712906,21.0,6.867
United Kingdom,GBR,2016,58.083869934082,Europe & Central Asia,Leader,84.705542518729,78.0037772953724,86.0221096451967,89.6225985977011,85.6059711495096,99.12,60.4751575241454,70.8285714285714,82.4733432549086,93.6930419691942,77.7777777777778,78.65,90.2177957931034,100.0,88.0741306035537,75.7333333333333,99.6,99.0,99.0,,38.6734545817266,64.1174414059704,78.6345765847392,61.7142857142857,84.5,,,94.7900134745994,83.4864237649433,81.4602627448738,70.1566730352177,100.0,87.3860839383885,66.6666666666667,66.6666666666667,100.0,78.65,99.0,81.4355915862069,100.0,100.0,86.1506508548092,100.0,56.1797718688265,99.4847475623308,98.555482731802,100.0,75.7333333333333,94.7758,5.427959919,,98.50179291,15.05392,,100.319931,,58.01910019,23.0,6.725
United Kingdom,GBR,2017,59.6282081604004,Europe & Central Asia,Leader,85.4819966549117,79.674568679953,85.651123533625,90.5254598505747,86.4321081304921,99.12,64.6521359855968,70.8285714285714,83.1995989790866,92.0393209660871,77.7777777777778,81.18,90.3963795517241,100.0,88.4651351631151,78.3,99.6,99.0,99.0,,42.201663815414,70.4735225292539,81.2812216121223,61.7142857142857,84.5,,,95.4683127034386,84.1647229937825,82.2344749643907,70.9308852547345,99.2076497414048,84.8709921907695,66.6666666666667,66.6666666666667,100.0,81.18,99.0,81.7927591034483,100.0,100.0,86.9307492687147,98.96,57.3594438150587,100.0,98.555482731802,100.0,78.3,90.4246,5.452569962,,98.43099213,15.13275,16.61873,100.6952209,125.7314301,59.55479813,19.0,6.71400022506714
United Kingdom,GBR,2018,61.1377716064453,Europe & Central Asia,Leader,86.5415400979052,80.0292541195699,87.6595139151305,89.5594625982019,89.2769145340497,99.352,63.9735162513057,73.4952380952381,87.9060058919765,92.3538900069609,77.7777777777778,82.84,90.5749632758621,95.2634245187437,88.3211431675621,93.1,99.8,99.48,99.0,,42.644399882942,67.5452700183214,81.7308788526536,61.7142857142857,91.1666666666667,,,100.0,82.6711462505128,100.0,68.9528773173932,99.7846190124007,84.9231610015211,66.6666666666667,66.6666666666667,100.0,82.84,99.0,82.1499265517241,92.9078014184397,97.6190476190476,86.9116223844312,97.92,58.5534364516401,98.6251742699371,98.555482731802,100.0,93.1,90.692,5.204370022,,98.47547913,,,101.2196808,120.1904526,61.0918808,11.0,7.19
United Kingdom,GBR,2019,65.5119934082031,Europe & Central Asia,Leader,86.69120075561,81.5906880129038,83.0944245470023,91.3914026666667,91.1553684369999,99.372,67.8571009846405,73.4952380952381,72.7128547127031,96.1343177659137,77.7777777777778,84.5,89.674208,100.0,89.8642105462498,96.32,99.9,99.48,99.0,,49.5496979120888,72.0208044156866,82.0008006261461,61.7142857142857,91.1666666666667,,,83.2764360202192,75.4790300950621,69.9466793303441,62.1492734051871,100.0,92.2686355318274,66.6666666666667,66.6666666666667,100.0,84.5,99.0,80.348416,100.0,100.0,87.490886915955,96.9,66.0290138235191,98.7956692599729,98.555482731802,100.0,96.32,92.5166,5.261159897,,100.144722,,,101.7882538,117.2333374,65.52494049,15.0,7.054
Georgia,GEO,2015,51.9050659422441,Europe & Central Asia,Transitioner,60.423981325151,47.6871812027424,61.5807194996958,80.5599833742735,56.3471002455875,75.8,23.5370006259036,39.7619047619048,81.6463692843023,36.9456685273641,70.7195218751459,60.4,83.1526092988506,98.12734082397,55.275541973651,60.6333333333333,99.0,90.0,50.0,,10.0600931424501,13.8481525768376,46.7027561584229,42.3809523809524,35.8333333333333,,,89.3248183591583,89.3248183591583,73.9679202094463,73.9679202094463,45.2639883584581,28.6273486962701,63.2231404958678,73.7288135593221,75.2066115702479,60.4,99.6666666666667,66.6385519310345,96.2546816479401,100.0,51.9048155232081,61.805,34.4725083072116,77.8507575776623,62.6721284601731,37.15,60.6333333333333,47.5698,3.164874077,,107.1288223,9.01662,7.24706,107.6770096,106.2083588,51.18238068,130.0,4.297
Georgia,GEO,2016,58.1988080034057,Europe & Central Asia,Transitioner,63.5296527779725,55.7277267634063,57.2093230751593,83.2863930064154,61.3470574119386,84.136,33.2071264323253,43.9523809523809,69.4686454525166,38.1949012978088,70.7195218751459,69.95,83.7851480114942,96.1240310077519,58.8671550982565,71.2666666666667,99.0,90.0,70.84,,14.5344178480162,24.4295297733131,60.6574316756467,47.1428571428571,39.1666666666667,,,77.0410820452072,77.0410820452072,61.8962088598259,61.8962088598259,46.3983742732237,29.9914283223939,63.2231404958678,73.728813559322,75.2066115702479,69.95,99.3333333333333,68.2369626896552,92.2480620155039,100.0,52.0624163531916,63.768,47.7263055464596,81.4159251314584,62.6721284601731,37.15,71.2666666666667,58.4593,3.523380041,,120.5789795,8.82638,7.44399,104.1871872,107.3454819,57.38505936,126.0,4.252
Georgia,GEO,2017,63.535040959252,Europe & Central Asia,Advanced,66.2659004772394,61.5914983047014,63.3514289216442,75.8425408832065,65.158391857157,89.986,42.0165552855629,43.9523809523809,84.45630890411,38.5625024624276,70.7195218751459,72.76,84.1959640344828,70.5716586151369,60.9729898214462,81.9,99.93,90.0,85.0,,19.0577200026537,30.4924106113404,76.4995352426947,47.1428571428571,39.1666666666667,,,92.4593377725331,92.4593377725331,76.4532800356869,76.4532800356869,47.2324504032194,29.8925545216359,63.2231404958677,73.728813559322,75.2066115702479,72.76,99.0,69.3919280689655,81.8840579710145,59.2592592592593,51.8289467616771,66.604,55.6717150308063,82.8151588545746,62.6721284601731,37.15,81.9,59.7055,3.524420023,99.0,120.7523117,9.01533,7.39342,103.2455597,109.0791016,62.74975967,125.0,4.28599977493286
Georgia,GEO,2018,66.747813990461,Europe & Central Asia,Advanced,69.5016177574986,65.2104211570505,62.3301768047513,85.0704003857729,67.4816687389036,90.328,50.7218624164357,43.9523809523809,80.3652430985755,40.1004379757298,70.7195218751459,75.14,85.390350093489,94.6808510638298,62.9270859236295,85.7,99.98,90.0,85.83,,28.2107909059394,46.1672033213214,77.7875930220464,47.1428571428571,39.1666666666667,,,88.0442550920734,88.0442550920734,72.6862311050776,72.6862311050776,48.4193676353525,31.781508316107,63.2231404958678,73.728813559322,75.2066115702479,75.14,99.6536636352539,71.1270365517241,89.3617021276596,100.0,55.3601397416286,69.44,63.6340111062561,79.6741503100899,62.6721284601731,37.15,85.7,62.7179,3.460949898,99.65366364,102.5382233,8.98194,7.57537,101.2318802,111.1624222,66.04177856,128.0,4.34
Georgia,GEO,2019,69.6463934713126,Europe & Central Asia,Advanced,68.3179253083384,67.8573290188167,55.2124211914106,86.1482111717029,67.4930196811834,97.596,49.9843128127614,44.1260194685609,62.619482873821,40.0518091671324,70.7195218751459,77.1,86.1065382770133,95.2380952380952,63.5212746014792,83.38,99.98,98.0,96.0,,27.8993877719293,45.4429876273725,76.6105630389824,47.4322546698237,39.1666666666667,,,78.4576004443845,61.6128599055615,63.6261058420805,46.7813653032576,48.085535410047,32.0180829242178,63.2231404958678,73.7288135593221,75.2066115702479,77.1,99.7402477264404,72.4728288275862,100.0,90.4761904761905,55.8686148702123,64.13,68.0003672683251,80.4252624086856,62.6721284601731,37.15,83.38,68.8467,3.829859972,,98.48166656,,,101.8533936,111.4999924,69.01641083,119.0,4.519
Ghana,GHA,2015,15.5618871637579,Sub-Saharan Africa,Emerging,36.6036906323271,34.6247897748412,41.4173193683128,39.1700977707624,31.9577148097081,52.844,10.1465458656744,47.1428571428571,51.1337680244401,34.6969797890546,35.4251012145749,43.68,50.2530575399296,23.5772357723577,32.3304768454685,30.4666666666667,91.0,85.0,1.61,,5.68902617003517,6.85532623517925,17.8952851918088,41.9047619047619,55.0,,,65.5435391361783,56.5050078045295,45.7625282443507,36.7239969127019,45.4116940221279,23.9822655559813,54.8582995951417,0.0,51.417004048583,43.68,64.4923934936523,36.0137215862069,47.1544715447154,0.0,29.5162152515021,38.212,8.21562707433886,45.0615906643873,26.2529512371142,67.0,30.4666666666667,23.0,3.688745499,,93.67414856,31.25587,16.61254,102.0158534,67.08258744,15.72661972,114.0,4.633
Ghana,GHA,2016,15.606270735823,Sub-Saharan Africa,Emerging,40.6538056430274,41.7390260598067,45.7502518589513,41.5061788166541,34.4632533968853,64.558,16.2181365780881,47.1428571428571,52.1763444395858,43.7185050174724,36.9615603806402,49.45,51.8175076433779,23.2510288065844,35.1957334127733,31.5333333333333,96.79,85.0,28.0,,8.30051100409719,8.34805491464801,32.005843815519,41.9047619047619,55.0,,,66.5863018923702,57.5477705607214,46.8049183184502,37.7663869868015,54.4334211200123,33.0035889149324,54.8582995951417,4.60937749819579,51.417004048583,49.45,64.4923934936523,39.1426217931035,46.5020576131687,0.0,29.7457663354712,44.928,13.3831709235355,50.6327785677454,26.2529512371142,67.0,31.5333333333333,28.0,3.454744339,,,30.5794,16.97562,100.4157015,67.15789209,14.21440029,124.0,4.276
Ghana,GHA,2017,16.2065694246062,Sub-Saharan Africa,Emerging,46.1296507220485,47.4246364701849,47.6250479556068,54.5310195770412,36.7652573922348,66.558,28.4321626040336,47.1428571428571,56.626114729344,43.9557124973193,36.9615853247074,51.22,51.5510247468262,60.8220339842974,37.8065717402935,32.6,96.79,85.0,33.0,,10.965378940826,12.2119556163757,62.1191532548993,41.9047619047619,55.0,,,71.0359148475451,61.9973835158963,51.2548459427917,42.2163146111429,54.6704581540608,33.2409668405778,54.8582995951416,4.60945233039761,51.417004048583,51.22,64.4923934936523,38.609656,91.0585795611212,30.5854884074736,30.9575360270906,57.184,16.0411428469663,53.6892285902965,26.2529512371142,67.0,32.6,37.8842,3.186117411,64.49239349,87.84977722,27.29644,15.63675,99.05007172,66.38191986,16.36607933,131.0,4.11999988555908
Ghana,GHA,2018,15.9045597520982,Sub-Saharan Africa,Emerging,49.4699805371382,51.023119229357,53.5165358644386,55.0496525232622,39.8434904336864,74.058,29.9283695019638,47.1428571428571,68.2773538809568,47.0331931212107,36.9615853178577,52.54,58.4184813793104,54.1904761904762,38.879363042108,43.7,96.79,88.45,48.3,,8.82254709959382,13.3429035447888,67.6196578615089,41.9047619047619,55.0,,,78.1681079598741,78.1681079598741,58.3865998020395,58.3865998020395,57.7481767067045,36.318209535717,54.8582995951417,4.60945230984844,51.417004048583,52.54,79.0,37.8369627586207,52.3809523809524,56.0,31.1281218393071,69.44,17.3096529587678,51.4860891753506,26.2529512371142,67.0,43.7,43.0,3.015955925,,88.04061127,27.24556,16.01642,97.31511688,67.75382233,16.01543999,108.0,4.657
Ghana,GHA,2019,17.3607250095097,Sub-Saharan Africa,Emerging,49.3539765328741,54.1539880069022,40.9711015742484,60.1307983769886,44.4716809778702,78.8,33.013541445827,47.1428571428571,44.3667524187466,44.9409643877019,26.2400742583451,53.7,57.9012225354453,68.7911725955204,39.2908512223377,65.195,98.0,90.0,58.0,,10.2943508378036,19.1360963713925,69.6101771282849,41.9047619047619,55.0,,,63.067784511865,45.4468088989005,43.2866959385927,25.6657203256282,55.6557206982244,34.2262080771794,45.2569169960474,4.60955083827655,28.8537549407115,53.7,78.1618932088216,37.640551862069,81.060606060606,56.5217391304348,31.0591462440205,66.485,18.5436433361403,53.8560152944135,26.2529512371142,67.0,65.195,22.0732,3.153071165,,,26.99486,15.17269,98.37718964,70.60788727,17.43388939,98.0,4.996
Guinea,GIN,2015,,Sub-Saharan Africa,Discoverer,23.9636240478286,17.8460285714286,45.3263483928662,31.1495919991493,13.0877596594036,34.004,3.52916666666667,14.1638095238095,58.5246832602019,25.3184946899484,58.9453860640301,28.11,29.4630697827586,35.8757062146893,15.1263662409212,4.93333333333333,79.0,45.51,0.0,,4.64416666666667,5.94333333333333,0.0,11.4285714285714,18.2666666666667,,,79.9248583287687,48.9741292434975,68.0752372769064,37.1245081916352,31.7370394263738,18.899949953523,73.728813559322,3.10734463276838,100.0,28.11,34.0,24.9261395655172,71.7514124293786,0.0,15.53293924881,4.348,5.51853327234081,19.2457083674582,11.6817538178549,42.9577929962838,4.93333333333333,9.2,2.517139912,,62.83464813,,,89.74539965,35.65806449,8.703927994,150.0,3.656
Guinea,GIN,2016,,Sub-Saharan Africa,Discoverer,26.0443670668224,20.5721174603175,45.93641547017,33.3512042384615,14.5984790876424,40.272,4.07638888888889,14.1638095238095,58.7387192370043,31.2035916618984,49.7974555530446,34.38,31.0582281,34.6153846153846,16.5064321928864,6.96666666666667,79.0,61.18,0.0,,5.29583333333333,6.93333333333333,0.0,11.4285714285714,18.2666666666667,,,80.1392460426508,49.1885169573797,68.288921516629,37.3381924313578,37.6225174468269,24.7846658769699,56.5040650406504,33.5387081225486,59.349593495935,34.38,36.0,26.1164562,69.2307692307692,0.0,14.6462621777753,8.696,9.10152477844613,19.9080600628496,11.6817538178549,45.6931202550121,6.96666666666667,13.1,2.544500113,,62.44152832,47.14862,,94.3621521,36.84758185,8.637948036,151.0,3.607
Guinea,GIN,2017,,Sub-Saharan Africa,Discoverer,26.7602344032991,21.2391619047619,48.8206072070842,32.2800992890068,15.3208986265162,40.516,5.5,14.1638095238095,63.4534782248412,33.6649959839203,49.8660876178979,35.65,32.6646568413793,28.525641025641,16.9011232831452,9.0,79.0,61.79,0.0,,6.43333333333333,10.0666666666667,0.0,11.4285714285714,18.2666666666667,,,84.8533489532588,53.9026198679877,73.0043365816947,42.0536074964236,40.0832110185175,27.2467809493231,56.5040650406504,33.7446043171083,59.349593495935,35.65,38.0,27.3293136827586,48.7179487179487,8.33333333333335,10.8570125771311,19.973,12.098894427225,22.6192231220866,11.6817538178549,34.5244649428571,9.0,18.7,2.320339918,,55.44863129,,,99.89538807,,8.52771759,149.0,3.50699996948242
Guinea,GIN,2018,,Sub-Saharan Africa,Discoverer,29.5450148241139,22.5306426065163,50.5504168252713,36.7356951855395,18.2116907254077,41.764,7.48070175438596,14.1638095238095,65.4955230583279,35.9483057620736,49.8644264855533,36.61,34.2825694275862,39.3145161290322,17.9896134067596,19.1,82.7,63.06,0.0,,6.13333333333333,9.46666666666667,6.84210526315789,11.4285714285714,18.2666666666667,,,86.8955481637135,55.9448190784424,75.0462270382135,44.0954979529423,42.3666880383861,29.529923485761,56.5040650406504,33.7396209200745,59.349593495935,36.61,40.0,28.5651388551724,62.5,16.1290322580645,9.69347716258731,31.25,14.1551699163005,18.5161676819886,11.6817538178549,40.5529969101336,19.1,21.83,2.384320021,40.0,56.6452713,,,100.9200075,37.66156834,7.599748135,140.0,3.964
Guinea,GIN,2019,,Sub-Saharan Africa,Discoverer,29.3747058651491,33.8458362330536,36.7171567888655,29.765374241658,20.1283634818399,61.96,15.5726858207293,14.1638095238095,28.4238882035306,38.4367905258566,49.8644264855533,37.49,34.9121833310345,16.8939393939394,20.2067043522998,19.815,91.0,75.0,34.4,,10.4901367478156,15.2305182009162,20.9974025134561,11.4285714285714,18.2666666666667,,,44.9126329308197,23.785473533356,33.0623028737051,11.9351434762415,44.8557193067937,32.0178617449196,56.5040650406504,33.7396209200745,59.349593495935,37.49,40.0,29.824366662069,20.4545454545454,13.3333333333334,10.5029886233351,26.505,15.2921331893196,23.8736802657276,11.6817538178549,52.860931730524,19.815,22.6255,1.858129978,,56.99654007,,,98.14182772,37.99192324,6.843963146,118.0,4.534
Gambia,GMB,2019,,Sub-Saharan Africa,Discoverer,33.115940798059,41.3563849938931,27.0987329629122,43.6920968979296,24.5614468878052,58.884,33.789790767561,21.4343434343434,8.53784697712976,17.7321048228354,82.9537612146308,34.76,37.2191634708067,59.0971272229822,23.1868086097565,30.06,98.0,67.25,30.96,,12.480381707136,15.2290867390559,73.6599038564912,24.3787878787879,17.0176767676768,,,23.8976057988067,2.25592204731981,7.9978600623925,0.0,27.1866700468306,8.27753959884023,84.7826086956522,64.0786749482402,100.0,34.76,52.6525993347168,21.7857276068966,53.4883720930232,64.7058823529412,26.9106664638225,15.01,14.3119705017512,48.3847655474468,17.3216405357618,3.0,30.06,31.1183,2.808097124,,68.6075592,,,89.36565028,,,120.0,4.516
Greece,GRC,2015,,Europe & Central Asia,Advanced,67.2335831269099,63.223321630233,64.8186056898877,81.9564881350991,60.8393679914233,90.38,34.606875504154,66.1428571428571,71.6610451546423,75.7212113163883,29.3285155073773,78.54,91.6048267241379,75.7246376811594,68.6575433226125,29.5666666666667,99.9,96.0,80.0,,19.8503299923313,20.9465708704118,63.0237256497188,61.9047619047619,72.5,,,79.5550776461143,79.5550776461143,63.7670126631703,63.7670126631703,84.2730798488163,67.1693427839603,20.3703703703703,56.5040650406504,11.1111111111111,78.54,97.9,85.3096534482759,74.6376811594202,76.8115942028986,71.1353400146564,59.3,35.256376950791,88.3013054606077,82.9936891618817,71.9020100502513,29.5666666666667,66.835,3.661390066,,97.61077881,9.64365,8.66634,99.82910919,103.3777008,,102.0,4.857
Greece,GRC,2016,131.403213500977,Europe & Central Asia,Advanced,69.3480821705318,69.0181056246029,64.7331722302217,80.8309330779185,64.0427988385347,95.58,43.8938354900787,66.1428571428571,72.142355069327,75.9176469799782,27.5458570524984,79.17,92.6474985862069,70.6753006475486,70.420165214835,38.5333333333333,99.9,96.0,93.0,,25.9434993931593,31.2803014950566,74.4577055820202,61.9047619047619,72.5,,,79.5570852505822,79.5570852505822,64.7276248880717,64.7276248880717,83.9502713430047,67.8850226169516,17.6470588235295,53.2258064516129,11.7647058823529,79.17,97.9,87.3949971724138,64.5390070921986,76.8115942028986,71.3331342504916,57.971,41.0410050942148,90.2650855072855,82.9936891618817,74.964824120603,38.5333333333333,69.0879,4.015610695,,99.00637817,9.27444,8.4038,99.37065125,103.9520721,131.4032135,99.0,5.033
Greece,GRC,2017,135.333923339844,Europe & Central Asia,Advanced,72.0609795077252,73.6164882819409,66.1415575354504,81.9439414380411,67.5825043161531,98.78,52.1897921334236,66.1428571428571,75.6579753344424,75.9229899779345,27.5458570524984,82.55,93.6901704482759,69.5916538658474,72.6031303951914,47.5,99.9,99.0,98.0,,32.5102740626623,40.8772738105457,83.1818285270628,61.9047619047619,72.5,,,82.8666466863412,82.8666466863412,68.4493039825436,68.4493039825436,83.7323839424915,68.1135960133775,17.6470588235295,53.2258064516129,11.7647058823529,82.55,97.9,89.4803408965517,71.3261648745519,67.8571428571428,71.7467904120743,69.9555,45.0165295069283,91.4571428950728,82.9936891618817,73.6475,47.5,69.893,3.477089882,,98.4479599,9.38027,8.55985,98.82671356,104.2287903,135.3339233,87.0,5.22700023651123
Greece,GRC,2018,140.950317382812,Europe & Central Asia,Advanced,76.1914345934967,76.1944092700093,70.1319955027414,90.1401704788416,69.9627587071897,99.18,58.2345946035947,66.1428571428571,83.5198686993602,79.1039264689466,25.4123871770931,85.38,95.032240137931,90.0082712985939,74.2784483839871,52.7,99.9,99.0,99.0,,40.3840002898127,49.0091946364573,85.3105888845143,61.9047619047619,72.5,,,93.0811226439751,87.6765547644922,79.3631826342282,73.9586147547453,86.5344773075595,71.6733756303338,17.6470588235294,46.8253968253968,11.764705882353,85.38,97.9,92.1644802758621,89.247311827957,90.7692307692308,72.2393992453214,81.94,49.0397267053754,89.3331768073572,82.9936891618817,73.6325,52.7,72.2384,3.597340107,,97.60722351,,,97.80110168,103.8916931,140.9503174,79.0,5.358
Greece,GRC,2019,143.96272277832,Europe & Central Asia,Advanced,75.3566553367956,79.2416851855535,60.4471637827741,89.7666563899717,74.9966349016529,99.18,65.852784392455,66.1428571428571,59.141693216592,79.2700226517967,25.4123871770931,87.62,96.1727227931035,85.5072463768116,75.4107936270661,73.34,99.9,99.0,99.0,,48.7718784388194,62.2184300716943,86.5680446668515,61.9047619047619,72.5,,,73.6847769019499,58.3175507756167,59.9658356575673,44.5986095312341,86.7011158258373,71.8389294777561,17.6470588235295,46.8253968253968,11.7647058823529,87.62,97.9,94.4454455862069,85.5072463768116,85.5072463768116,72.3609931654237,76.265,56.6852645628508,89.4581544110036,82.9936891618817,74.8467336683417,73.34,75.6712,3.586129904,,98.38407135,,,97.64376831,106.5278397,143.9627228,82.0,5.287
Guatemala,GTM,2015,21.9573684260954,Latin America & Caribbean,Emerging,46.3707157490479,36.0372358814183,56.0124050492782,47.8605171848672,47.858834411198,62.46,11.1807087511648,32.9047619047619,37.6418826687366,53.5796061449352,97.6190476190476,35.31,58.8175114513655,49.4540401032361,55.4402096806641,17.5333333333333,100.0,85.41,20.74,,8.53473081655826,11.8154905883947,13.1919048485415,34.2857142857143,30.8333333333333,,,48.3749420764886,48.3749420764886,26.9088232609846,26.9088232609846,65.2070871699999,41.9521251198705,96.4285714285714,96.4285714285714,100.0,35.31,80.1950912475586,37.4399316551724,77.1689497716895,21.7391304347826,50.4907495601761,40.8135,26.6318907849694,59.2233678361138,78.2963914878841,84.3037974683544,17.5333333333333,28.8059,3.030329943,80.19509125,85.14929962,,,104.0998535,54.91804886,22.06971931,43.0,6.123
Guatemala,GTM,2016,,Latin America & Caribbean,Transitioner,50.0648674505907,49.643703396853,53.7739311882595,45.7717313068668,51.4160824818671,73.12,34.5368775397515,32.9047619047619,32.7745730663052,52.8507310948198,97.6190476190476,42.34,59.1056287032092,35.8695652173913,60.6534364356672,14.4666666666667,100.0,92.45,40.35,,15.6087996514554,24.9335509513779,63.0682820164211,34.2857142857143,30.8333333333333,,,43.5081221394601,43.5081221394601,22.0410239931504,22.0410239931504,64.4787425907376,41.2227195989021,96.4285714285714,96.4285714285714,100.0,42.34,80.4633941650391,37.7478632413793,50.0,21.7391304347826,50.7896293217977,66.667,34.6823679222414,62.2902934464127,78.2963914878841,87.75,14.4666666666667,34.5093,2.944740057,,81.64192963,21.74437,12.39713,103.0138931,54.37519073,16.12379265,39.0,6.324
Guatemala,GTM,2017,,Latin America & Caribbean,Transitioner,55.7028646190074,56.7414167696518,54.1925691294878,60.4208856814182,51.8182948250167,83.772,41.6291609717484,32.9047619047619,33.3747441874692,53.2971548267265,97.6190476190476,44.71,59.0850210240184,77.4676360202363,61.9228685312708,11.4,100.0,95.0,64.43,,18.2236206706067,31.2213424616652,75.4425197829735,34.2857142857143,30.8333333333333,,,44.1078913820198,44.1078913820198,22.6415969929187,22.6415969929187,64.9247309541562,41.6695786992967,96.4285714285714,96.4285714285714,100.0,44.71,80.7316970825195,37.4383449655172,81.0435941517732,73.8916778886994,51.0326925893895,65.6235,40.6833608045733,63.7901477745073,78.2963914878841,86.0,11.4,37.9,2.950099945,,81.97701263,20.17993,10.51281,103.0335922,54.00778961,17.10445404,29.0,6.4539999961853
Guatemala,GTM,2018,,Latin America & Caribbean,Transitioner,55.1941591577622,58.0521935206534,52.5010742365252,55.1002824259775,55.2626666217176,89.328,39.3501028492526,32.9047619047619,28.5686329499313,53.8745288318579,97.6190476190476,47.55,59.0644133448276,58.6864339331048,62.803333277147,25.1,100.0,95.0,78.32,,16.0928739049541,29.4195170828031,72.5379175600006,34.2857142857143,30.8333333333333,,,39.3020283285566,39.3020283285566,17.8352375713059,17.8352375713059,65.5023738253687,42.2466838383471,96.4285714285714,96.4285714285714,100.0,47.55,81.0,37.1288266896552,57.3894588276931,59.9834090385165,51.4242498455738,64.58,43.58515718074,63.795867871537,78.2963914878841,89.25,25.1,41.5,3.131939888,81.0,81.74809265,20.26228,10.49312,103.5778198,54.11301041,17.51636696,30.0,6.382
Guatemala,GTM,2019,22.559501429793,Latin America & Caribbean,Transitioner,56.0762779386238,60.8009329313379,51.0049867366329,58.8137962755608,54.2143959816113,92.54,43.0099513759637,32.9047619047619,25.7530726681407,52.9498703639177,97.6190476190476,50.09,59.1635509201534,67.187837906529,62.9892449770141,19.115,100.0,95.0,86.35,,16.5696139399973,35.1251932890864,77.3350468988075,34.2857142857143,30.8333333333333,,,40.4817685372926,32.4910869226452,19.0150584136362,11.0243767989887,64.5776716808983,41.3220690469372,96.4285714285714,96.4285714285714,100.0,50.09,81.5077934265137,36.8193084137931,64.6208133356878,69.7548624773702,51.463776256173,57.88,45.4088443849463,65.5872127560672,78.2963914878841,90.5,19.115,44.401,3.192970037,,80.73143768,,,103.4272919,52.60728836,22.65051079,27.0,6.436
"Hong Kong SAR, China",HKG,2015,68.7008718656545,East Asia & Pacific,Advanced,77.5938602684699,67.7071280566659,86.8126784913579,86.603467918188,71.2125605730149,97.6,47.7287725226171,47.8780952380952,89.7689681908394,77.2627280375554,100.0,75.3,86.8633449310345,97.6470588235294,76.4657007162687,50.2,100.0,99.0,95.0,,24.2730533176751,46.2499010537543,72.663363196422,26.952380952381,79.2666666666667,,,99.8412353392556,95.3126181168866,84.2253182647922,79.6967010424232,85.7213497862231,68.8041062888878,100.0,100.0,100.0,75.3,97.0,76.726689862069,100.0,95.2941176470588,81.9652596255311,68.7205,57.9680213343888,100.0,58.0349726214234,100.0,50.2,84.9484,3.262120008,,95.35119629,13.66248,12.95682,105.1315231,107.4316864,68.7008667,72.0,5.474
"Hong Kong SAR, China",HKG,2016,70.3316379391101,East Asia & Pacific,Advanced,79.8471157281893,70.1286212658075,88.2388658090449,88.2972499296822,74.3934220770271,97.6,53.7825055454712,47.8780952380952,91.5258496910019,79.0713148316102,100.0,80.51,86.7346909655172,97.6470588235294,78.9167775962839,56.3,100.0,99.0,95.0,,27.2002611783538,51.6807685796833,82.4664868783764,26.952380952381,79.2666666666667,,,100.0,97.528481973089,86.5517670066438,82.0231497842748,87.4700364338846,70.6725932293359,100.0,100.0,100.0,80.51,97.0,76.4693819310345,100.0,95.2941176470588,82.3598274400936,76.812,65.7830879199025,100.0,58.0349726214234,100.0,56.3,87.4794,3.292690039,,95.7547226,13.67502,12.37069,104.7410126,107.7970963,70.33164215,75.0,5.458
"Hong Kong SAR, China",HKG,2017,72.9228515909643,East Asia & Pacific,Leader,80.7091890171675,73.2956034496145,88.5691112959057,85.3996119174137,76.5377735983353,97.6,61.6999610049886,47.8780952380952,92.3781634170864,79.0446148226778,100.0,83.98,86.6725837586207,85.5462519936204,80.0722169979191,62.4,100.0,99.0,95.0,,39.9565808152809,58.8536426602194,86.2896595394653,26.952380952381,79.2666666666667,,,100.0,98.6945816192169,87.6733446357489,83.1447274133799,87.4674525175062,70.6217771278495,100.0,100.0,100.0,83.98,97.0,76.3451675172414,82.4561403508772,88.6363636363636,81.9981520330364,81.461,69.5974603351359,100.0,58.0349726214234,100.0,62.4,89.4159,3.309890032,,111.3474579,13.76886,11.51862,104.8079071,106.8375702,72.92285156,71.0,5.47200012207031
"Hong Kong SAR, China",HKG,2018,78.2463196011546,East Asia & Pacific,Leader,84.1555544969641,76.7071417336915,89.3425685854097,89.8704141096995,81.4366998805535,98.0,64.2440448104191,59.0476190476191,93.1707977324892,80.185623731035,100.0,86.63,87.3672072413793,95.6140350877193,81.0958748506918,82.8,100.0,99.0,96.0,,41.0780279140557,64.3634102807485,87.2906962364531,42.8571428571429,83.3333333333333,,,100.0,99.7370003269248,88.7374039127005,84.2087866903315,88.5967394508564,71.7745080112137,100.0,100.0,100.0,86.63,97.0,77.7344144827586,91.2280701754386,100.0,82.2820963474649,86.11,72.1073052845708,100.0,58.0349726214234,100.0,82.8,90.5074,3.326240063,,92.88591003,13.34788,11.22247,103.4309998,108.2101669,78.24632263,76.0,5.43
"Hong Kong SAR, China",HKG,2019,83.8542119335773,East Asia & Pacific,Leader,84.9553156383553,78.1724352593735,86.8512818517911,92.1205978735632,83.2866912409724,98.812,67.0952786246243,59.0476190476191,87.0340965481356,80.0941080813422,100.0,88.63,87.7317936206896,100.0,82.1921140512155,87.665,100.0,99.0,98.03,,46.0673527747399,68.0465476096198,87.1719354895132,42.8571428571429,83.3333333333333,,,100.0,88.0981901279067,87.6004188050512,72.4377772595845,88.57683171835,71.6113844443343,100.0,100.0,100.0,88.63,97.0,78.4635872413793,100.0,100.0,82.362394064359,88.35,76.388203570295,100.0,58.0349726214234,100.0,87.665,91.7434,3.810179949,,97.06896973,,,102.2026062,105.1071396,83.8542099,76.0,5.43
Honduras,HND,2015,20.3152639116671,Latin America & Caribbean,Emerging,42.552143724516,35.9586982238587,35.4726469832826,59.6626810166144,43.0809680763344,48.428,22.0401741310754,38.8571428571429,9.50724378115285,37.7529735042372,82.8428003456328,34.79,57.8344066862069,86.3636363636364,53.451210095418,1.6,86.14,60.0,18.0,,9.77862942136219,15.2282060024867,41.1136869693773,38.0952380952381,40.0,,,12.7032115800018,24.5656393765201,0.0,0.760124168089549,50.6476275754704,24.858319433004,84.7826086956522,63.7457923412461,100.0,34.79,88.0,27.6688133724138,100.0,72.7272727272727,35.8298994897461,35.658,22.3936652799656,52.8758294902691,96.3225800749771,84.010152284264,1.6,27.1395,6.412970066,88.0,,29.14566,16.09893,89.88818359,50.01977158,20.26543045,105.0,4.788
Honduras,HND,2016,21.0025442228384,Latin America & Caribbean,Emerging,44.3865865789328,40.2356164795354,34.1545649872936,62.6454295915683,45.0877104817295,48.428,32.732469770267,38.8571428571429,8.13715735782521,35.8236683371462,82.8511735465251,48.61,59.1354919172414,80.1907968574635,55.5596381021618,3.2,86.14,60.0,18.0,,16.3410612957977,31.5062279430486,50.3501200719547,38.0952380952381,40.0,,,10.3431008173913,22.2055286139096,0.0,0.0,49.3667024903957,22.2806341838966,84.7826086956522,63.7709119439231,100.0,48.61,89.0,29.2709838344828,87.6543209876543,72.7272727272727,36.073350991399,31.159,29.3383571777339,56.8914374425785,96.3225800749771,87.1859296482412,3.2,29.5282,6.095095158,89.0,78.11132813,28.37057,14.49878,89.59835815,50.69898987,20.9513092,104.0,4.871
Honduras,HND,2017,24.5585599156436,Latin America & Caribbean,Emerging,49.1186892050351,50.562320002339,41.3235410639568,58.4011966170611,47.7024632963285,66.428,40.549228577276,38.8571428571429,25.5342894110373,36.3467906437864,82.8555452101364,50.96,58.5573153413793,65.6862745098039,58.4280791204106,4.8,86.14,74.0,49.0,,17.9738245164182,31.9803359086279,71.693525306782,38.0952380952381,40.0,,,31.6731593035861,43.5355871001043,7.53299172197026,19.3954195184885,49.422714750495,23.2708665370779,84.7826086956522,63.7840269347571,100.0,50.96,88.0,29.1146306827586,64.7058823529412,66.6666666666667,36.3676159470954,41.2745,35.0160033434104,61.5469462365702,96.3225800749771,84.5,4.8,31.7358,5.744343758,,79.12502289,25.59773,16.65963,88.39861298,50.73529053,24.45844078,91.0,5.18100023269653
Honduras,HND,2018,26.3838242053705,Latin America & Caribbean,Transitioner,50.582375424642,55.2904323826148,37.2420012431357,65.087139102086,48.8448413525493,74.652,44.1455095279656,38.8571428571429,14.5166199426426,33.7052850576682,89.7661962150569,52.99,57.7806765655172,84.4907407407407,59.9560516906866,4.4,86.14,81.0,62.56,,21.5888200614187,36.7207753664252,74.1269331560528,38.0952380952381,40.0,,,32.4493640710493,17.3079107016644,8.30920499785668,0.0,46.7812045556475,20.6293655596889,84.7826086956522,84.5159799495183,100.0,52.99,87.0,28.5613531310345,87.5,81.4814814814815,36.2859785859503,51.39,36.4525954247942,61.3991043677111,96.3225800749771,87.25,4.4,36.0401,6.056469917,87.0,,,,88.74346751,,26.21419907,72.0,5.504
Honduras,HND,2019,25.3231382609304,Latin America & Caribbean,Transitioner,50.359052083024,57.4726501489085,36.2602768431938,62.2746170220407,49.557202482593,77.628,46.6250539436999,38.8571428571429,13.2007068373196,32.5635049980532,89.7729605452232,54.69,58.8882370310345,73.2456140350877,61.1215031032412,3.3,86.14,81.0,70.0,,24.6682938882771,42.7478640913852,72.4590038514375,38.0952380952381,40.0,,,29.7630559384254,17.0814571412068,5.95831426964616,0.0,45.457740068642,19.6692699274645,84.7826086956522,84.5362729400173,100.0,54.69,89.0,28.776474062069,78.0701754385965,68.421052631579,35.9333038019842,48.93,40.5705170445174,63.0661145947273,96.3225800749771,90.5,3.3,39.3884,5.932459831,89.0,76.837677,,,87.79846954,64.10839081,25.12657928,59.0,5.86
Croatia,HRV,2015,68.4413986206055,Europe & Central Asia,Advanced,65.7897044767381,56.7671662682721,68.717994200105,74.0445045274585,64.8591452590393,85.2,30.2883918611565,52.8590476190476,78.5832511314303,59.8784010354989,66.6666666666667,63.3,83.4925174137931,75.3409961685824,69.2905982404658,47.1333333333333,100.0,98.0,65.0,,15.7323680990333,18.3734995109688,56.7593079734672,59.8095238095238,42.4333333333333,,,93.2047547558101,76.9105651329793,80.2559371298814,63.9617475070505,66.8923439162103,52.8644581547875,50.0,50.0,100.0,63.3,99.0,67.9850348275862,69.3486590038314,81.3333333333333,68.5160052000777,60.547,35.3833419472114,85.5659937021066,84.6760792869436,84.0761421319797,47.1333333333333,69.845,4.969085217,,101.0758133,13.702,7.03333,99.49076843,102.9813309,68.44139862,62.0,5.759
Croatia,HRV,2016,69.5889511108398,Europe & Central Asia,Advanced,70.4077658972629,65.962880861084,69.7239703008736,78.9359682112277,67.6901679462605,98.36,40.1176783431863,52.8590476190476,79.2943306024265,61.6822618164242,66.6666666666666,79.1,83.3455857931035,74.3623188405797,71.346043266159,53.0666666666667,100.0,99.0,96.9,,20.9009399493133,27.833465527096,71.6186295531494,59.8095238095238,42.4333333333333,,,93.8688263210004,77.5746366981695,81.0140245066835,64.7198348838527,68.6452794658458,54.7192441670025,50.0,50.0,100.0,79.1,99.0,67.6911715862069,67.3913043478261,81.3333333333333,69.175614409469,74.638,38.0218288071911,86.7808015966149,84.6760792869436,81.5137844611529,53.0666666666667,72.6973,4.896224499,,97.51435852,13.50611,6.73221,98.79093933,103.7194366,69.58895111,74.0,5.488
Croatia,HRV,2017,71.3775863647461,Europe & Central Asia,Advanced,71.9886810925284,69.4488723107261,70.6563466896376,78.8176064288155,69.4412051257527,98.8,48.3926569672915,52.8590476190476,80.4232406957615,62.8842926949991,66.6666666666666,82.52,83.3341384137931,70.5986808726535,72.0515064071909,59.0,100.0,99.0,98.0,,26.9644369615697,36.7005576182084,81.5129763220965,59.8095238095238,42.4333333333333,,,94.9044286767929,78.6102390539621,82.2362423375609,65.94205271473,69.7462269620832,56.0223584279151,50.0,50.0,100.0,82.52,99.0,67.6682768275862,74.074074074074,67.1232876712329,69.3955494205439,71.349,40.7041726086777,88.2322307197892,84.6760792869436,83.15,59.0,67.0962,3.862699986,,98.41345978,,,99.23210907,104.2144165,71.37758636,77.0,5.29300022125244
Croatia,HRV,2018,72.8625411987305,Europe & Central Asia,Advanced,74.9865175459764,71.1037485963368,75.1148367718874,79.5880058824817,74.3818355278924,99.2,52.1298476813181,52.8590476190476,86.2540809335244,68.1996776628607,66.6666666666667,85.36,83.6539317241379,69.7500859233073,71.9772944098655,84.0,100.0,99.0,99.0,,31.9567206746061,43.1001242420669,81.3326981272814,59.8095238095238,42.4333333333333,,,100.0,82.648777348495,91.7473528915332,70.6201934940695,74.7151605840079,61.6841947417136,50.0,50.0,100.0,85.36,99.0,68.3078634482759,64.1577060931899,75.3424657534247,69.7738890470095,68.06,43.424567545588,86.6269361697865,84.6760792869436,82.71,84.0,75.2946,3.912090063,,100.778801,,,98.88121033,104.960083,72.8625412,82.0,5.321
Croatia,HRV,2019,74.0501174926758,Europe & Central Asia,Advanced,75.026047688463,75.9962815173214,63.9291816411893,84.8930948237923,76.8217897436392,99.52,59.0411799837797,62.8590476190476,66.7018387170082,59.7877820526318,66.6666666666666,87.61,83.8380336206897,83.2312508506873,73.960987179549,88.265,100.0,99.4,99.4,,41.4492858699966,52.2722418056007,83.4020122757419,59.8095238095238,67.4333333333333,,,74.3679610750169,70.7964775020343,62.6071999319821,59.0357163589996,66.1581943384423,53.4173697668213,50.0,50.0,100.0,87.61,99.0,68.6760672413793,89.247311827957,77.2151898734177,70.1135147479276,71.675,49.7725554911846,87.3399597385233,84.6760792869436,84.1306532663317,88.265,79.0798,3.920079947,,99.43070221,,,99.00151062,105.1359787,74.05011749,75.0,5.432
Haiti,HTI,2015,,Latin America & Caribbean,Emerging,35.7078706914874,25.5511739348371,38.7568685163048,57.655155525355,28.474632497775,35.864,17.499649122807,21.0285714285714,6.98460947011992,39.907561820642,100.0,30.0,48.8478195172414,94.1176470588235,34.2766239555521,5.26666666666667,63.32,58.0,0.0,,5.64666666666667,5.27333333333333,41.578947368421,28.3809523809524,10.0,,,13.9692189402398,13.9692189402398,0.0,0.0,50.5214198375612,29.2937038037229,100.0,100.0,100.0,30.0,61.7,35.9956390344828,100.0,88.2352941176471,26.2733110335881,13.845,8.55359385825642,47.3092946787074,61.3840648507772,41.8807107128627,5.26666666666667,14.2,1.854979992,,,,,,,,119.0,4.518
Haiti,HTI,2016,,Latin America & Caribbean,Emerging,35.6056724022418,28.9410944026734,32.7079885821441,59.0402741696544,28.7580618808977,37.21,24.6284502923977,21.0285714285714,2.76798181856963,36.6619222967232,84.6801346801347,40.47,49.2899322068966,87.3608903020668,34.7892440177888,4.63333333333333,70.05,58.0,0.0,,7.555,6.85666666666667,59.4736842105263,28.3809523809524,10.0,,,5.53596363713926,5.53596363713926,0.0,0.0,47.3632929819411,25.9605516115054,100.0,54.040404040404,100.0,40.47,61.7,36.8798644137931,86.4864864864865,88.2352941176471,26.7600935580918,16.667,12.9765450801469,45.9359081859544,61.3840648507772,37.112216827947,4.63333333333333,22.8,1.387760043,61.69134903,,,,,,,136.0,4.028
Haiti,HTI,2017,,Latin America & Caribbean,Emerging,37.9308391462109,30.6864346807079,33.1076633591303,65.0589911733006,31.3175309286508,37.902,28.2998009874841,21.0285714285714,3.52886095463104,36.9002301031274,84.6801346801346,42.29,52.8869735199017,100.0,38.1469136608135,4.0,70.05,58.0,1.73,,8.35108326357085,8.5839820000051,67.9643376988762,28.3809523809524,10.0,,,7.05772190926208,7.05772190926208,0.0,0.0,47.6369243257851,26.1635358804696,100.0,54.040404040404,100.0,42.29,68.0098571777344,37.764089862069,100.0,100.0,26.7992381342489,30.5535,16.4564176463264,48.191488398237,61.3840648507772,45.2532185489563,4.0,27.2,1.498469949,68.00985718,,,,,,,145.0,3.6029999256134
Haiti,HTI,2018,,Latin America & Caribbean,Emerging,41.4532877392375,34.1584118892418,48.1675485623947,55.0114611223932,32.6234982363234,45.842,29.0397440088187,21.0285714285714,39.9601812398128,38.1186228261067,84.6801346801347,43.85,53.3290862095568,67.8552971576227,39.6293727954043,4.6,70.05,76.0,3.58,,8.27016903867234,9.3185003252646,69.5305626625192,28.3809523809524,10.0,,,50.0856667429148,50.0856667429148,29.8346957367108,29.8346957367108,49.0878987878005,27.1493468644128,100.0,54.040404040404,100.0,43.85,68.0098571777344,38.6483152413793,82.2222222222222,53.4883720930233,26.6480508638476,44.44,18.0400724128507,47.2966991425807,61.3840648507772,45.1159534139302,4.6,32.4736,1.637159944,,,,,,,,148.0,3.582
Haiti,HTI,2019,,Latin America & Caribbean,Emerging,40.7744950326112,35.4271602015352,44.2485486594104,55.5475221146955,31.7434629408354,46.81,31.2436147895523,21.0285714285714,32.4508588517719,35.8304454566867,84.6801346801346,45.14,53.3676643474879,68.1349019965987,38.3043286760443,5.5,70.05,76.0,6.0,,9.00265248336256,12.069091969927,72.6590999153672,28.3809523809524,10.0,,,51.370202721063,33.7492271080985,31.1524905954454,13.5315149824809,46.7817061913962,24.8791847219772,100.0,54.040404040404,100.0,45.14,68.0098571777344,38.7254715172414,82.2222222222222,54.0475817709753,26.0871072529761,31.63,17.6514783302266,49.004530742131,61.3840648507772,43.1589244082211,5.5,39.262,1.759413004,,,,,,,,147.0,3.597
Hungary,HUN,2015,50.9797401428223,Europe & Central Asia,Advanced,73.248421810807,69.1591938625402,71.4084591752362,85.6589642516682,68.0488334330387,97.64,42.7436989420648,65.0285714285714,91.4957985834448,56.5012213285794,61.0482560521324,78.52,84.3295519310345,94.12734082397,69.3443751246317,62.8666666666667,99.0,97.3,97.3,,24.3003760710822,31.6829568510707,72.2477639040416,61.7142857142857,70.0,,,100.0,92.6281003782443,93.0271369560075,80.3279569995276,63.1637989920509,49.8386436651078,42.4982996482549,43.7007874015748,96.9456811065676,78.52,99.1,69.559103862069,96.2546816479401,92.0,74.7820763759276,59.474,38.6584500504849,88.3561237430846,86.4003466657825,57.5757575757576,62.8666666666667,72.8347,4.495399952,,98.64601135,10.97863,10.2914,100.8276825,104.5464783,50.06565094,104.0,4.8
Hungary,HUN,2016,50.7361488342285,Europe & Central Asia,Advanced,75.3854974991225,75.0823344014027,73.691074278745,84.8438653833083,68.7983654491088,98.2,56.9915502892211,65.0285714285714,94.8827093945088,58.1113805018288,62.4671916010498,80.56,83.4063787586207,90.5652173913043,71.4646234780527,58.1333333333333,99.0,98.0,98.0,,37.1812060728227,52.8543644662439,80.9390803285967,61.7142857142857,70.0,,,100.0,97.0833071051005,97.5733552147073,84.8741752582274,64.7246602522184,51.4981007514392,43.7007874015748,43.7007874015748,100.0,80.56,99.1,67.7127575172414,89.1304347826087,92.0,75.1548665555557,63.043,43.8684953095907,89.3199743505184,86.4003466657825,62.1158690176322,58.1333333333333,79.2594,4.615479946,,96.80142212,10.76744,10.01652,99.02863312,104.0468903,49.47705078,91.0,5.145
Hungary,HUN,2017,51.3840599060059,Europe & Central Asia,Advanced,76.2859070657306,78.8186548239228,73.8370359262086,84.1447792016757,69.1586982296557,99.0,65.5323513455212,65.0285714285714,88.6867784600803,59.667544528625,72.4765336536323,83.83,82.8268966551724,85.7774409498547,73.0983727870696,53.4,99.0,99.0,99.0,,47.9036511688422,63.4094972156549,85.2839056520666,61.7142857142857,70.0,,,100.0,88.8827354818011,89.2817791575,76.5825992010201,66.3301183473813,53.0049707098686,73.7288135593221,43.7007874015748,100.0,83.83,99.1,66.5537933103448,85.3479853479853,86.2068965517242,75.4574933148956,68.3265,49.066459497171,90.6293144574989,86.4003466657825,59.55,53.4,76.7505,4.647570133,,100.0874634,,,98.43126678,104.2907791,49.91027069,75.0,5.32399988174438
Hungary,HUN,2018,52.5629386901855,Europe & Central Asia,Leader,81.6360864767009,80.4239761646255,83.9536473222602,87.206496423587,75.4318501572569,99.2,69.3456546972779,65.0285714285714,89.3217305840122,79.9455898213759,81.2335958005249,86.59,83.1591732068966,91.8703160638645,73.9898126965711,81.2,99.2,99.2,99.2,,51.9468071650712,69.5700092736673,86.5201476530952,61.7142857142857,70.0,,,100.0,87.9342352641376,93.7185385691595,75.6341485027516,86.6081368171267,73.2830428256251,100.0,43.7007874015748,100.0,86.59,99.1,67.2183464137931,92.831541218638,90.9090909090909,75.7147664713593,73.61,54.2250690269782,88.5038813187358,86.4003466657825,56.6,81.2,76.0744,4.623439789,,98.10501862,,,96.75221252,103.7495499,50.8998909,69.0,5.62
Hungary,HUN,2019,54.2122917175293,Europe & Central Asia,Leader,81.1999015396765,80.5185898159864,77.4351870026054,89.9870536532773,77.48318536879,99.2,69.5821888256803,65.0285714285714,73.2534935561081,79.7176760501428,81.2335958005249,88.86,82.8932756551724,98.2078853046595,75.2939817109876,86.24,99.2,99.2,99.2,,50.6561075467299,71.9259692768679,86.164489653443,61.7142857142857,70.0,,,89.1063839862498,69.7006976177586,76.8062894944577,57.4006031259665,86.3802272331969,73.0551248670888,100.0,43.7007874015748,100.0,88.86,99.1,66.6865513103448,96.415770609319,100.0,75.9887607892194,74.16,57.9110015843363,88.6147995155995,86.4003466657825,60.95,86.24,80.3717,4.224880219,,93.05844879,,,96.62088013,102.5616379,52.36103821,62.0,5.758
Indonesia,IDN,2015,32.4590200433758,East Asia & Pacific,Emerging,48.2858340215414,41.2091342879234,47.9611636704044,59.0308206647925,46.5925977508283,62.38,18.4999785769514,44.2857142857143,53.7788621051962,16.1240470708147,100.0,42.4,74.2693453793104,60.4231166150671,46.857413855202,45.5333333333333,87.9,90.0,22.0,,7.77747632715884,11.1277391963292,36.5947202073662,43.8095238095238,45.0,,,62.3780105841647,60.1129522061573,47.4447720042352,45.1797136262278,24.2128846349432,8.0352095066862,100.0,100.0,100.0,42.4,95.0,53.5386907586207,56.140350877193,64.7058823529412,42.1995076911429,36.226,25.3387059375452,63.3916059029312,51.2340974601267,68.0203045685279,45.5333333333333,22.0627,3.583600044,95.0,109.528511,,,109.3619806,88.78228771,33.03264999,74.0,5.399
Indonesia,IDN,2016,34.8307173410877,East Asia & Pacific,Transitioner,52.2590673977466,51.334691588533,47.8347385555365,59.8725892082488,50.7299248574037,75.18,31.0138718284753,44.2857142857143,49.0215381575989,20.5653082312422,100.0,46.7,75.5648264482759,57.3529411764706,52.420739405088,43.9666666666667,87.9,91.0,53.0,,11.4926556308519,21.3238150207427,60.2251448338312,43.8095238095238,45.0,,,57.5685959579065,55.3035375798991,42.7395387352988,40.4744803572914,28.5977142268214,12.532902235663,100.0,100.0,100.0,46.7,95.0,56.1296528965517,50.0,64.7058823529412,50.100728337103,36.232,34.9577919050574,68.7226482454583,51.2340974601267,77.9448621553885,43.9666666666667,25.4474,1.210234523,95.0,107.9646988,13.97814,14.11492,107.1620738,88.56449209,35.47575378,79.0,5.314
Indonesia,IDN,2017,35.967012362631,East Asia & Pacific,Transitioner,57.2753248672294,60.35117869625,51.7688510071446,65.9628202514169,52.2175806849447,88.38,39.3550895977678,46.2857142857143,56.6024913946999,22.8196361231617,100.0,49.71,75.701793,72.4766677542508,54.6719758561809,42.4,87.9,92.0,85.0,,13.3363785399614,33.197452414274,71.531437839068,43.8095238095238,50.0,,,65.0977094019528,62.8326510239454,50.3723317654543,48.1072733874469,30.7958823429317,14.8433899033916,100.0,100.0,100.0,49.71,95.5,55.903586,63.6404956050556,81.3128399034461,43.2904776525912,46.586,45.1496403560248,72.6426638121617,51.2340974601267,75.5,42.4,32.3358,1.053243876,,106.1960068,16.06371,15.3284,105.6342322,91.5816468,36.63386154,81.0,5.26200008392334
Indonesia,IDN,2018,36.1494878042588,East Asia & Pacific,Transitioner,64.3382291453356,64.3803463177044,68.9206259736332,64.3221644031021,60.0362062647143,94.4,43.4080086514039,46.2857142857143,61.8127379447026,60.4888269893803,100.0,52.49,76.3744154137931,64.1020777955133,55.6452578308928,77.6,98.0,95.0,92.0,,14.3339972409071,41.3964754226074,74.4935532906972,43.8095238095238,50.0,,,69.1238627738341,69.1238627738341,54.501613115571,54.501613115571,68.4092122209394,52.5684417578212,100.0,100.0,100.0,52.49,96.0,56.7488308275862,63.4907751706674,64.7133804203592,43.8312578946579,56.94,48.4487346850801,69.4921991145993,51.2340974601267,73.5,77.6,39.9046,0.994436443,96.0,104.9741135,17.03493,15.2071,104.6482873,93.43093639,36.79545593,96.0,5.093
Indonesia,IDN,2019,37.3230862728703,East Asia & Pacific,Advanced,66.122005123024,66.52448734251,66.3262817137352,66.9819812933456,64.6783425860218,95.6,46.5683612134177,48.2857142857143,62.889659886155,52.9260443981831,100.0,55.32,76.5744141034483,69.0515297765885,59.2879282325272,86.24,98.0,95.0,95.0,,16.3020518133065,48.02623150592,75.3768003210267,43.8095238095238,55.0,,,76.6621443304045,63.3323908580978,62.4469289142123,49.1171754419056,60.6259527486205,45.2261360477456,100.0,100.0,100.0,55.32,96.0,57.1488282068966,65.5493312032076,72.5537283499693,44.4848325317713,62.59,58.5733420689383,71.2533716080654,51.2340974601267,79.1979949874687,86.24,47.6906,0.964399099,,104.6112595,,,102.5970185,95.78369057,37.92596817,92.0,5.192
India,IND,2015,27.2845677075978,South Asia,Transitioner,50.9448769714982,38.3404028138128,58.2486442789103,56.4045355275773,53.4743544896427,68.076,13.5911975107226,28.367619047619,71.6526975175917,27.7700827703273,92.3976608187134,51.11,58.6074825517241,59.4961240310078,49.38460977872,69.8333333333333,94.0,73.89,49.3,,5.51617130804293,7.13991585900804,28.1175053651168,28.1904761904762,28.6333333333333,,,90.6452129470425,62.0089003218186,81.2964947133647,52.6601820881408,32.8339718135694,22.7061937270851,88.5964912280701,88.5964912280701,100.0,51.11,74.4,42.8149651034483,68.9922480620155,50.0,41.2950922089743,64.484,8.71687965123446,65.8939919201173,67.1282496702361,63.293670886076,69.8333333333333,14.9,4.114991665,,99.90400696,31.49146,31.65018,112.9378433,74.94833374,27.28456688,117.0,4.565
India,IND,2016,27.3043573857643,South Asia,Transitioner,55.1489982558141,48.499824055679,59.2374164832117,58.5047748322421,55.0329670487088,79.868,24.777750615388,33.207619047619,71.3098792905551,31.2232543483329,91.1208151382824,54.2,58.9725523448276,62.3417721518987,51.5245421442193,69.0666666666667,95.0,79.67,72.5,,9.71683660566019,15.3831155196144,49.2332997208894,28.8571428571429,39.7333333333333,,,90.3023911533646,61.6660785281407,80.9536800529695,52.3173674277456,36.2871395277136,26.1593691689522,86.6812227074236,86.6812227074236,100.0,54.2,74.4,43.5451046896552,74.6835443037974,50.0,42.179743417287,74.638,12.4032987397409,69.5736219013512,67.1282496702361,58.0375939849624,69.0666666666667,16.5,4.256516457,,99.31367493,35.21588,28.49097,119.5128326,76.11998749,27.30435753,118.0,4.404
India,IND,2017,27.9090519049334,South Asia,Transitioner,51.4509890446296,53.4918881450412,53.4366678851802,42.9392049807379,57.0944132646455,84.4,32.7259108387936,33.207619047619,66.9574385623589,31.1584907599173,70.9514807813485,56.82,60.3910705517241,11.6065443904897,54.2930165808069,68.3,96.0,88.0,75.0,,11.8322759849239,19.2779434207562,67.0675131107006,28.8571428571429,39.7333333333333,,,85.9499548934767,57.3136422682528,76.601234856465,47.9649222312411,36.2223807799653,26.0946007398692,84.7826086956522,28.0718336483932,100.0,56.82,74.4,46.3821411034483,23.2130887809793,0.0,41.7464707503695,84.889,16.8918981816924,72.0327143017363,67.1282496702361,62.4425,68.3,18.2,4.306396961,,98.5887146,32.74955,27.44103,117.8681717,74.59726715,27.9090519,122.0,4.31500005722046
India,IND,2018,28.5316865291946,South Asia,Transitioner,56.6139200023004,58.6014075740354,70.8487616772983,41.7189262080595,59.3088460651658,95.4,34.4997094112789,33.207619047619,78.2437305051603,69.4054806560703,58.9453860640302,59.22,59.8577232758621,6.07905534831647,56.1610575814572,71.9,97.0,95.0,95.0,,14.0867764403583,22.8104938568229,66.6018579366555,28.8571428571429,39.7333333333333,,,89.5829610018298,76.2532075295231,80.2342534807974,66.9045000084908,74.4693638966295,64.3415974155111,73.728813559322,3.10734463276844,100.0,59.22,74.4,45.3154465517241,12.1581106966329,0.0,41.8281666552688,95.14,21.0746980040469,70.1129235777343,67.1282496702361,66.1825,71.9,20.0813,4.376932621,,,,28.52287,101.097956,75.78479004,28.53168678,133.0,4.19
India,IND,2019,29.0233593907143,South Asia,Transitioner,57.7966268381194,61.3714345984224,63.3317007731632,45.3408720043128,63.3187999951791,98.06,38.7647769722464,33.207619047619,65.4498680419696,63.4066908589234,58.9453860640302,61.31,57.7598614482759,16.9527545646624,57.9734999939739,84.7,98.0,98.15,98.0,,17.2078137347405,27.8632074773569,71.2233097046419,28.8571428571429,39.7333333333333,,,80.8177399940591,59.4307013818508,71.4690347020884,50.0819960898801,68.4705728920743,58.3428088257726,73.728813559322,3.10734463276844,100.0,61.31,74.8,40.7197228965517,33.9055091293248,0.0,42.0513507985635,90.215,28.6461024388971,70.9418158591654,67.1282496702361,71.984962406015,84.7,29.5235,3.897323608,,96.30937195,,,99.50392361,75.52558136,29.0233593,140.0,4.015
Ireland,IRL,2015,77.2321472167969,Europe & Central Asia,Advanced,78.1394501553755,62.5235642922427,94.2005420054201,86.1990521999495,73.4313957968439,97.4,30.8374821591781,56.1428571428571,100.0,100.0,71.0027100271003,68.66,93.2338598965517,96.7032967032967,82.7309114127215,36.2333333333333,99.0,99.0,95.0,,13.5352863397271,19.5163244137891,59.4608357240182,61.9047619047619,47.5,,,100.0,100.0,100.0,100.0,100.0,100.0,56.5040650406504,56.5040650406504,100.0,68.66,99.0,87.4677197931035,100.0,93.4065934065934,80.3593988455829,70.09,49.0324198096092,100.0,99.2177384084153,100.0,36.2333333333333,83.4948,3.74868989,,98.70777893,,,101.184639,116.9898682,77.23214722,18.0,6.94
Ireland,IRL,2016,77.5571365356445,Europe & Central Asia,Leader,81.3364241304941,66.8022575791693,94.2005420054201,89.4805588436276,77.7261348413583,97.4,41.5342153764946,56.1428571428571,100.0,100.0,71.0027100271003,76.69,95.0483798275862,96.7032967032967,84.1910018850312,51.8666666666667,99.0,99.0,95.0,,19.0799429335385,30.8682652134571,74.6544379824884,61.9047619047619,47.5,,,100.0,100.0,100.0,100.0,100.0,100.0,56.5040650406504,56.5040650406505,100.0,76.69,99.0,91.0967596551724,100.0,93.4065934065934,80.6971321767635,72.464,54.8081388399773,100.0,99.2177384084153,100.0,51.8666666666667,83.5,3.746740103,,99.69187927,,,101.3414917,117.028717,77.55713654,19.0,6.907
Ireland,IRL,2017,77.5191116333008,Europe & Central Asia,Leader,83.5552112734158,69.5581013970697,93.8988228830832,91.522943183908,81.5372991528724,97.8,48.0238249212457,56.1428571428571,99.2457021941577,100.0,71.0027100271003,79.23,95.3388295517241,100.0,85.0466239410905,67.5,99.0,99.0,96.0,,24.339929808351,39.3713975363023,80.3601474190838,61.9047619047619,47.5,,,100.0,100.0,100.0,96.982808776631,100.0,100.0,56.5040650406504,56.5040650406504,100.0,79.23,99.0,91.6776591034483,100.0,100.0,81.0266339531415,77.552,56.2127473438956,100.0,99.2177384084153,100.0,67.5,84.114,3.490449905,,98.28806305,,,100.8527832,125.3071213,77.78061676,15.0,6.97700023651123
Ireland,IRL,2018,76.7604675292969,Europe & Central Asia,Leader,84.9199518186313,71.3057069545052,93.928250182892,92.0118274022988,84.3868505082762,98.6,51.5928388148344,56.1428571428571,99.3192704436798,100.0,71.0027100271003,81.0,95.0354822068965,100.0,85.8835631353453,78.4,99.0,99.0,98.0,,28.5006843664294,44.5943939728889,81.683438105185,61.9047619047619,47.5,,,100.0,100.0,98.6385408873597,98.6385408873597,100.0,100.0,56.5040650406504,56.5040650406504,100.0,81.0,99.0,91.0709644137931,100.0,100.0,81.3292316100187,82.64,57.5508456582923,100.0,99.2177384084153,100.0,78.4,87.0001,3.37838006,,97.32833862,,,101.0328827,154.9082947,77.28288269,14.0,6.977
Ireland,IRL,2019,74.444580078125,Europe & Central Asia,Leader,85.2894192173035,73.3937334657885,91.1260332866622,91.9948898236706,86.0033718258031,98.6,56.8129050930426,56.1428571428571,92.3137282031055,100.0,71.0027100271003,82.82,98.6591749655172,94.5054945054945,86.9717147822539,82.13,99.0,99.0,98.0,,34.3161578978965,53.9100198674239,82.2125375138074,61.9047619047619,47.5,,,100.0,90.4331286132235,99.9744717983311,78.8473124008674,100.0,100.0,56.5040650406504,56.5040650406504,100.0,82.82,99.0,98.3183499310345,89.010989010989,100.0,81.5874926570214,79.85,64.1283428458329,100.0,99.2177384084153,100.0,82.13,87.0001,3.296169996,,100.6323166,,,100.9808578,138.091217,75.17993927,16.0,7.021
"Iran, Islamic Rep.",IRN,2015,70.6858520507812,Middle East & North Africa,Emerging,44.9029921153001,28.8149209399189,52.0336260675901,62.7957041592537,43.1787102864464,40.0,13.583969016464,36.9066666666667,62.2865740845022,34.4641577511397,66.6666666666667,41.47,75.9026197241379,71.0144927536232,44.9567211913914,36.0666666666667,94.2,38.9,14.0,,6.92369629804765,10.0978593955865,23.7303513557579,33.3333333333333,42.2666666666667,,,86.2039818904141,52.6853414085176,71.8878067604869,38.3691662785903,42.2187526131836,26.7095628890958,100.0,0.0,100.0,41.47,85.5,66.3052394482759,42.0289855072464,100.0,54.9971154579407,35.17,18.1711278319945,50.5116821459226,56.5263071512653,53.9847467396674,36.0666666666667,45.335,2.629110098,,100.0703201,26.77414,,109.0251312,88.14298248,72.12127686,110.0,4.686
"Iran, Islamic Rep.",IRN,2016,67.9112319946289,Middle East & North Africa,Transitioner,55.0683279546114,47.1827627890379,62.0611449351346,68.3796332771392,45.9280114838018,63.576,35.9275736392613,36.9066666666667,67.0280017331929,40.3319418997754,95.5858374097368,52.34,75.3683442758621,77.4305555555556,46.7266810214189,42.7333333333333,94.2,76.84,35.0,,15.8552238225344,29.0349036468554,62.8925934483942,33.3333333333333,42.2666666666667,,,91.0984467315298,57.5798062496332,76.4761972167525,42.9575567348559,48.2523270536131,32.4115567459377,100.0,86.7575122292103,100.0,52.34,86.0,64.7366885517241,54.8611111111111,100.0,56.0448785906759,33.333,20.2608515511958,57.4906707761413,56.5263071512653,53.2883940756318,42.7333333333333,53.2268,3.173969984,86.0,98.34705353,27.32117,18.6938,107.9073334,85.48744202,69.18332672,105.0,4.813
"Iran, Islamic Rep.",IRN,2017,66.351448059082,Middle East & North Africa,Transitioner,58.7786113927419,55.9883944260297,62.7873934819772,63.1703788961047,53.751840336499,77.056,44.461652731741,36.9066666666667,69.0228353042906,40.152729695784,95.5858374097368,53.51,74.224000862069,61.7771358262451,54.8398004206237,49.4,96.5,83.17,61.22,,19.820522759675,36.6584308752236,76.9060045603242,33.3333333333333,42.2666666666667,,,93.3538753086087,59.835234826712,78.2104357818691,44.6917952999725,48.3554261061013,31.9500332854667,100.0,86.7575122292103,100.0,53.51,86.0,62.4480017241379,53.405017921147,70.1492537313433,56.7606419267608,48.2615,47.0248997667201,60.4376642561676,56.5263071512653,58.6374780044094,49.4,64.044,3.459569931,,96.64743805,28.52479,19.00886,107.2958221,84.75482941,68.12741089,108.0,4.69199991226196
"Iran, Islamic Rep.",IRN,2018,60.8611488342285,Middle East & North Africa,Transitioner,63.2016668146349,61.3466354752432,61.0502657116377,72.729857697318,58.5764547144486,84.9,50.0132553547748,36.9066666666667,68.547713518815,36.2850320554108,95.5858374097368,54.78,73.8262397586207,89.5833333333333,57.1955683930608,64.1,96.5,90.0,74.0,,29.5924557460419,45.2432803436374,75.2040299746449,33.3333333333333,42.2666666666667,,,78.328683253764,74.1226339094779,62.9727931281521,58.766743783866,44.6028058734506,27.9672582373711,100.0,86.7575122292103,100.0,54.78,86.0,61.6524795172414,79.1666666666667,100.0,57.3166694059058,63.19,47.6240910158174,58.495515298747,56.5263071512653,68.8405181871362,64.1,70.2006,3.619790077,,,,,,,62.71047211,106.0,4.707
"Iran, Islamic Rep.",IRN,2019,58.1169509887695,Middle East & North Africa,Transitioner,59.9119606193086,66.3439326208408,52.8210165623097,64.4218972281959,57.0706279789988,87.3,60.1064982187686,36.9066666666667,52.3454132326151,31.9142094682907,95.5858374097368,56.19,73.45562,63.6200716845878,53.1920349737485,72.585,96.5,90.0,80.0,,36.6352987162712,61.1440282422675,82.5401676977672,33.3333333333333,42.2666666666667,,,64.936830243687,54.7920711401501,49.8987553250802,39.7539962215432,40.0598333825361,23.7685855540453,100.0,86.7575122292103,100.0,56.19,86.0,60.91124,49.820788530466,77.4193548387097,58.2399401643865,61.005,33.5178987510514,58.3227695204512,56.5263071512653,57.7015185631767,72.585,72.4509,3.240050077,,97.08075714,,,106.0819702,,59.95137024,117.0,4.548
Iraq,IRQ,2015,,Middle East & North Africa,Discoverer,34.3733239981555,36.702735531263,27.277237250881,53.6884542950192,25.9720607829812,51.596,23.9417912091099,32.4380952380952,40.467029650619,5.50384125436133,44.4444444444445,41.01,61.7220295517241,58.3333333333333,31.6234093120598,3.36666666666667,98.0,55.0,24.99,,9.66030964938474,14.3673937043473,47.7976702735977,26.2857142857143,41.6666666666667,,,46.2155892801828,46.2155892801828,34.7184700210551,34.7184700210551,11.0076825087227,0.0,66.6666666666667,66.6666666666667,0.0,41.01,82.5,40.9440591034483,96.6666666666667,20.0,20.1396349873384,27.596,25.6357415391982,43.8099771199688,17.5474429137937,74.3725,3.36666666666667,15.2,,,,,,,,,112.0,4.677
Iraq,IRQ,2016,,Middle East & North Africa,Emerging,35.5021121193901,37.9631041411387,27.3605986272161,52.6981549003831,29.0224481303747,58.796,19.8927127337992,32.4380952380952,39.1694035879518,7.00987075786633,44.4444444444444,39.01,62.4177980344828,56.6666666666667,35.3197268296351,3.83333333333333,98.0,73.0,24.99,,7.84906992214613,16.0136033302923,35.8154649489592,26.2857142857143,41.6666666666667,,,44.9178081896482,44.9178081896482,33.4209989862554,33.4209989862554,13.2373090763708,0.782432439361858,66.6666666666667,66.6666666666667,0.0,39.01,83.0,41.8355960689655,93.3333333333333,20.0,20.5114789474584,35.507,35.7511741770903,47.848788109833,17.5474429137937,74.3725,3.83333333333333,19.9,,83.0,,,,,,,112.0,4.575
Iraq,IRQ,2017,,Middle East & North Africa,Emerging,39.4639341766577,41.4474154329515,28.535370495251,66.8189666168582,30.6916889214848,63.596,23.8034909633311,32.4380952380952,41.012759033376,8.10344498252927,44.4444444444445,40.26,64.3635665172414,95.8333333333333,37.289611151856,4.3,98.0,85.0,24.99,,8.42402666344068,15.111880891981,47.8745653345716,26.2857142857143,41.6666666666667,,,46.7612978179117,46.7612978179117,35.2642202488403,35.2642202488403,14.3310286657763,1.87586129928228,66.6666666666667,66.6666666666667,0.0,40.26,86.0,42.7271330344828,100.0,91.6666666666667,21.1540553204782,33.7235,42.3877455930396,51.3108119319684,17.5474429137937,74.3725,4.3,49.36,,86.0,,,,,,,117.0,4.49700021743774
Iraq,IRQ,2018,,Middle East & North Africa,Emerging,38.8110060198524,41.8046992017431,30.8879220055286,50.2946411662353,34.9368778999069,66.38,21.9127003853101,32.4380952380952,44.4272228813358,10.5703599102636,44.4444444444444,41.6,64.8093349655172,44.4745885331887,37.0960973748836,26.3,99.92,91.0,24.99,,6.44496394182718,15.1821446956494,44.1109925184537,26.2857142857143,41.6666666666667,,,50.1756274994287,50.1756274994287,38.678818263243,38.678818263243,16.7977982465308,4.34292157399632,66.6666666666667,66.6666666666667,0.0,41.6,86.0,43.6186699310345,41.5807560137457,47.3684210526316,21.1634954982153,31.94,43.820025313368,49.7932731490411,17.5474429137937,74.3725,26.3,33.9,,,,,,,,,117.0,4.456
Iraq,IRQ,2019,,Middle East & North Africa,Emerging,45.0229045705308,42.3633715948334,50.50464445109,53.9692622751094,35.5848975877913,68.232,21.4573813680359,32.4380952380952,33.3079235056796,70.731465399823,44.4444444444444,42.99,65.2551034482759,53.6626833770524,38.6048719847391,23.505,100.0,95.59,24.99,,5.51642576915114,14.3981092412871,44.4576090936694,26.2857142857143,41.6666666666667,,,45.9643353741339,32.6345819018273,33.981265109532,20.6515116372253,77.2222951264824,64.2406356731636,66.6666666666667,66.6666666666667,0.0,42.99,86.0,44.5102068965517,53.9007092198582,53.4246575342466,21.2583682160656,32.735,49.8071195579142,50.8576792359219,17.5474429137937,74.3725,23.505,44.3263,,,,,,,,,126.0,4.437
Iceland,ISL,2015,75.6419982910156,Europe & Central Asia,Advanced,78.5735979679239,69.2824791832459,87.7545919392368,89.9304958242192,69.7118009774632,97.4,53.18429319621,45.2438095238095,94.1489433114192,90.8289343861352,68.8172043010753,71.8,99.0015884827586,98.989898989899,80.5064178884956,26.5333333333333,99.0,99.0,95.0,,30.5964359445502,54.8743908014261,74.0820528426538,47.4285714285714,41.9666666666667,,,100.0,96.2430125720359,94.1740216463836,86.1787390272575,96.2804158895568,85.3774528827135,53.2258064516129,53.2258064516129,100.0,71.8,100.0,98.0031769655172,100.0,97.979797979798,88.3805201798444,61.868,59.9937606488925,100.0,79.9782389934881,86.4911392405063,26.5333333333333,98.2,7.457970142,,99.09667969,10.14405,,98.68621826,119.8073578,75.64199829,2.0,7.561
Iceland,ISL,2016,74.7006301879883,Europe & Central Asia,Leader,82.8193758248232,78.289232251629,89.2347419437454,93.1565980311157,72.2899935326329,97.6,75.5011758671677,45.2438095238095,93.2920178083119,95.3862349005141,68.8172043010753,82.71,97.7698951034483,98.989898989899,82.2458252491245,32.4666666666667,99.0,99.0,95.5,,50.6229681430064,92.1731522304159,83.7074072280809,47.4285714285714,41.9666666666667,,,100.0,94.4201578499424,94.5542393079656,84.1936740753395,100.0,90.7724698010283,53.2258064516129,53.2258064516129,100.0,82.71,100.0,95.5397902068965,100.0,97.979797979798,88.8704049397933,62.319,67.7159697810124,100.0,79.9782389934881,87.0100250626566,32.4666666666667,98.24,7.432199955,,99.52706909,,,98.95317841,117.1227722,74.70063019,3.0,7.501
Iceland,ISL,2017,71.3372497558594,Europe & Central Asia,Leader,85.6822120859334,88.5259195464816,87.3508677963351,94.0808268160919,74.083908247205,98.68,85.5128941042993,74.2438095238095,88.0836634634527,95.8849038768473,68.8172043010753,85.46,96.7824804482759,100.0,83.0048853090062,38.4,99.0,99.0,98.2,,67.0712296533772,100.0,89.4674526595207,80.7619047619048,64.4666666666667,,,93.9532625234552,92.2386743421262,83.8366185347334,82.3060984534961,100.0,91.7698077536945,53.2258064516129,53.2258064516129,100.0,85.46,100.0,93.5649608965517,100.0,100.0,89.0806458742288,67.6195,68.908291677314,100.0,79.9782389934881,86.495,38.4,98.2552,7.583859921,,98.93569183,,,98.8624115,115.7411423,71.33724976,3.0,7.50400018692017
Iceland,ISL,2018,69.3402328491211,Europe & Central Asia,Leader,86.2824574407169,92.967095369422,83.3698887359424,94.1113095172414,75.9818254155802,100.0,95.2958336616503,74.2438095238095,78.4435366369643,95.572583052354,68.8172043010753,86.68,95.6539285517241,100.0,83.7522817694753,44.9,100.0,100.0,100.0,,93.8782645826307,100.0,92.0092364023203,80.7619047619048,64.4666666666667,,,87.6049903607041,79.7146133934662,77.0399915955702,69.4145511981168,100.0,91.145166104708,53.2258064516129,53.2258064516129,100.0,86.68,100.0,91.3078571034483,100.0,100.0,89.1333485834084,72.92,70.0554839432831,99.3974952219336,79.9782389934881,87.4736842105263,44.9,99.011,7.563499928,,99.11504364,,,98.88671875,114.6494064,69.34023285,4.0,7.495
Iceland,ISL,2019,70.6093521118164,Europe & Central Asia,Leader,87.4799234308437,93.7732228049936,82.2847894927815,94.1163904252873,80.6436005422008,100.0,97.3111522505793,74.2438095238095,76.4747154895981,94.8286560918181,68.8172043010753,87.52,94.8291712758621,100.0,85.215750677751,62.355,100.0,100.0,100.0,,100.0,100.0,91.9334567517379,80.7619047619048,64.4666666666667,,,84.8728296154687,78.1165682053495,74.8328627738468,68.0766013637276,100.0,89.6573121836361,53.2258064516129,53.2258064516129,100.0,87.52,100.0,89.6583425517241,100.0,100.0,89.3829298442702,76.165,74.576187307889,100.0,79.9782389934881,88.1177944862155,62.355,99.5049,7.601299763,,99.38864899,,,98.81343079,112.0343399,70.60935211,4.0,7.494
Israel,ISR,2015,61.6271781921387,Middle East & North Africa,Advanced,67.7173643949917,58.1321129644999,64.6055754057384,75.9263439629369,73.7431340895963,93.76,28.1417109826784,46.8571428571429,64.5410109095667,63.8130118361679,66.3198315372229,54.06,82.0863788275862,91.6326530612245,75.1539176119954,68.1,99.0,99.0,85.9,,10.9582894360172,12.9917232502528,60.4751202617652,51.4285714285714,40.0,,,73.8402804666161,73.1052571431508,55.9767646759827,55.2417413525174,73.4890828894277,54.1369407829082,77.3504273504274,21.6090672612412,100.0,54.06,98.0,66.1727576551724,96.5986394557823,86.6666666666666,72.0341149235059,86.8165,48.2470605787618,100.0,64.8243486042206,94.5116279069767,68.1,77.3521,5.797659874,,98.78568268,12.08838,,97.7587738,96.33895111,60.82278824,11.0,7.278
Israel,ISR,2016,61.4426498413086,Middle East & North Africa,Advanced,72.9171768531587,63.138503974522,73.6874029906952,79.9416862145594,76.0078660907484,99.0,35.4176885077335,46.8571428571429,83.1190077462664,67.9395839618602,66.3198315372229,64.57,81.9217253103448,93.3333333333333,77.8598326134355,68.6,99.0,99.0,99.0,,14.8120982629929,23.5308729660761,67.9100942941316,51.4285714285714,40.0,,,92.3568410487395,91.6218177252741,74.6161977672587,73.8811744437933,77.5490990726623,58.3300688510581,77.3504273504274,21.6090672612413,100.0,64.57,98.0,65.8434506206897,100.0,86.6666666666666,72.2902603169102,86.232,61.9373041460467,100.0,64.8243486042206,94.2625,68.6,79.6531,5.799809933,,94.90853882,12.07069,,97.13448334,96.79280853,60.4474411,11.0,7.267
Israel,ISR,2017,60.3434600830078,Middle East & North Africa,Advanced,74.5934809718909,66.5685734954959,73.767582340968,81.7780958659004,77.095974562192,99.0,43.9928623101683,46.8571428571429,83.7529793788026,67.506060705006,66.3198315372229,67.22,81.4476209310345,96.6666666666667,79.09496820274,69.1,99.0,99.0,99.0,,17.7660675149365,33.6984403881808,80.5140790273875,51.4285714285714,40.0,,,92.8118556934205,92.0768323699552,75.42912638765,74.6941030641847,76.9217057456317,58.0904156643804,77.3504273504274,21.6090672612412,100.0,67.22,98.0,64.895241862069,93.3333333333333,100.0,72.2062778045768,84.436,69.1887146049026,100.0,64.8243486042206,94.075,69.1,81.5812,6.007719994,,98.91864777,,,96.93186951,96.29299164,59.06586838,11.0,7.21299982070923
Israel,ISR,2018,58.6109886169434,Middle East & North Africa,Advanced,77.8979399284813,68.2947966149386,82.0061473223,83.7962185517241,78.4594834223419,99.0,48.3084201087751,46.8571428571429,97.6122816564347,74.2431708807038,66.3198315372229,69.89,81.4986556551724,100.0,78.4993542779274,78.3,99.0,99.0,99.0,,20.864208724869,42.1190811791165,81.9419704223397,51.4285714285714,40.0,,,100.0,100.0,95.2245633128694,95.2245633128694,83.6579244101736,64.828417351234,77.3504273504274,21.6090672612412,100.0,69.89,98.0,64.9973113103448,100.0,100.0,72.3129329768955,82.64,66.8057398085207,100.0,64.8243486042206,94.4675,78.3,83.7332,6.062849998,,95.03613281,,,96.49323273,96.65574646,57.3934288,19.0,6.814
Israel,ISR,2019,57.4564514160156,Middle East & North Africa,Advanced,78.6931577072408,70.2783875876043,81.0002035131269,84.6332645172414,79.5974029664037,99.0,53.2673975404394,46.8571428571429,91.193909180402,78.1466838338039,66.3198315372229,72.63,81.2697935517241,100.0,78.3430037080047,84.615,99.0,99.0,99.0,,25.0319209936784,51.6969905123363,83.0732811153035,51.4285714285714,40.0,,,99.7669410820684,99.7669410820684,82.6208772787357,82.6208772787357,87.4341350606092,68.8592326069987,77.3504273504273,21.6090672612412,100.0,72.63,98.0,64.5395871034483,100.0,100.0,72.1724427490488,78.675,67.9661543224323,100.0,64.8243486042206,94.8291457286432,84.615,86.7879,6.041470051,,94.45567322,,,96.27092743,96.29541779,55.94453812,13.0,7.139
Italy,ITA,2015,60.941291809082,Europe & Central Asia,Advanced,74.1132718695706,66.7232613923122,74.9355251426654,85.4670385519824,70.6025307362025,97.2,35.3700582426851,68.4761904761905,81.6849180732567,72.8320458521384,65.6436978625368,77.46,85.6826886896552,93.2584269662921,73.7198300869198,58.1333333333333,100.0,99.0,94.0,,19.2994676827046,27.3285504935179,59.4821565518329,61.9047619047619,78.3333333333333,,,89.3627987701766,89.3627987701766,74.0070373763369,74.0070373763369,81.1497499404683,64.5143417638085,59.8360655737705,37.09502801384,100.0,77.46,99.2,72.1653773793103,100.0,86.5168539325843,74.7747325997928,80.88,39.8831649272234,91.6728308084889,77.3839776546496,88.8888888888889,58.1333333333333,58.1417,4.073629856,,98.95012665,12.02716,11.29297,100.3719025,101.2280884,60.94129181,50.0,5.948
Italy,ITA,2016,61.3571014404297,Europe & Central Asia,Advanced,75.9287319974463,71.4790395796071,75.3411546736219,84.6377872199262,72.9204446229534,98.4,46.0595037109226,68.4761904761905,82.3074855515462,73.1645365930291,65.7617290789588,81.95,85.649379137931,86.3139825218477,76.0588891120251,60.3666666666667,100.0,99.0,97.0,,26.7784710932536,40.4289860298237,70.9710540096906,61.9047619047619,78.3333333333333,,,89.8792401188024,89.8792401188024,74.73573098429,74.73573098429,81.3672707075566,64.9618024785015,59.8360655737705,37.449121663106,100.0,81.95,99.2,72.0987582758621,86.1111111111111,86.5168539325843,75.2843206212377,86.957,46.6190150404431,92.9036322437951,77.3839776546496,89.25,60.3666666666667,61.3243,3.815789938,,98.49062347,11.12385,10.04517,99.81276703,100.7429581,61.35710144,50.0,5.977
Italy,ITA,2017,62.69580078125,Europe & Central Asia,Advanced,76.2010297159197,76.1100654671661,75.386681013117,79.2050919744884,74.191395282629,98.8,57.2370684298199,68.4761904761905,82.7027815370118,72.746327986672,66.0351860182175,84.67,85.6434466551724,67.3018292682927,77.0892441032863,62.6,100.0,99.0,98.0,,37.2040846156969,54.8005004835,79.7066201902629,61.9047619047619,78.3333333333333,,,90.380780660322,90.380780660322,75.0247824137017,75.0247824137017,81.064160370258,64.4284956030859,59.8360655737705,38.2694924808819,100.0,84.67,99.2,72.0868933103448,68.75,65.8536585365854,75.5496224268388,91.0485,50.0494413406283,94.3139290943148,77.3839776546496,85.25,62.6,63.0773,4.044939995,,99.57051086,11.48066,9.98461,102.803093,101.0100174,62.69580078,48.0,5.96400022506714
Italy,ITA,2018,64.4753265380859,Europe & Central Asia,Leader,80.7558928825485,79.2156818818722,82.5179179743053,82.3609166610694,78.9980361361143,99.2,56.0296808951567,85.6190476190476,94.5421762614548,80.0018349400433,63.5015674685303,86.38,86.3193814137931,74.3833685694151,77.8225451701429,83.7,100.0,99.0,99.0,,37.7396359489804,56.874086902007,73.4753198344826,90.4761904761905,78.3333333333333,,,100.0,100.0,89.0843525229096,89.0843525229096,88.1474825259475,71.8561873541391,59.8360655737705,30.6686368318204,100.0,86.38,99.2,73.4387628275862,69.6969696969697,79.0697674418605,75.7916094238616,95.14,51.8371426136277,92.2799961585756,77.3839776546496,88.5,83.7,74.3872,4.256140232,,98.83381653,,,102.894989,101.526413,64.47532654,47.0,6.0
Italy,ITA,2019,65.6895065307617,Europe & Central Asia,Leader,81.6218430609196,80.8509101606233,78.4038343663548,86.8904879416938,80.5807187284511,99.6,59.7177515920344,85.6190476190476,83.7456466235053,80.5131555581166,63.5015674685303,87.05,86.7002437241379,86.9212201009436,78.2471484105638,89.915,100.0,99.5,99.5,,41.4966592505695,63.690492869876,73.9661026556578,90.4761904761905,78.3333333333333,,,91.1083712034829,91.1083712034829,76.3829220435276,76.3829220435276,88.4894405197591,72.5368705964741,59.8360655737705,30.6686368318204,100.0,87.05,99.0,74.4004874482759,93.1972789115646,80.6451612903225,76.0624089994723,89.04,57.7378672645013,92.5314881341959,77.3839776546496,86.0,89.915,67.8507,4.095270157,99.0,98.36914063,,,102.9593735,101.7417831,65.68950653,36.0,6.223
Jamaica,JAM,2015,26.2334142821948,Latin America & Caribbean,Transitioner,54.5858453138037,40.3026905597327,68.7211900970257,73.5343325389247,43.5918493388586,57.572,22.5561549707602,41.2571428571429,79.7060799568388,62.0994880733361,59.9948144247784,52.9,69.5344994482759,98.1684981684982,47.7481450069066,26.9666666666667,100.0,93.93,0.0,,8.7625,7.85333333333333,51.0526315789474,64.7619047619048,6.0,,,100.0,73.5971613574291,85.9433327072697,59.2838257626564,69.852544853838,54.3464312928342,79.1845493562232,0.799893918112082,100.0,52.9,88.1,50.9689988965517,96.3369963369964,100.0,47.382163201282,33.5015,32.5166066955624,63.2397886008562,28.8514165368324,100.0,26.9666666666667,42.2212,5.455220222,,90.40287781,21.97603,16.42874,95.22531891,87.49781036,26.41311073,65.0,5.709
Jamaica,JAM,2016,,Latin America & Caribbean,Transitioner,57.3079064804909,49.1778254590152,64.8187000581883,73.3463616193844,46.1328154910006,69.712,32.6039922189665,41.2571428571429,80.6210353888731,60.3754039415809,42.1006216300334,52.48,69.3905866896552,98.1684981684982,50.0576860304174,30.4333333333333,100.0,95.0,29.28,,14.6515594277302,19.3563830338672,63.8040341953022,64.7619047619048,6.0,,,100.0,74.8202440959743,87.1617022020657,60.5021952574524,68.1310137291136,52.6197941540483,50.0,44.3018648901002,32.0,52.48,88.1,50.6811733793103,96.3369963369964,100.0,47.705529164175,35.507,39.208194084838,66.7697903662415,28.8514165368324,100.0,30.4333333333333,44.3669,5.314610004,,87.9267807,22.64723,18.10698,94.33110046,91.16915131,,73.0,5.51
Jamaica,JAM,2017,,Latin America & Caribbean,Transitioner,58.6996274759722,56.7255287236238,60.9505844491305,72.6569445006105,47.2615350458769,77.364,43.821250380488,41.2571428571429,70.9554660461675,60.3706842616421,42.1006216300334,54.85,69.119002,94.0018315018315,50.6019188073462,33.9,100.0,95.0,48.41,,20.2527274173068,31.129826707523,80.0811970166342,64.7619047619048,6.0,,,91.4439003823165,64.7843934377032,77.1265386546317,50.4670317100185,68.125921864138,52.6154466591462,50.0,44.3018648901002,32.0,54.85,88.1,50.138004,96.3369963369964,91.6666666666667,47.9627837285487,33.7235,39.1444308506512,70.1892129206985,28.8514165368324,100.0,33.9,55.0721,5.260169983,,89.74973297,22.10634,15.49229,94.44003296,87.67340088,,76.0,5.31099987030029
Jamaica,JAM,2018,,Latin America & Caribbean,Transitioner,59.8128722227181,61.6240082378708,58.3714242554592,73.7648530744633,48.2368474411554,84.0,49.4314491661055,41.2571428571429,70.1588270303564,61.4364002749583,28.6666666666667,56.87,68.8490820689655,95.5754771544245,50.1210593014442,40.7,100.0,95.0,65.0,,26.4882445768508,42.7585858429839,79.0475170784817,64.7619047619048,6.0,,,90.6466413257114,63.9871343810981,76.3305196796147,49.6710127350015,69.190966166594,53.6818343833226,50.0,0.0,36.0,56.87,88.1,49.598164137931,91.1509543088491,100.0,48.1502063027985,31.94,39.1068840914618,68.5267895761285,28.8514165368324,100.0,40.7,68.2145,5.413809776,,85.40872192,24.79434,16.69828,97.29392242,86.66024017,,56.0,5.89
Jamaica,JAM,2019,,Latin America & Caribbean,Transitioner,56.4682401329546,67.2718228648906,42.3592212661402,73.3310909318411,48.6572659499135,89.604,57.946985733655,41.2571428571429,38.5595322491227,53.6718542495611,27.3333333333333,58.43,68.5808166551724,92.9824561403509,51.6678324373919,36.615,100.0,95.0,79.01,,36.8636505055438,55.8150399319222,81.1622667634991,64.7619047619048,6.0,,,59.3428836968911,32.0916140856095,45.027450412636,17.7761808013543,61.4260472785326,45.9176612205896,50.0,0.0,32.0,58.43,88.1,49.0616333103448,85.9649122807018,100.0,48.1782510594918,35.38,45.712886101157,67.9066084894781,28.8514165368324,100.0,36.615,70.841,5.163640022,,89.74461365,,,93.3932724,87.91867828,,56.0,5.89
Jordan,JOR,2015,36.6284278762539,Middle East & North Africa,Transitioner,52.7202993984361,51.7508154518676,52.7493615283474,63.5773789472574,44.5117272687413,91.4,22.4056100582403,31.1428571428571,50.3627097265751,39.3063930190247,84.4086021505376,49.43,70.4251373933442,70.876999448428,49.89799241926,22.9666666666667,99.0,99.0,80.0,,9.6635079190913,15.6132469421809,41.9400753134488,28.5714285714286,35.0,,,55.4879426179352,55.4879426179352,45.2374768352149,45.2374768352149,44.8587286513316,33.7540573867179,100.0,53.2258064516129,100.0,49.43,95.4314498901367,45.4188248965517,79.5918367346939,62.1621621621621,51.6229204439626,48.81,37.0010599775876,75.3717283943991,21.17343695382,79.8316326530612,22.9666666666667,54.22,,,,,,,,36.62842941,82.0,5.192
Jordan,JOR,2016,34.0612635636995,Middle East & North Africa,Transitioner,56.8341641492185,60.0526185887358,53.8651283509767,68.3325713258727,47.2030973852904,97.4,36.8267845670776,31.8095238095238,41.7574356529306,42.9053852245111,100.0,56.89,70.7303366002408,77.3773773773774,52.6705383982797,25.3333333333333,99.0,99.0,95.0,,16.1717369695857,34.1777882539164,60.1308284777306,28.5714285714286,36.6666666666667,,,46.867276638399,46.867276638399,36.6475946674622,36.6475946674622,48.4410462921019,37.3697241569203,100.0,100.0,100.0,56.89,95.4314498901367,46.0292233103448,92.5925925925926,62.1621621621621,51.8742927216542,45.652,47.571763739989,77.6923744553323,21.17343695382,84.429648241206,25.3333333333333,56.15,3.452820063,,94.29470062,18.36314,,98.4272995,,34.06126022,80.0,5.303
Jordan,JOR,2017,28.6210570991622,Middle East & North Africa,Transitioner,57.8178908199711,65.2509890997268,48.6256634564913,73.256644016088,48.0783240547984,99.0,48.222710844555,31.8095238095238,39.2513854931807,41.8661279585314,80.8932903790319,59.56,71.0377708761028,89.1721611721612,53.172905068498,27.7,99.0,99.0,99.0,,17.7144207174115,48.0981156585274,78.8555961577262,28.5714285714286,36.6666666666667,,,44.3365640479357,44.3365640479357,34.1662069384258,34.1662069384258,47.3750713928493,36.3571845242136,81.0344827586207,61.6453883784751,100.0,59.56,95.4314498901367,46.644091862069,89.010989010989,89.3333333333333,51.7422303577338,47.481,51.26903931397,78.037308666715,21.17343695382,79.8040201005025,27.7,64.5,3.213059902,,94.39926147,21.03903,11.431,98.55895233,88.8758316,28.62105942,74.0,5.33599996566772
Jordan,JOR,2018,31.5562985544301,Middle East & North Africa,Transitioner,61.6772663051257,66.8611882260884,54.7159231702963,74.2649228093993,53.2634030202083,99.196,52.0522086604591,31.8095238095238,51.7555322401925,45.0271369593138,80.0142774524688,62.2,71.3474566002408,89.247311827957,52.6792537752604,55.6,99.98,99.0,99.0,,19.6629759439957,53.7001819264851,82.7934681108965,28.5714285714286,36.6666666666667,,,56.8411715297454,56.8411715297454,46.6698929506397,46.6698929506397,50.536579522996,39.5176943956316,81.0344827586208,59.0083495987856,100.0,62.2,95.4314498901367,47.2634633103448,78.494623655914,100.0,51.987099650186,49.31,51.0432001288557,76.0500321434402,21.17343695382,76.975,55.6,65.2,2.954619884,95.43144989,95.72471619,18.53699,12.26127,98.8939209,89.79290771,31.55629921,90.0,5.161
Jordan,JOR,2019,30.1108403894558,Middle East & North Africa,Transitioner,61.6489284846759,69.3500518788735,50.4926916726481,75.1342631953206,54.9020783627136,99.276,58.1943677924217,31.8095238095238,40.820699819378,45.4675296147053,79.8869994950738,64.91,71.6162652663995,88.8765243195623,52.8075979533919,63.28,99.98,99.1,99.1,,21.2179413783635,68.2115376166941,85.1536243822076,28.5714285714286,36.6666666666667,,,47.075741453081,44.7371427589505,36.9042568798056,34.565658185675,50.9770837585628,39.9579754708478,81.0344827586207,58.6265157266008,100.0,64.91,95.3451599121094,47.8873706206897,85.3479853479853,92.4050632911392,51.7965163049422,42.595,52.4797150873956,76.5496153906512,21.17343695382,81.4824120603015,63.28,70.0847,2.988470078,,96.76859283,,,98.86032867,89.51048279,30.11083984,101.0,4.906
Japan,JPN,2015,62.4498481750488,East Asia & Pacific,Advanced,71.237680701587,65.844406536977,66.6089512714431,76.0390935969056,77.2237116437064,99.58,30.0786353900616,69.9047619047619,51.9801689468111,64.5422092317966,100.0,63.93,83.639758137931,80.5475226527858,78.2129728879663,73.2666666666667,99.9,100.0,99.0,,18.1259567988541,28.13567170018,43.9742776711509,74.2857142857143,63.3333333333333,,,48.9171881641743,67.3433507256938,36.6169871679285,55.043149729448,71.2048181047631,57.8796003588301,100.0,100.0,100.0,63.93,99.0,68.2795162758621,92.6739926739927,68.4210526315789,66.4132812486086,91.0845,41.6921031105495,91.7773581438343,96.9153821409209,97.4489795918367,73.2666666666667,91.058,3.312210083,,,16.17666,11.3877,102.4191132,102.2004166,62.47266006,46.0,5.987
Japan,JPN,2016,62.4975395202637,East Asia & Pacific,Advanced,73.4545810033496,69.5704371278087,67.2979103100189,78.493405913344,79.2165743931517,99.58,39.3937118671407,69.9047619047619,51.8375080204935,66.4072677545537,100.0,75.16,83.685449,76.6347687400319,80.0373846581063,75.9333333333333,99.9,100.0,99.0,,20.9818465329209,36.6581098835276,60.5411791849737,74.2857142857143,63.3333333333333,,,49.1461368051616,67.572299366681,36.1027166743059,54.5288792358254,73.4724536587672,59.3420818503402,100.0,100.0,100.0,75.16,99.0,68.370898,84.8484848484848,68.4210526315789,66.5071817282387,87.681,50.461977432221,92.9631351219829,96.9153821409209,98.9974937343358,75.9333333333333,93.1827,3.146430016,,,15.87224,11.21106,102.2169113,101.1679993,63.18722916,53.0,5.921
Japan,JPN,2017,63.287540435791,East Asia & Pacific,Advanced,76.0628160162239,72.2699316008084,66.7575329970084,85.7141085159362,80.9430126246358,99.74,45.98244804964,69.9047619047619,52.2212786753315,64.6725538171895,100.0,78.54,83.5588273793103,95.0434981684982,81.5287657807947,78.6,99.9,100.0,99.4,,26.8702930437242,42.5528855837489,68.524165521447,74.2857142857143,63.3333333333333,,,49.4826650490986,67.9088276106181,36.5337297400448,54.9598923015643,71.686560442927,57.658547191452,100.0,100.0,100.0,78.54,99.0,68.1176547586207,96.3369963369964,93.75,67.0753284952762,91.4105,56.1446042714388,93.8082765276658,96.9153821409209,95.9899749373434,78.6,91.7265,3.130579948,,,15.66096,11.11967,102.2548294,101.8828888,62.46297836,51.0,5.92000007629395
Japan,JPN,2018,62.6058502197266,East Asia & Pacific,Advanced,78.666613578762,75.9050824740662,74.5317665104884,80.8004816037534,83.7790825325584,99.9,54.9103252327844,69.9047619047619,53.5578116505475,82.7716046256734,100.0,81.19,83.5902065517241,77.6212382595361,82.7238531656981,88.0,99.9,100.0,99.8,,40.5241170856763,51.3589860691924,72.8478725434846,74.2857142857143,63.3333333333333,,,56.1882625967391,64.4503388213029,42.665284479792,50.9273607043559,90.0965511056864,75.4466581456605,100.0,100.0,100.0,81.19,99.0,68.1804131034483,82.2695035460993,72.972972972973,67.2119736982579,95.14,61.8930847427738,92.0288252465377,96.9153821409209,96.0,88.0,88.7464,3.077820063,,,,,102.0999069,102.425148,62.2089386,54.0,5.915
Japan,JPN,2019,62.4008407592773,East Asia & Pacific,Leader,81.8639320233765,79.3895733313397,79.0477136818837,83.9574431099375,85.2429394202122,99.94,60.9148857093016,75.2380952380952,59.0071607529221,88.6121234517873,100.0,83.25,83.6373443448276,84.984984984985,83.3261742752653,92.91,99.9,100.0,99.9,,50.1485837349255,58.4658348220206,74.1302385709586,74.2857142857143,76.6666666666667,,,69.3350982860049,62.2022897411331,55.812031764711,48.6792232198392,95.9371178174881,81.2871290860864,100.0,100.0,100.0,83.25,99.0,68.2746886896552,88.8888888888889,81.0810810810811,67.2146910886233,92.865,65.3291614980611,92.1141366487211,96.9153821409209,97.25,92.91,92.7304,3.155339956,,,,,102.6522827,102.6700668,62.11849976,58.0,5.886
Kazakhstan,KAZ,2015,48.3464575023644,Europe & Central Asia,Transitioner,62.7687679170238,50.135590543115,87.6555646790256,75.2781736253178,46.9223457735506,74.008,23.759547786359,55.1428571428571,100.0,70.3293878880403,97.6190476190476,53.07,80.5741023793103,92.190418496643,52.7862655502716,23.4666666666667,86.6,73.89,67.83,,8.78868269315887,17.363602170763,45.1263584951551,61.9047619047619,45.0,,,100.0,100.0,100.0,100.0,75.7816548526296,64.8771209234509,96.4285714285714,96.4285714285714,100.0,53.07,99.8,61.3482047586207,92.831541218638,91.5492957746479,50.0748593100058,75.8075,11.773530117199,67.3422102599763,78.6263181656995,36.4213197969543,23.4666666666667,70.8299,3.33796978,,100.4636154,16.2004,7.50668,100.5012344,102.3579322,49.03163528,54.0,5.855
Kazakhstan,KAZ,2016,46.0492258820674,Europe & Central Asia,Advanced,65.2614388757897,55.0868885068436,85.7780737949285,78.1059550698876,49.149363704399,79.428,30.7177926956804,55.1428571428571,99.6892108777908,65.9464498000066,97.6190476190476,64.08,79.8979999310345,90.3398652786283,54.1033712971654,29.3333333333333,96.6,79.67,70.6,,11.2658011017829,23.8779001348686,57.0096768503897,61.9047619047619,45.0,,,100.0,100.0,99.3784217555816,99.3784217555816,71.5312695158825,60.3616300841307,96.4285714285714,96.4285714285714,100.0,64.08,99.8,59.995999862069,89.1304347826087,91.5492957746479,50.2436802356172,76.812,9.89191217476767,74.4579684661337,78.6263181656995,37.781954887218,29.3333333333333,74.5877,3.563251019,,99.31481171,18.5511,6.79388,100.1746683,102.1250125,46.81502151,54.0,5.919
Kazakhstan,KAZ,2017,49.9712092283595,Europe & Central Asia,Advanced,67.8323701509582,59.7539568077983,86.403471431212,80.3238782548836,51.0511393505472,82.88,38.9334634480671,55.1428571428571,100.0,67.1991547685061,97.6190476190476,66.68,79.5754146551724,94.7162201094785,55.013924188184,35.2,96.6,85.9,73.0,,14.7364920372676,30.4206632599971,71.6432350469365,61.9047619047619,45.0,,,100.0,100.0,100.0,100.0,72.7841054728956,61.6142040641167,96.4285714285714,96.4285714285714,100.0,66.68,99.8,59.3508293103448,92.5093632958801,96.9230769230769,50.7379748654135,81.811,13.5674481534893,73.2323797563175,78.6263181656995,36.0,35.2,76.4267,3.391023874,,99.60958862,20.75555,6.59153,100.8842713,102.1428336,51.06547928,60.0,5.81899976730347
Kazakhstan,KAZ,2018,51.9662639587064,Europe & Central Asia,Advanced,72.6011313249156,63.0695159739534,87.3269580011487,82.9351151149425,60.8229207320837,86.548,43.554361363455,55.1428571428571,100.0,69.5078711933479,97.6190476190476,68.85,79.9553453448276,100.0,56.5786509151046,77.8,96.6,92.71,75.36,,18.3710479789315,37.3127647563553,74.9792713550783,61.9047619047619,45.0,,,100.0,100.0,100.0,100.0,75.137050293351,63.8786920933448,96.4285714285714,96.4285714285714,100.0,68.85,99.8,60.1106906896552,100.0,100.0,51.2272005524629,86.81,19.3069046478638,72.0153312094968,78.6263181656995,36.625,77.8,78.9039,3.151916265,,101.4192276,19.63913,6.95898,100.5298124,102.0583126,53.51586151,60.0,5.79
Kazakhstan,KAZ,2019,57.3421123781351,Europe & Central Asia,Advanced,73.5373694171854,65.8105590511867,82.9479188868235,78.6641362151,68.1011597991125,88.84,48.1149690565383,55.1428571428571,86.6293796907467,71.9308937167882,97.6190476190476,70.56,80.4193440689655,85.0130645763345,63.7576997488906,85.475,96.6,96.0,77.8,,20.8287898074391,47.3226408014341,76.1934765607416,61.9047619047619,45.0,,,100.0,82.167677724623,92.6580362787742,71.6918047595897,77.6053249061812,66.2564625273952,96.4285714285714,96.4285714285714,100.0,70.56,99.8,61.038688137931,85.8156028368794,84.2105263157895,51.5383052811176,89.58,50.2020724182982,73.5627074019509,78.6263181656995,40.1381909547739,85.475,81.8776,3.353821278,,98.42286682,17.21457,7.67993,101.6220471,101.3594375,59.58197784,60.0,5.809
Kenya,KEN,2015,9.25319496188721,Sub-Saharan Africa,Emerging,41.5540115698215,35.6739123486545,41.8155444187566,53.9352786405434,37.0587189369527,52.164,19.2588761097315,35.5238095238095,46.4632170845706,30.165591052268,55.8201058201058,41.85,58.1376541034483,61.8181818181818,34.6733986711909,46.6,89.08,75.5,10.37,,8.84847767134592,9.25905738061188,39.6690932772368,38.0952380952381,31.6666666666667,,,68.7041604451522,41.2515196825764,51.6749144865649,24.2222737239891,39.3897659465028,20.9414161580332,46.8253968253968,100.0,20.6349206349206,41.85,79.4,36.8753082068965,60.0,63.6363636363636,39.5482918427914,49.158,8.65470449999672,56.8746002637768,23.0646681061733,41.2914572864322,46.6,16.5879,4.949451447,,102.0845795,30.65055,,105.4523468,,9.300310135,125.0,4.419
Kenya,KEN,2016,11.6347883294504,Sub-Saharan Africa,Emerging,47.0623445971171,46.4017734884989,44.8476266315295,59.3856336652734,39.6952734904567,59.64,31.4596718164854,49.8095238095238,49.1659592172243,35.0430544515466,55.8201058201058,41.33,58.7965979655172,78.030303030303,36.6190918630708,52.0,92.0,81.6,21.5,,12.8508216396656,17.7802848530102,63.7479089567803,61.9047619047619,31.6666666666667,,,71.4069045271766,43.9542637646008,54.3776546698478,26.9250139072721,44.2672314575997,25.8188774454936,46.8253968253968,100.0,20.6349206349206,41.33,80.1,37.4931959310345,92.4242424242424,63.6363636363636,40.5596980052826,55.797,12.3912144307092,59.8530579711839,23.0646681061733,38.65664160401,52.0,16.6,4.665563107,,102.7265854,,,104.7889175,,11.70067978,122.0,4.356
Kenya,KEN,2017,11.8049232142021,Sub-Saharan Africa,Emerging,47.6624303174995,52.1888666976121,45.7823966806984,51.2291010106134,42.1610684759687,66.68,36.0302619821255,55.5238095238095,50.8035911942058,35.7423475974873,55.8201058201058,43.39,59.4555418275862,50.841761204254,38.3513355949609,57.4,94.4,86.0,33.5,,14.16205890939,19.4698826376343,74.4588443993523,71.4285714285714,31.6666666666667,,,73.0445261665498,45.591885403974,56.0152969844375,28.5626562218617,44.9665134044648,26.5181817905098,46.8253968253969,100.0,20.6349206349206,43.39,80.8,38.1110836551724,75.0843882736968,26.5991341348113,41.1757391394608,59.1485,14.1555064485309,63.0672160350252,23.0646681061733,41.4385964912281,57.4,17.8271,4.268742561,,,,,,,11.88621044,112.0,4.55299997329712
Kenya,KEN,2018,,Sub-Saharan Africa,Transitioner,51.8292943706906,57.0992447487457,52.6663944881033,52.3752311224019,45.8153786891786,77.86,37.1262071099596,55.5238095238095,62.3609329149912,41.3950003952141,55.8201058201058,45.27,60.1144856896552,51.7412076775505,38.5692233614732,74.8,95.3,92.0,55.0,,14.5723678480922,20.9893526999664,75.8169007818202,71.4285714285714,31.6666666666667,,,78.7814638675774,60.56259234942,64.1592734805624,45.940401962405,49.3153535215139,33.4746472689144,46.8253968253968,100.0,20.6349206349206,45.27,81.5,38.7289713793103,81.593682263683,21.888733091418,42.0036534509343,62.5,15.2619171937132,61.0271280565453,23.0646681061733,40.4775,74.8,19.5,5.321925163,,,,,,,,124.0,4.41
Kenya,KEN,2019,10.4975595474243,Sub-Saharan Africa,Transitioner,50.0932788772971,59.3369697549172,40.5186569627786,54.5311956524713,48.0277689317031,82.72,37.8605196253882,55.5238095238095,36.5843613637266,42.7657161577239,43.8931297709924,46.76,60.4234295517241,56.4101574056897,40.4722111646288,78.25,96.0,94.8,64.0,,14.502501095843,23.1188915268648,75.9601662534568,71.4285714285714,31.6666666666667,,,57.2252473761372,30.565740431524,42.6029822959291,15.9434753513159,50.6861097428366,34.8453225726111,31.6793893129771,100.0,0.0,46.76,81.5,39.3468591034483,81.74704457804,31.0732702333393,42.6224845953218,65.075,16.6781251059505,63.8570121929138,23.0646681061733,47.2025316455696,78.25,22.6688,5.3735919,,,,,78.83915403,,10.56947041,121.0,4.509
Kyrgyz Republic,KGZ,2015,46.5495890237956,Europe & Central Asia,Emerging,48.0075527558545,46.2508576105358,48.1008039989446,68.0673194281562,35.0774082816661,71.736,27.2118132670088,33.3586615186615,56.4756128142897,27.3676670243415,72.8174603174603,49.57,74.5276897931034,80.1042684913652,39.6300936854159,16.8666666666667,97.7,79.26,51.23,,12.9274229275413,19.6511220577309,49.0568948157542,25.7142857142857,44.8252252252252,,,61.8386795286941,61.8386795286941,51.1125460998854,51.1125460998854,33.1776559649463,21.5576780837368,96.4285714285714,22.0238095238095,100.0,49.57,99.6,49.4553795862069,85.663082437276,74.5454545454545,32.8786808950053,35.1565,3.51956880254213,60.1381671404599,73.1569750584601,21.7576530612245,16.8666666666667,30.247,6.967647552,,103.9723434,26.19366,10.79995,101.0191197,90.06710864,44.67168808,77.0,5.286
Kyrgyz Republic,KGZ,2016,44.5886036787376,Europe & Central Asia,Transitioner,51.9172368649969,55.5102123254901,46.8076166037386,73.7274344798186,37.9251880999389,82.456,33.9259143401088,44.787232947233,50.6225822897575,29.9877290608588,72.8174603174603,61.35,74.351690862069,85.4806125773868,41.9231517915903,21.9333333333333,97.8,85.79,71.45,,13.7508989374741,23.1380501605443,64.888793922308,44.7619047619048,44.8252252252252,,,55.5738811984331,55.5738811984331,45.6712833810818,45.6712833810818,35.3516362119241,24.6238219097935,96.4285714285714,22.0238095238095,100.0,61.35,99.6,49.1033817241379,96.415770609319,74.5454545454545,32.3607813155014,42.754,6.75477529663349,63.8962272873563,73.1569750584601,24.14,21.9333333333333,40.5,6.586150169,,99.47943878,25.03207,9.86636,100.4292029,92.54315527,43.40132141,85.0,5.185
Kyrgyz Republic,KGZ,2017,41.5760302696793,Europe & Central Asia,Transitioner,52.9855958762783,60.3480149570659,43.1008388424879,74.338373655863,40.7633176914922,87.8,40.6764209190482,44.787232947233,52.1684558838164,29.4771088658711,52.2130647130647,63.93,74.533757137931,84.551363829658,44.2041471143653,27.0,99.0,90.0,80.0,,16.3779332384218,29.4011889895473,76.2501405291755,44.7619047619048,44.8252252252252,,,57.2414624123402,57.2414624123402,47.0954493552926,47.0954493552926,34.9728659384385,23.9813517933037,77.3504273504273,22.0238095238095,57.2649572649573,63.93,99.6,49.4675142758621,92.831541218638,76.271186440678,32.0542902269949,53.667,10.5307873237835,66.928932962588,73.1569750584601,23.0325,27.0,50.8,6.026189804,,97.37004089,24.91353,10.43743,101.2014632,91.95191095,41.27732468,98.0,5.00400018692017
Kyrgyz Republic,KGZ,2018,39.5679556504749,Europe & Central Asia,Transitioner,54.9293660285868,60.533869119025,48.8266246708529,71.7652310209144,42.9189533797664,87.81,41.1310563239459,44.787232947233,53.0870179254734,30.4722177443328,77.014652014652,66.11,73.997723137931,75.187969924812,47.298691724708,25.4,99.05,90.0,80.0,,16.0978586717113,32.5263123124144,74.768997987712,44.7619047619048,44.8252252252252,,,58.2427851669815,58.2427851669815,47.9312506839652,47.9312506839652,36.0576322559667,24.8868032326989,77.3504273504273,96.4285714285714,57.2649572649573,66.11,99.6,48.3954462758621,78.9473684210526,71.4285714285714,37.731359731674,64.58,15.3022944355916,65.1753293978144,73.1569750584601,25.675,25.4,62.8,5.552670002,,98.94506836,24.98946,10.64648,100.8218295,92.43287938,39.91525269,92.0,5.131
Kyrgyz Republic,KGZ,2019,40.8257000638543,Europe & Central Asia,Transitioner,56.1471674756826,62.1887949979613,40.0684199507047,80.5485514252873,49.5152885074134,87.84,45.2383710212868,44.787232947233,37.4800580860697,24.183665783366,77.014652014652,67.89,73.7556542758621,100.0,52.5141106342667,37.52,99.2,90.0,80.0,,17.3886239594932,40.9835838643266,77.3429052400405,44.7619047619048,44.8252252252252,,,42.8854394769915,42.8854394769915,32.0746766951478,32.0746766951478,30.0394956235313,18.3278359432007,77.3504273504273,96.4285714285714,57.2649572649573,67.89,99.6,47.9113085517241,100.0,100.0,37.7131319548123,64.645,39.0958384339262,67.1200474226274,73.1569750584601,26.3241206030151,37.52,64.1,6.073181152,99.59999847,102.3484879,,,99.37710149,92.73744353,41.55659485,86.0,5.261
Cambodia,KHM,2015,13.615484963166,East Asia & Pacific,Emerging,45.3049346760095,46.9960972555459,51.078582106804,47.9033615738111,36.6366213912592,72.6,25.5854812341028,38.6095238095238,59.5639989778619,23.8109223658442,88.6430678466077,44.23,60.7038845862069,38.7762001352265,41.470776739074,17.3,99.0,90.0,42.0,,7.66972225375704,12.8709316537769,56.2157897947744,36.5714285714286,41.6666666666667,,,69.1720095921326,69.1720095921326,49.9559883635913,49.9559883635913,34.2196005313041,13.4022442003843,92.4778761061947,100.0,73.4513274336283,44.23,81.0,40.4077691724138,54.0229885057471,23.5294117647059,34.2006571962136,11.197,18.6842981153213,58.6445276528585,73.2832986901601,33.8852040816327,17.3,6.43319,1.703461528,81.0,92.15255737,45.52116,,116.105629,,14.64577007,145.0,3.819
Cambodia,KHM,2016,,East Asia & Pacific,Emerging,49.132463974687,52.8743105751719,56.3989526986457,49.0232690814925,39.8617308063407,81.0,31.8810145331677,38.6095238095238,60.974570499513,35.7012773237974,88.6430678466077,47.27,60.1234547757793,39.6763524686983,44.1271635079259,22.8,99.0,90.0,63.0,,8.36888528140357,18.1259803573383,69.1481779607614,36.5714285714286,41.6666666666667,,,70.65977672762,70.65977672762,51.289364271406,51.289364271406,46.1935840709133,25.2089705766816,92.4778761061947,100.0,73.4513274336283,47.27,79.4878756205241,40.7590339310345,55.8232931726908,23.5294117647059,37.6302745843151,5.072,27.9762306314674,63.3766803003536,73.2832986901601,31.6666666666667,22.8,32.3985,1.870819092,,89.53253174,42.53404,,111.1295013,,,140.0,3.907
Cambodia,KHM,2017,12.5181529981862,East Asia & Pacific,Transitioner,51.9329368732454,57.5105819900587,56.6939493774384,50.8122882092663,43.9054371752688,86.432,37.3730264037181,39.9428571428571,62.6471975108796,34.7661420094125,88.6430678466077,50.32,59.5430249653517,42.5738396624473,47.8067964690859,28.3,99.0,90.0,76.58,,9.75411563235073,26.2531371273159,76.1118264514876,36.5714285714286,45.0,,,72.2769956250255,72.2769956250255,53.0173993967337,53.0173993967337,45.1984232997372,24.3338607190878,92.4778761061947,100.0,73.4513274336283,50.32,77.9757512410482,41.1102986896552,45.1476793248945,40.0,35.0388520537122,15.036,39.5530778447264,66.6294472241677,73.2832986901601,34.0226130653266,28.3,32.9003,2.096460581,,88.36894989,41.66267,,110.5145874,49.15361932,15.07355022,129.0,4.16800022125244
Cambodia,KHM,2018,13.2671737077763,East Asia & Pacific,Transitioner,54.3185560317074,63.2485144207993,59.4468101493356,52.4108526283165,44.1766475894353,94.2,43.9498574805697,39.9428571428571,64.897025280578,39.3984661694572,88.6430678466077,53.15,58.9625951549241,45.1199627300256,51.1958094867941,16.1,99.0,93.0,93.0,,14.1779176534126,39.8053046287089,77.8663501595877,36.5714285714286,45.0,,,74.2974699940322,74.2974699940322,55.4965805671237,55.4965805671237,49.5822812756993,29.2146510632151,92.4778761061947,100.0,73.4513274336283,53.15,76.4636268615723,41.4615634482759,50.6172839506172,39.622641509434,34.7617435961855,25.0,50.2590762307331,65.3986789168918,73.2832986901601,39.5525,16.1,,2.447859287,,88.37111664,41.7035,,111.5743484,51.36831978,15.71331024,120.0,4.433
Cambodia,KHM,2019,12.9409846754696,East Asia & Pacific,Transitioner,54.5210179303099,64.0179882442923,52.7884555024854,55.3979406275785,47.1977422712658,94.2,45.8735420393022,39.9428571428571,46.5097919959585,41.1398128369511,88.6430678466077,56.05,58.2628793444965,51.8809425382389,54.5946778390823,17.61,99.0,93.0,93.0,,14.6835964400292,47.1047493630627,75.8322803148146,36.5714285714286,45.0,,,62.586166474349,49.2564130020423,43.7631709898747,30.4334175175681,51.335602057708,30.9440236161942,92.4778761061947,100.0,73.4513274336283,56.05,74.9515024820964,41.5742562068965,51.2195121951219,52.5423728813559,35.2545810951129,35.145,59.2750607076804,66.1518584768939,73.2832986901601,42.8721804511278,17.61,52.3059,2.825654745,,91.98020935,,,111.4984818,52.30810599,16.83539963,109.0,4.7
"Korea, Rep.",KOR,2015,93.9676513671875,East Asia & Pacific,Leader,80.5785868222652,75.1749453476458,76.1346713551463,88.2001196939321,83.5129477329115,100.0,66.0373633691146,43.8,72.9590377060607,72.2317372025684,90.2918069584736,84.91,87.8298939655172,91.8604651162791,86.1078513328061,73.1333333333333,100.0,100.0,100.0,,43.2753703612361,76.7445539097659,78.0921658363417,33.3333333333333,59.5,,,93.4930016900468,65.0006066722734,80.917468739848,52.4250737220746,79.0434842172594,65.4199901878774,100.0,70.8754208754208,100.0,84.91,99.0,76.6597879310345,100.0,83.7209302325582,65.6902105614861,95.92,75.0700952352131,97.4800881730935,97.6300019347439,93.4177215189873,73.1333333333333,89.8963,4.454239845,,100.5217438,16.55424,14.40724,100.062088,98.59319305,93.96765137,47.0,5.984
"Korea, Rep.",KOR,2016,93.6577224731445,East Asia & Pacific,Leader,82.2464873602798,79.3359144061206,75.7434502165931,89.2611215215183,85.3084754300346,100.0,74.4397860153016,47.8,72.828672810742,71.3840492515039,90.2918069584736,88.25,87.6728994482759,91.8604651162791,87.7189276208766,75.6666666666667,100.0,100.0,100.0,,59.1591719310026,83.5436139755639,80.6165721393383,33.3333333333333,69.5,,,94.3860196762979,65.8936246585245,79.7637209629595,51.2713259451861,79.3044610545621,63.4636374484456,100.0,70.8754208754208,100.0,88.25,99.0,76.3457988965517,100.0,83.7209302325582,66.0788522286685,94.203,81.5295428518032,98.2547410891673,97.6300019347439,96.0,75.6666666666667,92.843,4.333099842,,103.8022079,16.30703,13.84298,99.71601105,98.71795654,93.65772247,57.0,5.835
"Korea, Rep.",KOR,2017,93.7230224609375,East Asia & Pacific,Leader,82.8861470002847,79.6216087844282,76.5008953839303,89.9018262448947,86.1909814985017,100.0,75.1540219610706,47.8,73.8112729762087,72.2950620043804,90.2918069584736,90.93,87.3902435172414,91.3852352174428,88.1887268731272,78.2,100.0,100.0,100.0,,61.5234196337941,81.6284723850115,82.3101738644061,33.3333333333333,69.5,,,95.3686003356862,66.8762053179128,80.7463406345045,52.2539456167312,80.2154526758538,64.374671332907,100.0,70.8754208754208,100.0,90.93,99.0,75.7804870344828,96.5635738831615,86.2068965517242,66.1087548612373,96.0615,83.4278690249906,98.7462585446639,97.6300019347439,94.0,78.2,95.0694,4.328239918,,97.8568573,16.28669,13.26544,98.62471008,99.10558319,93.72302246,55.0,5.83799982070923
"Korea, Rep.",KOR,2018,93.3281784057617,East Asia & Pacific,Leader,84.5909854974121,80.5279623366792,79.7752976669152,90.6752997011234,87.900672018078,100.0,77.419905841698,47.8,74.7376914441596,79.5546492438916,90.2918069584736,92.11,87.1721349310345,92.7437641723356,88.0508400225975,87.3,100.0,100.0,100.0,,62.4817871208913,85.2081740230655,84.5697563811372,33.3333333333333,69.5,,,95.9913266085222,67.4989315907488,81.9764512975704,53.4840562797971,87.1460400373237,71.9632584504594,100.0,70.8754208754209,100.0,92.11,99.0,75.344269862069,96.5986394557823,88.8888888888889,67.6662009673076,97.92,84.3867259150568,95.1112712958788,97.6300019347439,93.0,87.3,96.0229,4.458079815,98.80000305,96.76255035,,,98.6656723,99.31865692,93.32817841,57.0,5.875
"Korea, Rep.",KOR,2019,93.9989166259766,East Asia & Pacific,Leader,83.2429536488239,83.1148652489899,70.2688814777603,91.8781122544216,89.4820895545143,100.0,83.8871631224748,47.8,50.4132037189606,80.1130964962034,90.2918069584736,93.08,87.0324512413793,95.5218855218855,88.6251119431429,92.91,100.0,100.0,100.0,,82.7191034178224,82.8513115120865,86.0910744375155,33.3333333333333,69.5,,,61.0545806672086,53.2949191491257,47.5314882887955,39.7718267707125,87.4381048678438,72.7880881245629,100.0,70.8754208754209,100.0,93.08,99.0,75.0649024827586,93.2659932659933,97.7777777777778,66.6128750952593,98.96,86.3128581093102,95.2148245764008,97.6300019347439,95.75,92.91,96.1576,4.684659958,,99.90557861,,,99.63881683,98.38130188,93.99891663,54.0,5.895
Kuwait,KWT,2015,58.9434554973822,Middle East & North Africa,Transitioner,60.15641469212,64.527888279593,59.3661037372203,77.1128972004066,44.331738049931,100.0,30.9730540323157,60.6933333333333,65.1028140515679,33.312445291483,100.0,61.7,76.4414126896552,93.1972789115646,53.5646725624138,7.4,100.0,100.0,100.0,,14.2395540583564,27.3232044435096,51.3564035950811,61.3333333333333,59.7333333333333,,,69.0625626445503,69.0625626445503,61.1430654585854,61.1430654585854,37.6021729338807,29.0227176490853,100.0,100.0,100.0,61.7,96.0,56.8828253793103,86.3945578231292,100.0,58.1565682712196,61.3485,42.7305956594764,78.6065310897944,25.007602881553,65.2956298200514,7.4,82.0,,96.0,,8.86229,7.58836,101.9334488,95.25441742,58.70372009,39.0,6.295
Kuwait,KWT,2016,59.2213394214596,Middle East & North Africa,Transitioner,64.6311114021898,68.5170274300161,64.2152597984394,81.8809423448276,48.4336174699884,100.0,40.9459019083735,60.6933333333333,75.1488760095546,35.3892734865439,100.0,71.03,79.6128270344828,95.0,58.3170218374855,8.9,100.0,100.0,100.0,,17.3709389191689,36.2827623259779,69.1840044799738,61.3333333333333,59.7333333333333,,,79.1390662155512,79.1390662155512,71.1586858035581,71.1586858035581,39.7119795430402,31.0665674300477,100.0,100.0,100.0,71.03,96.0,63.2256540689655,90.0,100.0,58.4599413430429,65.217,58.7300363759163,81.0647428726299,25.007602881553,71.4285714285714,8.9,85.6,5.95593977,,,8.85539,,,,57.78276062,41.0,6.239
Kuwait,KWT,2017,54.9159622359267,Middle East & North Africa,Advanced,66.9996920594411,71.9161527258565,64.7156910681692,84.1326853869732,51.4624474032431,100.0,49.4437151479747,60.6933333333333,76.4790956285419,35.3101320418812,100.0,73.14,80.2997228275862,98.9583333333333,61.7280592540539,10.4,100.0,100.0,100.0,,21.1244635869621,47.4605465650303,79.7461352919316,61.3333333333333,59.7333333333333,,,80.4473415870252,80.4473415870252,72.5108496700585,72.5108496700585,39.6090651635714,31.0111989201909,100.0,100.0,100.0,73.14,96.0,64.5994456551724,100.0,97.9166666666667,58.3723595610275,72.1935,73.441529289548,83.3470545381409,25.007602881553,64.75,10.4,98.0,6.35444212,96.0,,8.8586,,,,55.13330078,39.0,6.10500001907349
Kuwait,KWT,2018,52.1066893601774,Middle East & North Africa,Advanced,74.3744081563672,74.1021645836725,78.8875638754237,86.0186490689655,60.8502034297637,100.0,54.9087447925147,60.6933333333333,78.1913909496417,69.0275187389177,100.0,77.06,80.9959472068965,100.0,61.0627542872046,60.0,100.0,100.0,100.0,,28.1538157306043,57.7741243934962,78.7982942534435,61.3333333333333,59.7333333333333,,,82.1878130100216,82.1878130100216,74.1949688892617,74.1949688892617,73.3569759709959,64.6980615068394,100.0,100.0,100.0,77.06,96.0,65.9918944137931,100.0,100.0,58.1867571903831,79.17,70.790106648721,80.8693047153658,25.007602881553,61.75,60.0,99.5988,6.391652584,96.0,,8.88073,,,,52.11346054,45.0,6.083
Kuwait,KWT,2019,50.4400595299189,Middle East & North Africa,Advanced,78.8437596141262,76.9781054905409,85.0949998049831,87.9872089655172,67.0468685597498,100.0,62.0985970596856,60.6933333333333,73.5260702455918,89.211429266866,100.0,82.26,81.7016268965517,100.0,66.9248356996873,67.535,100.0,100.0,100.0,,35.9095128648591,68.820210225651,81.5660680885469,61.3333333333333,59.7333333333333,,,82.3998591137476,72.5762894259401,74.4758510652435,64.652281377436,93.5036002931391,84.919258240593,100.0,100.0,100.0,82.26,96.0,67.4032537931034,100.0,100.0,58.4235267617566,81.645,95.0502154897887,81.3508677164832,25.007602881553,67.9389312977099,67.535,99.5427,6.727895737,,,,,,,50.47005844,51.0,6.021
Lao PDR,LAO,2015,18.1574846273063,East Asia & Pacific,Emerging,38.6065685731531,33.3001055428817,38.5235574937861,55.7457381434319,31.0642693750489,45.836,18.1999781429186,38.4285714285714,49.7987249224273,22.0840898405044,48.852157943067,41.45,61.6033790689655,64.1838353613303,34.5803367188111,17.0,94.0,53.19,14.4,,4.05661502455422,5.25232614390745,45.2909932602942,34.0476190476191,45.0,,,64.2485460045321,50.9187925322255,48.6786573126291,35.3489038403224,30.5177795486185,13.6504001323902,66.6666666666666,63.2231404958677,16.6666666666667,41.45,85.0,38.206758137931,73.6842105263158,54.6834601963448,50.6835728013329,21.217,12.1355834167106,51.1212973652707,38.7864034801291,19.1326530612245,17.0,18.2,2.736897945,85.0,101.0727005,24.15685,18.7202,114.1787328,62.41924507,18.18120575,99.0,4.876
Lao PDR,LAO,2016,17.0880719461771,East Asia & Pacific,Emerging,44.2309372098698,41.1459456065144,44.7128618138917,57.6629331319377,36.0784874595419,58.632,25.0185783020004,38.4285714285714,53.1829211486552,34.1731544145406,48.852157943067,46.74,62.0649640344828,64.1838353613303,38.0731093244274,28.1,94.0,69.72,29.86,,5.42489660898465,8.96350057256436,60.6673377244521,34.0476190476191,45.0,,,67.6327759119035,54.3030224395969,52.0628198577136,38.7330663854069,42.6068806105602,25.7394282185211,66.6666666666666,63.2231404958677,16.6666666666667,46.74,85.0,39.1299280689655,73.6842105263158,54.6834601963448,50.8028500210519,28.261,21.599391761128,55.9783912842613,38.7864034801291,18.1360201511335,28.1,21.87,2.774429798,,99.60434723,22.95564,18.34744,110.4093909,64.87961755,17.11575127,102.0,4.876
Lao PDR,LAO,2018,14.4969749098337,East Asia & Pacific,Transitioner,51.1136910182026,55.1719802856586,48.2237756239175,69.2012497379601,37.0727884847515,80.692,38.0236649998607,38.4285714285714,66.964514268777,29.1688458194833,48.852157943067,52.63,61.302863137931,93.6708860759494,41.4659856059394,19.5,94.0,83.69,71.04,,13.5325009234165,25.2023043135789,75.3361897625866,34.0476190476191,45.0,,,74.7497770261321,74.7497770261321,59.1792515114219,59.1792515114219,37.6028804732846,20.7348111656819,66.6666666666666,63.2231404958678,16.6666666666667,52.63,85.0,37.6057262758621,87.3417721518987,100.0,50.907580954459,16.67,36.3203059846086,59.3556376105001,38.7864034801291,27.25,19.5,36.3,2.335012197,,98.24398041,22.33717,18.15412,104.5676165,66.19438099,14.5235405,110.0,4.623
Lao PDR,LAO,2019,13.7404020217342,East Asia & Pacific,Emerging,47.1549389854014,60.0759883229669,31.7719109208189,66.2056207539891,39.1263762237802,87.6,42.7090184264649,39.7619047619048,28.617591396789,26.3861069337246,48.852157943067,55.55,60.2020697586207,82.8647925033467,43.9279702797252,19.92,94.0,90.0,82.0,,17.9670979587755,32.3595415675358,77.8004157530834,34.0476190476191,48.3333333333333,,,49.1255815627728,23.6805095807389,33.5546732128392,8.1096012308052,34.8203489566054,17.9518649108439,66.6666666666666,63.2231404958677,16.6666666666667,55.55,85.0,35.4041395172414,87.9518072289157,77.7777777777778,52.212706326461,18.04,42.5064198677462,60.6155811701336,38.7864034801291,32.9974811083123,19.92,47.0323,2.122014046,,93.52037811,,,102.5677233,64.99031655,13.76587391,105.0,4.796
Lebanon,LBN,2015,39.2905242294107,Middle East & North Africa,Transitioner,53.8251062487835,51.8732708594721,55.7851586083812,68.4831790395241,42.3538959431119,87.444,23.1915581010612,38.0952380952381,47.551718107828,41.911178413125,100.0,52.84,68.8829793448276,83.7265577737447,50.0423699288898,11.6,99.0,96.4,72.71,,9.79322666519049,8.77342185090923,51.0080257870839,52.3809523809524,16.6666666666667,,,55.2833388493436,55.2833388493436,39.8200973663123,39.8200973663123,50.2871008831003,33.5352559431498,100.0,100.0,100.0,52.84,93.0,44.7659586896552,78.9473684210526,88.5057471264368,54.9070504006274,43.441,36.341917399562,80.5171898254953,15.1029697965423,83.2444444444444,11.6,74.0,,,,,,,,38.82075119,103.0,4.839
Lebanon,LBN,2016,42.5074771456909,Middle East & North Africa,Transitioner,57.7235082805212,58.1264560007195,58.085936130722,71.0222026276188,46.2990307443548,95.088,31.1805209541798,38.0952380952381,48.4422889189385,46.7725514078665,100.0,63.92,69.0781314827586,80.0684764000978,54.2737884304435,14.4,99.0,99.0,89.22,,12.1008736996421,15.8127313781024,65.627957784795,52.3809523809524,16.6666666666667,,,56.1744459265706,56.1744459265706,40.7101319113064,40.7101319113064,55.1490548328012,38.3960479829317,100.0,100.0,100.0,63.92,93.0,45.1562629655172,71.6312056737589,88.5057471264368,55.7706398223157,51.449,50.129884914721,82.6811486236639,15.1029697965423,83.9195979899498,14.4,76.11,2.126333237,,,12.17537,7.67398,,,42.10900879,93.0,5.129
Lebanon,LBN,2017,44.1878772500135,Middle East & North Africa,Transitioner,60.3589475715854,62.5148779006803,58.4820433376666,75.0276030705144,48.3882189679461,97.458,39.7815757040817,38.0952380952381,49.6019223588919,46.6031859852745,100.0,66.35,69.2732836551724,89.4595255563707,56.1852737099326,17.2,99.29,99.0,95.0,,16.1021186402577,24.7681898467919,78.4744186251954,52.3809523809524,16.6666666666667,,,57.3330852482786,57.3330852482786,41.8707594695052,41.8707594695052,54.9786124487767,38.2277595217723,100.0,100.0,100.0,66.35,93.0,45.5465673103448,85.8156028368794,93.103448275862,56.1840450147571,49.3345,59.7010371065163,84.9167952750635,15.1029697965423,80.7085427135678,17.2,78.1808,2.137486219,,,12.48274,,,,43.99457932,88.0,5.22499990463257
Lebanon,LBN,2018,47.2296269060678,Middle East & North Africa,Transitioner,62.1773942585313,65.5699115755305,59.8282320724861,77.886247010396,48.9168547611671,97.46,47.417159891207,38.0952380952381,50.772831214967,48.7977489662482,100.0,68.86,69.4684358275862,95.3303052036019,56.4960684514588,18.6,99.3,99.0,95.0,,27.2270679998609,35.1904828741175,79.8339287996427,52.3809523809524,16.6666666666667,,,58.504530299441,58.504530299441,43.041132130493,43.041132130493,57.1737563077617,40.4217416247347,100.0,100.0,100.0,68.86,93.0,45.9368716551724,92.9078014184397,97.752808988764,56.504229941758,47.22,64.7759697516677,83.0121727673262,15.1029697965423,78.95,18.6,80.9,2.527220726,93.0,,,,,,47.27510834,80.0,5.358
Lebanon,LBN,2019,50.1483937104215,Middle East & North Africa,Transitioner,62.418500645361,68.4467011288206,56.0358579618587,77.0204108214722,51.3841232699644,97.5,54.5691337744326,38.0952380952381,41.8739452808566,48.21569962379,100.0,71.11,69.3422816206896,90.6089508437271,58.1001540874555,24.52,99.5,99.0,95.0,,34.8758267006969,45.8374359932058,82.994138629395,52.3809523809524,16.6666666666667,,,57.6144501974182,41.5969670640508,42.1509234976624,26.1334403642951,56.5917765861577,39.8396226614223,100.0,100.0,100.0,71.11,93.0,45.6845632413793,85.8156028368794,95.4022988505747,57.1368198659713,44.49,71.3422567220308,83.5099960930352,15.1029697965423,82.3274559193955,24.52,81.4812,2.600265503,,,,,,,50.3490181,91.0,5.197
Liberia,LBR,2015,,Sub-Saharan Africa,Discoverer,17.0853209292337,19.6399965811966,5.34823497984827,38.2075561095335,21.2320249701834,32.972,2.95277777777778,26.3504273504274,0.0,0.0,26.7411748992413,30.14,39.756502,44.7261663286004,21.8650312127292,18.7,68.0,48.43,0.0,,4.385,4.47333333333333,0.0,24.3787878787879,29.3078865578866,,,0.0,0.0,0.0,0.0,0.0,0.0,56.5040650406504,23.7194596570736,0.0,30.14,48.3,31.213004,48.2758620689655,41.1764705882353,28.6651487408226,15.8935,4.72182748459879,28.9860777626595,10.0053520755652,58.0,18.7,10.0,2.115874767,,,30.44637,18.39079,90.18297391,36.62308121,,116.0,4.571
Liberia,LBR,2016,,Sub-Saharan Africa,Discoverer,20.8630054763928,30.5184887176239,6.02283032355823,45.2891120417468,22.7588351802282,40.3320001220703,22.7890079967756,26.3504273504274,0.0,0.0,30.1141516177911,31.68,40.0093572413793,64.1779788838612,24.2485439752852,16.8,76.0,48.4300003051758,14.4,,8.07225258915906,8.28324395262582,52.011527448542,24.3787878787879,29.3078865578866,,,0.0,0.0,0.0,0.0,0.0,0.0,66.6666666666667,23.6757881867067,0.0,31.68,48.3,31.7187144827586,87.1794871794872,41.1764705882353,28.4888999359262,23.913,7.78723751747919,34.0047303474554,10.0053520755652,58.0,16.8,15.7,2.114796877,,60.80176926,21.52359,,84.15110095,,,150.0,3.622
Liberia,LBR,2017,,Sub-Saharan Africa,Discoverer,24.3736226900027,37.5132007851154,12.1368181697327,33.4230523090677,23.1923768759827,46.72,33.8877882875748,26.3504273504274,4.54290350323145,0.0,51.5982838422008,32.75,40.2622124827586,27.2569444444444,25.2654710949783,14.9,76.0,48.94,29.86,,11.8390747800464,22.2490797366005,67.5752103460775,24.3787878787879,29.3078865578866,,,9.0858070064629,9.0858070064629,0.0,0.0,0.0,0.0,84.7826086956523,13.4905037005153,56.5217391304348,32.75,48.3,32.2244249655172,32.2916666666667,22.2222222222222,25.7556383921424,28.9715,9.91118954716394,37.1694254600201,10.0053520755652,58.0,14.9,16.3,2.246325016,48.30136108,57.24401474,22.32254,,79.927302,,,148.0,3.53299999237061
Liberia,LBR,2018,,Sub-Saharan Africa,Discoverer,27.0610392359869,43.9782740012434,11.9771863055405,43.1003521415676,23.6213154569569,56.776,39.9944713278949,26.3504273504274,4.14139655053096,0.0,51.6031384266407,33.56,40.5150677241379,55.225988700565,24.3766443211961,20.6,76.0,55.0,48.94,,15.3414811723024,31.69416215962,72.9477706517623,24.3787878787879,29.3078865578866,,,8.28279310106192,8.28279310106192,0.0,0.0,0.0,0.0,84.7826086956523,13.5050674538352,56.5217391304348,33.56,48.3,32.7301354482759,60.45197740113,50.0,25.6632408516679,34.03,10.9370632769872,29.2625654017603,10.0053520755652,58.0,20.6,17.2777,2.413897991,,,,,,,,149.0,3.495
Liberia,LBR,2019,,Sub-Saharan Africa,Discoverer,25.7004265631956,48.0826688686547,10.99039669011,36.6709910563346,22.5131749061166,62.4,44.631458496423,26.3504273504274,1.67537268963973,0.0,51.6012380712707,34.29,40.7679229310345,34.9550502379693,24.3514686326457,15.16,76.0,61.0,57.0,,19.4677755443581,36.7246666260015,77.7019333189095,24.3787878787879,29.3078865578866,,,6.70149075855894,0.0,0.0,0.0,0.0,0.0,84.7826086956523,13.499366387725,56.5217391304348,34.29,48.3,33.235845862069,34.4262295081967,35.4838709677419,25.8115523568198,29.37,10.442302762846,31.8131359679974,10.0053520755652,58.0,15.16,18.3141,2.165081978,,,,,,,,141.0,3.975
Libya,LBY,2015,,Middle East & North Africa,Emerging,42.6704330039223,20.1837153122489,72.5237284046614,69.2419326883225,32.7082857764982,30.0,2.64976447109836,35.6190476190476,64.8727593004887,66.4365617111649,100.0,53.96,76.954203862069,76.8115942028986,34.1186905539561,27.0666666666667,50.0,50.0,0.0,,2.93101833276001,5.01827508053507,0.0,23.8095238095238,53.3333333333333,,,79.4552260119214,62.5981444217807,67.1473741791967,50.290292589056,74.1807971823334,58.6923262399963,100.0,100.0,100.0,53.96,91.0,62.9084077241379,100.0,53.6231884057971,47.2985853096944,6.222,33.6688676486432,45.7933600886694,6.59663972277339,68.25,27.0666666666667,,,,,,,,,,63.0,5.754
Libya,LBY,2016,,Middle East & North Africa,Emerging,47.2163769671951,28.0219433038513,70.5640165847384,71.6217790331501,35.0948984613562,30.0,16.5310487358188,47.0476190476191,65.3489636668633,61.0610777949826,100.0,61.47,76.5837428965517,76.8115942028986,37.6852897433619,24.7333333333333,50.0,50.0,0.0,,3.15685297229045,4.46703784682153,41.9692553883443,42.8571428571429,53.3333333333333,,,79.8720111930093,63.0149296028686,67.6829977308579,50.8259161407172,68.7879903307345,53.3341652592307,100.0,100.0,100.0,61.47,91.0,62.1674857931035,100.0,53.6231884057971,47.6092201298866,10.87,44.232207081292,50.4283817828575,6.59663972277339,68.25,24.7333333333333,,,,,,,,,,67.0,5.615
Libya,LBY,2017,,Middle East & North Africa,Transitioner,55.9712703986354,47.1226922276999,72.3369234939168,77.5354029086067,37.1338928963462,62.72,28.7057781882974,52.7619047619048,70.9433837681116,59.8989249666804,100.0,63.71,76.2132818965517,92.6829268292683,40.8173661204327,22.4,78.08,78.08,39.68,,8.11752088676141,8.3898636733408,69.6099500047901,52.3809523809524,53.3333333333333,,,85.440056341877,68.5829747517362,73.3037927844869,56.4467111943462,67.4846584422718,52.313191491089,100.0,100.0,100.0,63.71,91.0,61.4265637931034,100.0,85.3658536585366,47.9481012924009,10.295,54.4490556744706,55.8205339125186,6.59663972277339,68.25,22.4,,,,,,,,,,68.0,5.52500009536743
Libya,LBY,2018,,Middle East & North Africa,Transitioner,57.9657875537576,50.662469792808,72.1981313135853,79.2506781265659,38.9467893255915,72.048,28.2272221010677,52.7619047619048,71.5921864219521,58.9031418620111,100.0,65.28,75.8428208965517,96.6292134831461,43.5334866569893,20.6,78.08,78.08,63.0,,8.24259530908289,9.5688926143613,66.8701783797589,52.3809523809524,53.3333333333333,,,86.1570736461887,69.299992056048,73.8843807878561,57.0272991977154,66.4835099530655,51.3227737709567,100.0,100.0,100.0,65.28,91.0,60.6856417931034,100.0,93.2584269662921,48.4698476396081,9.72,65.9161322988895,57.6998136236756,6.59663972277339,68.25,20.6,,,,,,,,,,70.0,5.566
Libya,LBY,2019,,Middle East & North Africa,Transitioner,57.4854077790376,52.7071300099936,62.5119584062053,78.7947941228206,42.0630215809157,77.632,27.7548726440316,52.7619047619048,48.0686610035259,58.2112350119874,100.0,66.53,75.4723598965517,94.3820224719101,46.4062769761446,24.69,78.0,78.08,77.0,,9.04075373212679,12.4322829372457,61.7915812627224,52.3809523809524,53.3333333333333,,,58.5709764833708,49.8221476413643,46.3151743656876,37.566345523681,66.4271841194006,49.9952859045742,100.0,100.0,100.0,66.53,91.0,59.9447197931035,100.0,88.7640449438202,48.7535961236309,6.92,76.4847391256013,62.6114099087171,6.59663972277339,68.25,24.69,,,,,,,,,,72.0,5.525
Sri Lanka,LKA,2015,18.1726459197686,South Asia,Emerging,49.1835239423022,42.4706285301287,58.7810816328224,49.9359797005445,46.9395295473356,71.832,15.3445713253217,38.0,87.3956776509086,29.3822577987268,60.3495372648411,46.31,73.2347812068966,30.2631578947369,48.3160786008361,41.4333333333333,99.0,85.99,44.09,,8.1786451969487,10.3388165343002,27.5162522447162,33.3333333333333,45.0,,,100.0,86.7198523903014,91.6060245805601,71.2568336327728,37.7580596257215,21.0064559717322,96.2660030988711,84.7826086956522,0.0,46.31,92.0,54.4695624137931,60.5263157894737,0.0,35.9315153797677,65.2855,13.0956804085254,64.211400432997,79.2015978032987,32.9948979591837,41.4333333333333,15.26,2.109980106,,95.02137756,23.15243,,97.529105,94.79275949,18.69140816,132.0,4.271
Sri Lanka,LKA,2016,17.1510485178135,South Asia,Transitioner,52.017168755494,51.9137975520296,56.7267257311721,51.5022826437489,48.271394719983,84.576,26.2084938800739,38.0,86.2903005596866,40.2146582857171,30.6237109650528,51.01,73.1055287241379,30.3913192071087,49.9225767333121,41.6666666666667,98.96,93.26,68.7,,10.1282968938812,14.6907397452927,53.8064450010479,33.3333333333333,45.0,,,100.0,85.246072634896,90.1321602758188,69.7829693280316,48.5905059102687,31.8388106611656,56.3692693805631,33.3620854897451,2.13977802485031,51.01,92.0,54.2110574482759,60.7826384142174,0.0,36.0951936611348,65.217,19.5656846587423,66.0306575433845,79.2015978032987,32.2225,41.6666666666667,22.19,3.229290009,92.0,96.02176666,23.16642,17.42213,97.53140438,94.20899047,17.80683899,117.0,4.415
Sri Lanka,LKA,2017,17.1941300290821,South Asia,Transitioner,56.9306749550712,57.8619665994654,64.997561952306,56.0186931253292,49.8611282185714,91.524,34.1309164986636,38.0,89.2001352719848,38.689336469847,69.2088662778665,53.27,72.9762762758621,41.8098031001257,51.8514102732143,41.9,99.0,95.0,84.31,,10.4979911877866,16.8102527437014,75.0845055645028,33.3333333333333,45.0,,,100.0,89.1258488749683,94.011941580379,73.6627506325918,47.0651813511343,30.3134915885597,92.3181718459176,33.3620854897451,81.946341497937,53.27,92.0,53.9525525517241,61.0389610389611,22.5806451612903,36.0826289685178,65.9435,25.5294316749322,68.4967685474635,79.2015978032987,33.9497487437186,41.9,25.1,2.593169928,92.0,97.05101776,22.93257,17.44801,97.64883842,94.26805817,17.94799805,120.0,4.44000005722046
Sri Lanka,LKA,2018,17.8869756778112,South Asia,Transitioner,58.0738398325588,60.5684171401731,68.0587376433782,52.8836848024589,52.175947927712,94.2,38.2210428504326,38.0,87.1370879456463,53.0443308213662,59.9308506828657,55.32,73.2373462413793,30.0937081659973,53.56993490964,46.6,99.0,95.0,91.0,,14.5875416002447,23.8106378487561,76.2649491022971,33.3333333333333,45.0,,,100.0,82.9477368627207,97.4819792239016,68.1186356959629,61.0767606200267,45.0119010227058,77.2014545355125,20.0277520814062,82.5633454316785,55.32,92.0,54.4746924827586,35.7429718875502,24.4444444444444,41.1333004617006,66.67,26.3703478484826,67.638178434718,79.2015978032987,40.3425,46.6,28.3,1.987810016,92.0,,21.73735,17.52875,97.27960308,96.13187574,18.67174721,116.0,4.471
Sri Lanka,LKA,2019,19.4563160693078,South Asia,Transitioner,59.8033775573523,61.6943183935564,57.1167315914447,66.4276058927203,54.6444088406797,95.0,40.235795983891,38.0,68.5579944688562,44.2684091683226,59.9308506828657,57.08,73.8694843448276,68.3333333333333,55.1492610508496,52.625,99.0,95.0,93.0,,16.8586339869201,24.7403222689563,79.1084316957965,33.3333333333333,45.0,,,87.2656559155967,64.6793419993121,72.4366469384003,49.8503330221157,52.3007890309707,36.2360293056746,77.2014545355125,20.0277520814062,82.5633454316785,57.08,92.0,55.7389686896552,66.6666666666666,70.0,41.4809809029222,69.215,29.0544779879249,70.0496182342877,79.2015978032987,42.7042606516291,52.625,32.0,,92.0,95.86188507,,,97.27720773,,20.21912575,130.0,4.366
Lesotho,LSO,2015,9.72517754374624,Sub-Saharan Africa,Emerging,41.5548023953588,46.4088421520276,37.5489661370248,64.9215287931034,26.3570882378293,63.144,25.478105380069,54.8,15.5443253783568,30.2286747595268,96.1988304093567,31.17,63.5945863793103,100.0,32.1630269639533,3.13333333333333,92.66,95.53,16.0,,12.0947876585669,14.6896286696719,49.6498998119682,61.3333333333333,45.0,,,31.8203511010316,19.4288700165986,10.9280803957968,0.0,41.545321391529,18.9120281275247,100.0,88.5964912280701,100.0,31.17,86.8,40.3891727586207,100.0,100.0,25.1715287192444,14.758,8.44595783496317,52.9041907940527,57.1759412022742,19.4770325384639,3.13333333333333,25.0,7.642502308,,79.34463501,33.08664,23.95153,108.8215912,58.58946888,9.687729836,97.0,4.898
Lesotho,LSO,2017,10.3130654092878,Sub-Saharan Africa,Emerging,49.2676565815039,62.4943042790965,45.8253754980319,68.2249572897346,30.1548991061985,86.32,42.5157606977413,54.8,28.4921428500987,37.9718806903026,96.1988304093567,38.99,65.6848718692038,100.0,35.3436238827481,9.4,97.6,98.0,69.0,,19.3550332953737,28.5486087743829,79.6436400234673,61.3333333333333,45.0,,,45.1337934655651,32.7423123811321,24.2419733190653,11.8504922346323,49.2882832696567,26.6554781109486,100.0,88.5964912280701,100.0,38.99,91.620433807373,39.7493099310345,100.0,100.0,31.6065528475266,12.439,14.1920792632205,50.6210405104172,57.1759412022742,33.8060111806037,9.4,39.0,7.23117733,,,32.94806,25.34293,109.9726212,59.8201412,10.14649963,139.0,3.80800008773804
Lesotho,LSO,2018,9.93844298033582,Sub-Saharan Africa,Emerging,48.6740508351056,63.3426107757801,45.1628461879441,65.405584404207,29.9983848022429,88.526,42.4305269394503,54.8,29.3909698111831,36.0523775427351,94.927536231884,40.49,63.2105369453041,92.5162162673169,36.2229810028036,5.1,98.63,98.0,74.0,,18.8183262628447,26.888022338281,81.5852322172252,61.3333333333333,45.0,,,46.0306668419852,33.6391857575522,25.142753864814,12.7512727803811,47.3666637387029,24.7380913467674,100.0,84.7826086956522,100.0,40.49,86.2408676147461,40.1802062758621,100.0,85.0324325346338,31.5782408519357,11.11,13.1111372329171,49.2842408136772,57.1759412022742,48.8206898264275,5.1,40.8,7.402918816,86.24086761,,,,100.6016815,,9.724470139,141.0,3.808
Lesotho,LSO,2019,,Sub-Saharan Africa,Transitioner,50.1111898048247,68.7994747020596,40.4713056691874,68.1814946369404,33.2154394343451,92.646,51.9526867551491,54.8,18.8082620967859,35.5014720554786,93.7370600414079,41.63,62.9144839108213,100.0,39.7467992929313,7.09,98.63,98.0,84.3,,28.8413760680783,43.1443709556457,83.8723132417233,61.3333333333333,45.0,,,42.3648611111667,11.3936703735463,21.4745169024308,0.0,46.8170751685438,24.1858689424133,96.4285714285714,84.7826086956523,100.0,41.63,86.2408676147461,39.5881002068966,100.0,100.0,31.4792526421893,23.2,18.5784996747624,50.1893149684254,57.1759412022742,59.4219759540107,7.09,42.3017,7.194068909,,82.85080719,,,96.09326965,,,144.0,3.802
Lithuania,LTU,2015,72.1163330078125,Europe & Central Asia,Advanced,73.4907663499217,66.4662449390441,78.7109491871318,87.9034478965517,63.4291514192994,94.8,39.8913266333245,62.9485714285714,91.0795037842249,67.9568223516488,75.4820936639118,75.59,88.1203436896552,100.0,67.7364392741242,46.2,100.0,97.0,90.0,,21.4961930864231,29.4763389676101,68.7014478459404,61.7142857142857,64.8,,,98.7735760202345,99.0651212406443,83.0938863278054,83.3854315482153,76.4499876017145,59.4636571015831,63.2231404958678,63.2231404958678,100.0,75.59,99.0,77.2406873793103,100.0,100.0,74.0991536723202,79.0995,33.9130313875279,91.7619366041874,73.421296998777,51.8740554156171,46.2,71.3781,4.227190018,,98.67507935,12.86014,7.88976,101.5423431,102.1533432,67.74265289,56.0,5.833
Lithuania,LTU,2016,74.0858306884766,Europe & Central Asia,Advanced,76.5115520883923,73.2930087573139,79.6908762067638,88.9259774137931,65.9793827650378,99.2,52.5582361789989,62.9485714285714,91.8776748175227,69.6084688674309,75.4820936639119,78.76,88.0179322413793,100.0,70.3992284562973,48.3,100.0,99.0,99.0,,32.0943207575771,47.5975530168051,77.9828347626146,61.7142857142857,64.8,,,99.7439759203613,100.0,83.7375890646598,84.0291342850697,78.2785950809359,60.938342653926,63.2231404958678,63.2231404958678,100.0,78.76,99.0,77.0358644827586,100.0,100.0,74.7091452165845,82.609,41.1090960041274,95.8267907787895,73.421296998777,51.250626566416,48.3,74.3766,4.004310131,,100.6361237,13.22845,7.68762,104.2230988,101.8199081,67.74185181,60.0,5.813
Lithuania,LTU,2017,76.5389785766602,Europe & Central Asia,Advanced,77.3707138510493,77.0134896631222,76.2298406152895,90.0767711264368,67.7644301734908,99.2,61.8594384435199,62.9485714285714,81.0029832414488,71.8305714648192,75.4820936639118,82.05,88.1803133793103,100.0,72.1055377168634,50.4,100.0,99.0,99.0,,40.52146315615,58.0954893845713,86.9613627898382,61.7142857142857,64.8,,,88.587308410084,88.8788536304938,73.1271128524037,73.4186580728136,80.2048440585626,63.4562988710757,63.2231404958678,63.2231404958678,100.0,82.05,99.0,77.3606267586207,100.0,100.0,75.0047831487585,81.2345,48.4380627681177,97.6467981812268,73.421296998777,50.7989949748744,50.4,77.6153,3.812200069,,101.5820618,13.51703,7.80821,106.4109497,102.7917786,68.38633728,52.0,5.90199995040894
Lithuania,LTU,2018,77.3577728271484,Europe & Central Asia,Advanced,79.8712972512511,79.0960224005243,75.5388293973981,89.3764321362191,76.2105409674898,99.2,67.0657702870251,62.9485714285714,83.0170721082855,68.0889545532538,75.4820936639119,84.81,88.6384453448276,94.6808510638298,72.5631762093623,90.8,100.0,99.0,99.0,,48.1503940131682,65.3875909149881,87.659325932919,61.7142857142857,64.8,,,90.3813885010789,90.3813885010789,75.6527557154922,75.6527557154922,76.06696397878,60.1109451277277,63.2231404958678,63.2231404958678,100.0,84.81,99.0,78.2768906896552,89.3617021276596,100.0,75.3636234355542,79.86,52.3998063303158,95.5449042821644,73.421296998777,52.3125,90.8,79.7226,3.89289999,,104.108902,,,106.0573807,103.0140228,69.71880341,50.0,5.952
Lithuania,LTU,2019,75.0942306518555,Europe & Central Asia,Leader,81.0196069714254,81.7381827440244,73.9196760345225,90.379774456486,78.9049487854291,99.2,73.6711711457754,62.9485714285714,80.22789227956,66.8302509747903,75.4820936639118,87.04,88.3850376551724,95.7142857142857,75.0399359817864,94.365,100.0,99.0,99.0,,58.8183889837116,73.2363061293702,88.9588183242443,61.7142857142857,64.8,,,96.9318406234583,77.8390967670299,82.61668779209,63.5239439356617,74.5842920917814,59.0762098577992,63.2231404958678,63.2231404958677,100.0,87.04,99.0,77.7700753103448,100.0,91.4285714285715,75.7620651296225,82.575,61.2980324023036,95.5350567350129,73.421296998777,55.7914572864322,94.365,81.5819,3.964099884,,110.2348328,,,104.7060623,103.8806076,70.18486786,42.0,6.149
Luxembourg,LUX,2015,20.2907104492188,Europe & Central Asia,Advanced,78.0263962122177,66.2512547738603,95.9832323948547,81.6029518925709,71.428387536417,97.8,35.4595655060794,64.7371428571429,97.5079385369943,100.0,84.9002849002849,72.91,79.0518513448276,92.8470043328851,76.4188177538546,51.4666666666667,99.0,99.0,96.0,,17.6571646385135,22.255278633184,66.4662532465406,60.7619047619048,70.7,,,100.0,100.0,100.0,90.0317541479774,100.0,100.0,77.3504273504274,77.3504273504274,100.0,72.91,99.0,59.1037026896552,96.5635738831615,89.1304347826087,87.8088208931839,66.9715,43.3741628786564,100.0,69.2625051246593,96.3256997455471,51.4666666666667,96.3767,3.767920017,,80.56880188,8.45773,9.44748,97.4022522,104.3791885,20.29071045,17.0,6.946
Luxembourg,LUX,2016,19.9203605651856,Europe & Central Asia,Leader,80.4347571795294,69.6143684427856,96.980056980057,84.2065631170454,73.6288056750399,97.78,43.8873496783926,64.7371428571429,100.0,100.0,84.9002849002849,80.64,79.2065866551724,92.7731026959638,78.0776737604666,55.8333333333333,99.0,99.0,95.95,,25.3663846901566,33.3425682333219,72.9530961116992,60.7619047619048,70.7,,,100.0,100.0,100.0,100.0,100.0,100.0,77.3504273504273,77.3504273504274,100.0,80.64,99.0,59.4131733103448,96.415770609319,89.1304347826087,88.0183955169276,71.739,49.1677927221494,100.0,69.2625051246593,96.140350877193,55.8333333333333,98.1367,4.466115952,,79.01135254,8.30333,8.82794,97.40956879,106.0851974,19.92036057,20.0,6.871
Luxembourg,LUX,2017,19.5990200042725,Europe & Central Asia,Leader,82.3502065357381,72.573548474649,95.9207178487428,86.9427658314674,75.986167453859,98.28,50.7852997580511,64.7371428571429,97.3516521717146,100.0,84.9002849002849,82.74,79.3869987931034,98.7012987012987,79.9327093173237,60.2,99.0,99.2,97.0,,32.56781176841,40.0328457167233,79.7552417890198,60.7619047619048,70.7,,,100.0,100.0,100.0,89.4066086868586,100.0,100.0,77.3504273504274,77.3504273504274,100.0,82.74,99.0,59.7739975862069,100.0,97.4025974025974,88.1487972002278,82.0495,53.1474942617315,100.0,69.2625051246593,96.16,60.2,97.363,3.48645997,,78.40264893,,,96.73519897,106.7843475,19.59902,18.0,6.86299991607666
Luxembourg,LUX,2018,19.3915195465088,Europe & Central Asia,Leader,83.523655697637,74.3752881002432,94.6510923971293,83.7244289616214,82.5717505708022,98.6,54.9696488220365,64.7371428571429,97.377669732142,96.7999188105389,84.9002849002849,84.09,79.1616883103448,87.9215985745195,81.0646882135027,88.6,99.0,99.2,97.8,,39.6035821399527,44.9680575620068,80.33730676415,60.7619047619048,70.7,,,100.0,100.0,100.0,89.5106789285679,100.0,93.5998376210779,77.3504273504274,77.3504273504274,100.0,84.09,99.0,59.3233766206897,93.127147766323,82.716049382716,88.2500176980008,92.36,53.7509182448534,100.0,69.2625051246593,95.76,88.6,97.0613,3.66211009,,76.69661713,,,97.34284973,106.9831238,19.39151955,17.0,6.91
Luxembourg,LUX,2019,19.3969497680664,Europe & Central Asia,Leader,85.7953350054299,77.8351063730608,94.2647417933449,87.667843505071,84.2344158067124,98.84,63.3791945040806,64.7371428571429,96.2310981399373,96.9806138932824,84.9002849002849,84.87,79.3100011034483,98.8235294117647,82.0417697583905,93.005,99.0,99.2,98.4,,47.8958360587136,58.4536804785004,83.7880669750278,60.7619047619048,70.7,,,100.0,100.0,92.4621962798746,92.4621962798746,100.0,93.9612277865648,77.3504273504273,77.3504273504274,100.0,84.87,99.0,59.6200022068966,100.0,97.6470588235294,88.3621465698231,84.415,62.4566970974701,100.0,69.2625051246593,95.84,93.005,97.1206,3.736069918,,77.86260223,,,98.33454895,106.9465103,19.39694977,14.0,7.09
Latvia,LVA,2015,74.2998809814453,Europe & Central Asia,Advanced,73.2120274937646,69.763945431244,71.9790609932169,85.7524874795577,66.7184271209289,95.596,41.501482625729,74.6247619047619,80.8661506014526,61.3404550496336,75.4820936639119,74.65,86.4049307931034,96.2025316455696,66.8813672344945,66.0666666666667,99.0,95.0,94.49,,20.2019027253172,30.0702567946197,74.2322883572502,67.2857142857143,85.6333333333333,,,87.7994562979989,87.8475934175781,73.8847077853272,73.9328449049063,68.8776104939975,53.8032996052698,63.2231404958678,63.2231404958678,100.0,74.65,99.9,72.9098615862069,100.0,92.4050632911392,73.3851117669387,65.474,24.7135747126669,88.0725586551904,79.339900861354,72.3173803526448,66.0666666666667,79.2006,5.282519817,,100.0109482,11.13249,8.03226,99.39331818,112.3566513,74.29988098,89.0,5.098
Latvia,LVA,2016,80.6048126220703,Europe & Central Asia,Advanced,75.6807879394316,74.0521629999979,72.8180927649105,88.2449121232358,68.9407266840672,99.0,48.8180265476139,74.6247619047619,81.4803264905962,62.8238585897242,75.4820936639119,82.05,86.4822047241379,96.2025316455696,69.3175750217507,67.4333333333333,99.0,99.0,99.0,,24.744664253108,38.8843273082724,82.8250880814613,67.2857142857143,85.6333333333333,,,88.5639407145897,88.6120778341688,74.3485751470235,74.3967122666027,70.5238482721558,55.1238689072925,63.2231404958678,63.2231404958678,100.0,82.05,99.9,73.0644094482759,100.0,92.4050632911392,77.7807427735878,60.87,32.5837542492525,90.3331890040077,79.339900861354,72.2305764411028,67.4333333333333,79.8421,4.65749979,,98.06009674,11.3295,8.10571,99.19854736,111.2968063,80.60481262,68.0,5.56
Latvia,LVA,2017,88.0574264526367,Europe & Central Asia,Advanced,76.4800326232523,75.7685685753839,70.873660985757,90.7995527011494,70.167273193338,99.0,53.1090404860788,74.6247619047619,75.7767412681314,63.6663643643051,75.4820936639118,85.34,87.0586581034483,100.0,70.5090914916725,68.8,99.0,99.0,99.0,,28.4427604691182,44.1718946426454,86.7124663464728,67.2857142857143,85.6333333333333,,,83.2186220830607,83.2667592026399,68.2867233336229,68.3348604532021,71.7544761869172,55.578252541693,63.2231404958678,63.2231404958677,100.0,85.34,99.9,74.2173162068966,100.0,100.0,74.064987229062,63.77,38.0414610799868,93.2928582879596,79.339900861354,71.8425,68.8,80.1141,4.366710186,,99.31181335,11.53684,8.2712,99.36784363,110.7232513,88.05742645,54.0,5.84999990463257
Latvia,LVA,2018,93.0244827270508,Europe & Central Asia,Advanced,77.5695711526585,76.7816726841745,71.317896255792,91.973482862069,71.8864167375387,99.0,55.9989436151982,73.9104761904762,76.064261771303,64.4894320362209,75.4820936639119,88.13,87.7904485862069,100.0,71.1580209219234,74.8,99.0,99.0,99.0,,31.9186361066552,48.9671122781564,87.111082460783,66.0952380952381,85.6333333333333,,,81.5947288413947,84.9476785941789,67.1808449484272,70.5337947012113,72.296952478245,56.6819115941969,63.2231404958678,63.2231404958678,100.0,88.13,99.9,75.6808971724138,100.0,100.0,74.1816031194946,66.67,43.6116013089711,89.3469993197972,79.339900861354,71.95,74.8,83.5772,4.243569851,,98.3991394,,,99.61438751,109.1557007,93.02448273,53.0,5.933
Latvia,LVA,2019,94.8645324707031,Europe & Central Asia,Advanced,77.0601631405954,78.0156147880355,65.8573384002793,91.3879090284858,75.1009179903344,99.0,59.0837988748506,73.9104761904762,66.2626930611281,60.6396061076144,75.4820936639119,90.42,88.0915531724138,95.6521739130435,72.366147487918,86.04,99.0,99.0,99.0,,36.6466293750055,53.5563355195889,87.0484317299574,66.0952380952381,85.6333333333333,,,78.1821295389788,68.3585598511713,64.1668262710849,54.3432565832773,68.2312287110569,53.0479835041718,63.2231404958678,63.2231404958678,100.0,90.42,99.9,76.2831063448276,100.0,91.304347826087,74.4856089388969,62.455,49.8430882251139,90.0211055796386,79.339900861354,73.8270676691729,86.04,86.1355,4.43584013,,98.30753326,,,99.98343658,107.6024628,94.86453247,53.0,5.94
Morocco,MAR,2015,28.5519130573154,Middle East & North Africa,Emerging,48.6820022045762,47.083637082203,46.8489682797551,54.0234509115931,47.1325969394351,69.364,23.5831879436027,49.5238095238095,43.1330473959911,36.7942513521771,74.390243902439,56.65,61.0944405517241,44.325912183055,45.0907461742939,55.3,99.2,88.81,35.0,,9.71697220546216,11.3844007581786,49.6481908671674,58.0952380952381,36.6666666666667,,,58.9186768102705,41.297701197306,44.9683935946762,27.3474179817116,44.350654760624,29.2378479437301,66.6666666666667,56.5040650406505,100.0,56.65,75.45,46.7388811034483,62.1212121212121,26.530612244898,44.9785914933685,71.602,24.6461691355967,67.2390786146369,14.4813916278676,76.615,55.3,57.08,5.133368969,,95.71690369,25.88159,,107.7627487,,28.69558907,92.0,5.013
Morocco,MAR,2016,32.0952579243239,Middle East & North Africa,Transitioner,53.7637436442425,59.2119110612798,48.4745747959156,58.4126140105907,49.8342903731959,87.492,31.7758728912947,57.5238095238095,43.2628446376605,40.7284704009089,74.3902439024391,64.85,61.9373507241379,48.4504913076341,48.6178629664949,54.7,99.2,96.13,73.0,,14.7331100956186,24.3292916586137,56.2652169196519,58.0952380952381,56.6666666666667,,,59.0116454094294,41.3906697964648,45.1350194788561,27.5140438658916,48.2449761133028,33.2119646885151,66.6666666666667,56.5040650406505,100.0,64.85,74.9,48.9747014482759,70.3703703703703,26.530612244898,45.5100165206994,73.913,36.8087493830995,71.025157300808,14.4813916278676,76.615,54.7,58.2712,5.085301876,,94.26103973,26.59118,,107.9843674,,32.26958084,90.0,5.151
Morocco,MAR,2017,33.4735433090703,Middle East & North Africa,Transitioner,56.1712958254017,67.3005965414678,52.7969297112764,55.3118622005109,50.6537857852756,96.32,43.1695865917648,57.5238095238095,53.9164967031901,40.8807056237814,74.390243902439,67.14,62.7802609310345,36.0153256704981,49.7922322315945,54.1,99.6,98.0,93.0,,18.0205073791917,34.2064089961043,77.2818433999986,58.0952380952381,56.6666666666667,,,69.6836687591995,52.062693146235,55.7703002601452,38.1493246471807,48.4171135607691,33.3442976867936,66.6666666666667,56.5040650406504,100.0,67.14,74.35,51.210521862069,44.4444444444444,27.5862068965517,45.7240768383079,70.2915,41.9840979351297,73.3183447566674,14.4813916278676,76.615,54.1,61.7622,4.735649586,,91.4058609,28.03417,20.26796,109.2592316,78.53610229,33.73701096,84.0,5.2350001335144
Morocco,MAR,2018,35.319186358341,Middle East & North Africa,Transitioner,59.1985734156148,69.3489683427423,54.8730814722968,67.452306387766,47.8463492799261,98.32,46.2905160949509,57.5238095238095,52.5107874926991,47.4767942368232,74.390243902439,68.64,63.6231711034483,70.0937480598498,49.0829365999076,42.9,99.6,98.0,98.0,,21.0030717758392,38.5261345066899,79.3423420023234,58.0952380952381,56.6666666666667,,,65.9289318370783,52.9876919670317,52.0338830183666,39.09264314832,55.0032790136254,39.950309460021,66.6666666666667,56.5040650406505,100.0,68.64,73.8,53.4463422068966,70.6959706959707,69.4915254237288,46.0974354775375,66.67,44.301743605874,68.8916122882591,14.4813916278676,76.615,42.9,64.8039,4.960227013,,91.3554306,26.80065,19.42453,110.3672333,79.01625824,35.62242126,85.0,5.254
Morocco,MAR,2019,37.7212021382481,Middle East & North Africa,Transitioner,60.6876336790517,72.3960343018495,51.8141102823262,69.3961713025145,52.1077694434646,99.14,53.0881809927189,57.5238095238095,46.1470976589713,46.1930560956246,74.390243902439,69.74,64.3137233793103,74.1347905282331,49.4709618043308,62.655,99.7,99.0,99.0,,29.8256416601428,49.1321270390744,80.3067742789396,58.0952380952381,56.6666666666667,,,53.1038371567346,53.1038371567346,39.1903581612081,39.1903581612081,53.7295238848682,38.6565883063811,66.6666666666667,56.5040650406505,100.0,69.74,73.8,54.8274467586207,77.7777777777777,70.4918032786885,46.499789097231,59.51,48.705920196928,69.6052080996274,14.4813916278676,76.615,62.655,84.1204,5.003256798,,94.31922913,,,111.5162506,80.12779236,38.02486038,89.0,5.208
Moldova,MDA,2015,52.1000519119307,Europe & Central Asia,Transitioner,64.469290549642,61.7382887456403,60.8257214808522,89.3982069425287,51.4565777988766,93.0,33.0795313879102,56.532380952381,51.9365578248784,61.2388569883631,77.7777777777778,89.05,79.1446208275862,100.0,54.4707222485957,39.4,99.0,99.0,84.0,,13.9200548497525,13.2665153725513,72.0520239414268,57.1428571428571,55.6166666666667,,,62.9460292914634,51.3473018097921,52.4177782194198,41.0351219788385,66.824621063463,55.6530929132632,66.6666666666667,66.6666666666667,100.0,89.05,99.0,59.2892416551724,100.0,100.0,55.5071606384317,56.0875,12.6105111378495,70.7957460142594,84.2895732234302,42.2137404580153,39.4,69.0,5.805686951,,107.1129684,17.45665,9.34236,105.7220001,105.059288,52.09782028,52.0,5.889
Moldova,MDA,2016,52.8435823784374,Europe & Central Asia,Transitioner,64.6334829268298,65.8308892695679,59.2694864501529,83.1272417011494,53.8054145716821,98.4,37.9110326977292,56.532380952381,46.1785267579839,63.1063004785094,77.7777777777778,70.36,79.0217251034483,100.0,57.1067682146027,40.6,99.0,99.0,97.5,,16.0006523987394,18.6565244766571,79.0759212177912,57.1428571428571,55.6166666666667,,,55.057621574918,47.1782364467707,45.0414691535028,37.4367798567439,68.3829227981073,57.8296781589115,66.6666666666667,66.6666666666667,100.0,70.36,99.0,59.0434502068965,100.0,100.0,55.8728409076286,59.42,19.0457456955834,74.598137386722,84.2895732234302,44.0350877192982,40.6,71.0,5.67208004,,106.6207733,17.42007,9.22639,104.4644318,106.0476532,52.84141159,55.0,5.897
Moldova,MDA,2017,51.9490291393525,Europe & Central Asia,Advanced,65.2306122891532,68.0513437341988,62.0027281167373,76.7411011135493,55.9152524327248,98.8,43.0621688593064,56.532380952381,49.5020658784276,66.6158655245267,77.7777777777778,73.11,79.0830003103448,78.030303030303,59.4440655409061,41.8,99.0,99.5,98.0,,19.778159306114,24.326104315981,85.0822429558241,57.1428571428571,55.6166666666667,,,61.1344552433327,47.749983809781,51.1173425777817,38.006481882815,71.8935957349666,61.3381353140868,66.6666666666667,66.6666666666667,100.0,73.11,99.0,59.1660006206897,81.060606060606,75.0,55.9391516060967,68.25,25.3070696564439,77.2077744245896,84.2895732234302,40.7035175879397,41.8,49.9,5.710169792,,107.2409134,17.68211,9.91073,103.6819,94.36382294,51.9473381,56.0,5.83799982070923
Moldova,MDA,2018,52.8423092059456,Europe & Central Asia,Advanced,70.6258848871357,70.7935837863689,65.6411458629239,85.0890692873563,62.9233424046391,99.118,49.5997689897317,56.532380952381,55.140399566382,70.0735762020387,77.7777777777778,75.45,79.817207862069,100.0,62.1041780057989,66.2,99.99,99.8,98.0,,27.8595486829521,33.78654400432,87.1532142819231,57.1428571428571,55.6166666666667,,,64.9080527304289,54.9998444500357,55.1569200518446,45.496781033219,75.2210688861478,64.9260835179297,66.6666666666667,66.6666666666667,100.0,75.45,99.0,60.6344157241379,100.0,100.0,55.4351640650014,77.08,31.9932020844211,79.1254506561417,84.2895732234302,42.275,66.2,50.3,5.538879871,,101.7815781,17.92314,9.86318,103.3373871,95.91591644,52.84231186,67.0,5.64
Moldova,MDA,2019,54.7812048030675,Europe & Central Asia,Advanced,71.0379036129518,72.4303942794912,61.8312081901371,85.8265287931034,66.2537426038415,99.078,53.7317952225374,56.532380952381,44.580654688768,71.108476897686,77.7777777777778,77.33,80.1495863793103,100.0,65.0696782548019,70.99,99.99,99.7,98.0,,32.0406910909507,42.5172297001057,86.6374648765559,57.1428571428571,55.6166666666667,,,56.1353236987319,42.7712601919349,46.3900491856011,33.0259856788041,76.3871672589651,65.8297865364068,66.6666666666667,66.6666666666667,100.0,77.33,99.0,61.2991727586207,100.0,100.0,55.9288902608159,76.185,43.9239834829808,80.4442713744517,84.2895732234302,45.3383458646617,70.99,57.7605,6.225769997,,102.4273834,,,105.0749207,95.65075684,54.78120041,71.0,5.529
Madagascar,MDG,2015,4.65904652237845,Sub-Saharan Africa,Discoverer,24.0568976077858,25.6277177841503,12.3465408240355,51.2284322463054,20.6629433043365,36.132,3.03729446037579,49.8,2.60218692793417,8.70240580661564,39.1235186510777,27.54,54.7167253103448,71.4285714285714,22.962012463754,11.4666666666667,75.0,46.56,6.27,,4.58076194984067,4.5311214312867,0.0,33.3333333333333,74.5,,,5.82493655911421,4.58381115262246,0.0,0.0,16.6227306847508,0.782080928480533,43.7007874015748,28.7878787878788,44.8818897637795,27.54,77.0,32.4334506206897,100.0,42.8571428571429,17.9749203058054,23.4365,3.33645437456236,48.8995103992935,26.653079137843,12.4556962025316,11.4666666666667,4.17397,2.704188347,,67.60498047,41.1927,,142.8891449,37.90689087,4.727519989,147.0,3.681
Madagascar,MDG,2016,4.6583858057243,Sub-Saharan Africa,Discoverer,26.4672012442597,36.8967477366448,13.5227285830548,44.4400389605911,22.1312135562313,40.318,27.023869341612,49.8,3.51819319077361,15.8752638534991,28.8267288267288,24.65,55.0986883103448,53.5714285714286,24.1306836119557,14.1333333333333,74.99,53.43,9.87,,12.7114096530464,21.9573220958387,46.402876275951,33.3333333333333,74.5,,,7.65694908479309,6.41582367830134,0.0,0.0,23.795487577842,7.95504012915613,34.6153846153846,28.7878787878788,23.0769230769231,24.65,77.0,33.1973766206897,64.2857142857143,42.8571428571429,18.2241882995033,22.464,5.41884959216577,52.6003010302667,26.653079137843,13.05,14.1333333333333,4.71366,2.697920561,,66.0451355,40.606,,138.5707361,37.81742859,4.761650085,148.0,3.695
Madagascar,MDG,2017,5.07525058069797,Sub-Saharan Africa,Discoverer,27.3995491537333,41.9790241935584,18.0024549304157,31.0102736492511,24.049386220595,46.338,33.709560483896,49.8,13.9457197172161,16.6470531954587,28.8267288267288,25.66,54.4920330689655,12.8787878787879,25.8617327757437,16.8,78.01,61.31,15.53,,14.0724492264309,31.1352933345379,55.9209388907191,33.3333333333333,74.5,,,21.8775336892972,20.6364082828055,7.25503115162672,6.01390574513497,24.5675754033636,8.72653098755388,34.6153846153846,28.7878787878787,23.0769230769231,25.66,77.0,31.984066137931,9.09090909090906,16.6666666666667,20.7459354305457,26.512,6.41314813066918,54.9405011796608,26.653079137843,14.6,16.8,6.4,2.701374054,,64.99119568,,20.04302,143.3683173,36.29988835,5.236249924,144.0,3.64400005340576
Madagascar,MDG,2018,5.11877849200791,Sub-Saharan Africa,Discoverer,34.4715807607947,44.1851052947348,22.8087978794074,56.1828504942529,24.9380640665551,51.832,32.9640965701704,51.3333333333333,17.8557488689363,24.7528814162177,28.8267288267288,27.0,54.0485514827586,87.5,26.2725800831939,19.6,79.02,65.07,25.0,,10.2875728746894,23.8566514840147,64.7480653518072,33.3333333333333,78.3333333333333,,,26.919905827224,23.4137220427249,12.2977756951477,8.79159191064854,32.6732019044258,16.8325609280097,34.6153846153846,28.7878787878788,23.0769230769231,27.0,77.0,31.0971029655172,100.0,75.0,20.7094555144657,30.56,7.7234737478024,52.7218920158584,26.653079137843,16.55,19.6,7.7478,3.049069166,77.0,63.12284851,39.81169,19.29784,136.9360273,35.97891566,5.324389935,143.0,3.774
Madagascar,MDG,2019,5.28586006164551,Sub-Saharan Africa,Discoverer,30.9533693113808,45.6272201948189,20.7551136878409,38.0670816978961,25.4643741242551,56.144,32.2573838203805,51.3333333333333,2.70490817217054,31.5072178211781,35.3513164525069,30.3,53.2194269118703,30.6818181818182,26.4642176553189,21.465,80.0,70.36,30.0,,9.53209255662668,21.2000297283013,66.0400291762136,33.3333333333333,78.3333333333333,,,10.8196326886821,0.0,0.0,0.0,39.4273474607374,23.5870881816189,40.625,27.9289493575208,37.5,30.3,76.2287139892578,30.2101398344828,25.0,36.3636363636364,20.6901545962753,29.69,7.73014792843801,54.052706614038,26.653079137843,16.7,21.465,9.37944,3.013383865,,60.75994492,,,129.2258099,33.93414933,5.534029961,143.0,3.933
Mexico,MEX,2015,31.9718608856201,Latin America & Caribbean,Transitioner,58.3423806972016,44.4202605384557,60.5975704832035,67.8020961053249,63.4829577558041,79.8,16.2939846794726,29.9133333333333,45.953764607091,62.4321521135978,86.2160189746397,54.36,76.5973087241379,72.4489795918367,68.4536971947552,43.6,93.0,95.0,58.0,,8.57715519075131,13.9465003627723,26.358298484894,21.3333333333333,42.7833333333333,,,61.9384458638743,51.1443102974293,40.7632189167527,29.9690833503077,73.9020667099553,50.9622375172403,81.0344827586208,77.6135741652983,100.0,54.36,94.0,59.1946174482759,57.1428571428571,87.7551020408163,54.1116013627239,75.462,43.0340462449985,71.0958859392929,93.0459524267605,86.5,43.6,57.431,5.050879955,94.0,105.9928436,26.92701,16.08213,106.9634323,100.9822693,31.97186089,14.0,7.187
Mexico,MEX,2016,38.589771270752,Latin America & Caribbean,Transitioner,64.2151304101916,55.4032096971212,64.5112943882076,68.5791567965005,69.3723893597925,79.8,28.8942147189935,59.627619047619,57.6100021461065,59.9900729048722,87.3563218390805,57.39,77.6180675172414,70.72940287226,73.0154866997406,54.8,93.0,95.0,58.0,,12.7627703049615,25.0418855642594,48.8779882877595,64.1904761904762,52.7833333333333,,,73.101486267583,62.3073507011379,52.9126535910751,42.1185180246301,70.9256906046473,49.0544552050971,81.0344827586207,81.0344827586208,100.0,57.39,95.0,60.2361350344828,53.7037037037037,87.7551020408163,54.5287581951194,84.783,56.4744059629115,73.5118169139116,93.0459524267605,90.25,54.8,59.5404,4.757959843,95.0,104.702179,26.74201,16.30684,106.3912201,102.8713684,38.58977127,21.0,6.778
Mexico,MEX,2017,40.3390693664551,Latin America & Caribbean,Advanced,68.2581341064481,62.2844046805239,64.9263562569128,73.3280118665082,73.20612023361,88.1,37.7972021775002,59.627619047619,59.0039980962338,59.633731626508,87.3563218390805,59.99,79.1413451724138,80.852690427111,75.0076502920125,66.0,93.0,95.0,78.75,,17.1240585130252,36.4568687480458,59.8106792714296,64.1904761904762,52.7833333333333,,,74.4954999716481,63.701364405203,54.3066317872646,43.5124962208195,70.5693685597157,48.6980946933002,81.0344827586207,81.0344827586207,100.0,59.99,95.0,63.2826903448276,82.4413576935291,79.2640231606928,55.093880035601,88.5715,63.1954742966182,75.4171947010829,93.0459524267605,88.0,66.0,53.0318,4.397520065,95.0,104.3248596,26.55228,16.85759,105.7976074,105.1101837,40.33906937,25.0,6.57800006866455
Mexico,MEX,2018,41.6382789611816,Latin America & Caribbean,Advanced,71.8481517913186,66.5419573846304,67.6456178092776,80.4229525912918,73.6117514021314,91.0,41.5410839377664,67.627619047619,60.5303243036742,64.9055592999796,87.3563218390805,62.21,79.7506214137931,99.3082363600823,76.2896892526642,62.9,93.0,95.0,86.0,,19.2435587446126,37.4340422482585,67.9456508204282,64.1904761904762,72.7833333333333,,,75.6844340420525,64.8902984756074,56.170350131741,45.376214565296,75.4756880847316,54.3354305152275,81.0344827586207,81.0344827586208,100.0,62.21,95.0,64.5012428275862,98.6164727201647,100.0,56.1524485726088,92.36,67.4430182369293,73.3770270270222,93.0459524267605,90.5,62.9,56.6596,4.139450073,95.0,102.3691177,,,105.1881638,105.964653,41.63827896,24.0,6.488
Mexico,MEX,2019,43.0441398620605,Latin America & Caribbean,Advanced,71.9093040297847,67.5971662756822,65.0174007664501,80.4151086081107,75.6562123872265,92.536,42.643106165396,67.627619047619,46.978156350769,71.887184645816,87.3563218390805,64.03,79.9932756206896,97.2220502036425,76.4977654840331,72.29,92.68,95.0,90.0,,20.7930747440892,39.7403680528773,67.3958756992217,64.1904761904762,72.7833333333333,,,65.454925111133,48.0154955323817,45.9408171691562,28.5013875904049,82.4573264477201,61.3170428439119,81.0344827586207,81.0344827586207,100.0,64.03,95.0,64.9865512413793,94.444100407285,100.0,56.8328890783652,87.355,69.9559788875749,74.1015070274647,93.0459524267605,89.75,72.29,69.6321,,,102.4726563,,,105.0950394,105.5156097,43.04413986,23.0,6.595
North Macedonia,MKD,2015,42.0811805725098,Europe & Central Asia,Transitioner,58.3907554638942,54.0538398776939,60.0276213505129,74.0740946887206,48.3651277602387,86.6,25.1536473132824,46.7619047619048,55.5757205272788,53.2503949958961,82.4858757062147,65.58,73.6005166551724,83.0417674109894,53.6980763669651,27.0333333333333,99.0,97.0,70.0,,9.11815416111628,12.2813716380134,54.0614161407175,52.3809523809524,38.3333333333333,,,67.5888833168316,59.6360870137866,51.5567534029522,43.5211583755446,61.9793146749438,44.5214753168483,73.7288135593221,73.7288135593221,100.0,65.58,97.8,49.4010333103448,81.2734082397004,84.8101265822785,57.4624818076271,42.6395,38.8795298801041,79.1857399487644,60.7842943397438,21.7171717171717,27.0333333333333,70.3802,,,95.62700653,14.40654,9.42686,96.88581848,84.98362732,42.08118057,93.0,5.007
North Macedonia,MKD,2016,,Europe & Central Asia,Transitioner,63.3400809015101,62.8068652158769,62.2864996842184,77.1736849680553,53.3143567755012,97.14,36.4962106587398,46.7619047619048,58.7460272826591,55.7272840747797,82.4858757062147,75.56,74.6671027241379,81.2939521800281,56.8012793027099,39.3666666666667,99.7,98.0,95.0,,14.078617019039,24.1538755117475,71.2561394454329,52.3809523809524,38.3333333333333,,,72.1104872426955,60.9157979865347,56.6091445629618,45.3486793384442,64.1594733424954,47.295094807064,73.728813559322,73.7288135593221,100.0,75.56,97.8,51.5342054482759,77.7777777777777,84.8101265822785,57.9282790297564,60.87,43.5794244484361,81.3547755800351,60.7842943397438,19.8492462311558,39.3666666666667,72.1568,,,,,,,,,95.0,5.121
North Macedonia,MKD,2017,43.5097694396973,Europe & Central Asia,Advanced,66.1371499327295,68.1088966628537,63.0020343298447,77.4877537314592,57.5427235791575,99.74,47.1512892761819,46.7619047619048,59.6856828756698,56.5764650958347,82.4858757062147,78.09,75.0268796551724,79.346381539205,59.0034044739469,51.7,99.7,100.0,99.5,,23.9040735884745,39.6363112171623,77.9134830229087,52.3809523809524,38.3333333333333,,,72.9598541507248,61.7387260172825,57.6649515827352,46.3791997519367,64.8962084895637,48.2567217021057,73.728813559322,73.7288135593221,100.0,78.09,97.8,52.2537593103448,81.2734082397004,77.4193548387097,62.6885005311475,66.2,45.9120523870717,82.2564858887137,60.7842943397438,20.5513784461153,51.7,74.5168,,,94.15418243,14.91335,8.74033,95.20240784,84.6865387,43.50976944,92.0,5.17500019073486
North Macedonia,MKD,2018,43.8547897338867,Europe & Central Asia,Advanced,68.5043662138578,70.9351322794782,62.0006326768389,78.5561054134169,63.7434495868777,99.808,54.148878317743,46.7619047619048,54.9731737858238,58.785470053166,82.4858757062147,79.73,75.3866565862069,80.5516596540439,59.6793119835971,80.0,99.7,100.0,99.67,,30.7510703278602,52.4164666249971,79.2790980003717,52.3809523809524,38.3333333333333,,,66.2326603351714,58.540899432744,51.40633791415,43.71279746123,66.8173586210694,50.7535814852625,73.7288135593221,73.7288135593221,100.0,79.73,97.8,52.9733131724138,78.494623655914,82.6086956521739,62.8920030126797,71.53,47.3074044603313,80.3978581052309,60.7842943397438,22.5,80.0,79.1678,,,94.16026306,,,95.56038666,83.35339355,43.85478973,89.0,5.185
North Macedonia,MKD,2019,43.1991004943848,Europe & Central Asia,Advanced,68.8707333376946,74.0715395619212,58.9534546626891,78.1889341326902,65.8920327242876,100.0,61.7978965238507,46.7619047619048,47.6439050517169,58.4967937518985,82.4858757062147,80.45,74.919481137931,79.1973212601396,61.1250409053595,84.96,100.0,100.0,100.0,,38.6578725823018,64.4118703754295,82.3239466138209,52.3809523809524,38.3333333333333,,,55.2673288960601,55.2673288960601,40.0204812073738,40.0204812073738,66.7555029166036,50.2380845871934,73.7288135593221,73.7288135593221,100.0,80.45,97.8,52.0389622758621,82.078853046595,76.3157894736842,63.3730576644,72.825,50.4150288929786,81.1981125743988,60.7842943397438,26.8844221105528,84.96,81.4129,,,91.14946747,,,93.65384674,82.53128052,43.19910049,84.0,5.274
Mali,MLI,2015,5.12750941173932,Sub-Saharan Africa,Discoverer,22.1666481098417,19.1763978279031,26.6512847666316,19.7681572241111,23.8972947910233,24.744,7.05413742690058,32.2857142857143,17.7724950273145,14.5043730035562,68.7026877714166,31.05,22.4269658448276,5.82750582750583,27.9049518221125,7.86666666666667,78.0,22.86,0.0,,7.63416666666667,5.89666666666667,7.63157894736842,23.8095238095238,45.0,,,35.8919825963431,13.9285710461922,21.2694264667229,0.0,22.4249242404339,6.58382176667862,73.728813559322,32.3792497549278,100.0,31.05,33.0,11.8539316896552,2.56410256410258,9.09090909090908,59.4130120774254,11.4025,3.69434570068074,46.0234936156982,17.806581767391,13.7721518987342,7.86666666666667,10.33,3.801520109,33.0,48.50984955,42.70695,19.19297,72.14444733,40.11573029,5.280960083,138.0,3.995
Mali,MLI,2016,,Sub-Saharan Africa,Discoverer,24.6277380611703,23.9828457811195,29.8388237482364,20.9337916228143,24.5565749160323,26.228,17.5862573099415,32.2857142857143,18.330312189405,22.0926162790213,68.3482618043295,36.16,22.0959203229885,4.54545454545454,28.962385311707,6.93333333333333,78.0,26.57,0.0,,8.86666666666667,7.05,36.8421052631579,23.8095238095238,45.0,,,36.6232151035215,14.6598035533706,22.0008208254394,0.0374092752884803,30.0130798463158,14.1721527117268,73.7288135593221,31.3159718536664,100.0,36.16,33.6666666666667,10.5251739793103,0.0,9.09090909090908,59.0992439735105,9.42,6.31388500658038,50.1716894952638,17.806581767391,13.4210526315789,6.93333333333333,14.0,3.094779968,,48.57241821,39.08605,19.4834,73.56410217,41.21068954,3.650790453,135.0,4.073
Mali,MLI,2017,,Sub-Saharan Africa,Discoverer,27.7230055455267,30.9348421343186,30.3201491352543,24.5495923978682,25.6529741962698,33.804,27.3902481929392,32.2857142857143,19.1179253682536,22.4984624131422,68.3679701134799,37.38,22.5935635183908,13.6752136752137,30.5662177453373,6.0,81.0,36.81,7.2,,9.85668886526482,13.3198498179254,58.9942058956275,23.8095238095238,45.0,,,37.4105695467182,15.4471579965673,22.7886927399399,0.825281189788951,30.4186456834805,14.578279142804,73.7288135593221,31.3750967811175,100.0,37.38,34.3333333333333,10.8537937034483,27.3504273504273,0.0,54.9884909449401,17.905,7.64415850988239,56.639357504473,17.806581767391,13.6,6.0,18.9,3.789769888,,46.93080139,38.22009,17.43224,76.44680786,39.57368851,4.164893627,127.0,4.19000005722046
Mali,MLI,2018,,Sub-Saharan Africa,Discoverer,29.7766910149274,40.1978222763419,33.0633384481624,22.0278253626886,26.8525098377032,55.0,29.3516985479977,32.2857142857143,19.6819061120564,28.9983901070169,67.9560998026654,38.28,23.0709658,4.73251028806583,31.440637297129,8.5,81.0,66.0,31.0,,10.2903779085218,12.962367785169,64.8023499503021,23.8095238095238,45.0,,,37.9743409206835,16.0109293705325,23.3528828535802,1.38947130342928,36.9183465600311,21.0784336540026,73.7288135593221,30.1394858486741,100.0,38.28,35.0,11.1419316,9.46502057613166,0.0,54.6728668165501,26.39,7.4070924688091,57.3641454328945,17.806581767391,13.515,8.5,21.4,3.55817008,35.0,,37.82669,,72.09474945,38.92816162,4.966517925,118.0,4.447
Mali,MLI,2019,,Sub-Saharan Africa,Discoverer,29.7241889654619,47.1005505732927,18.8939294896658,31.2315099918853,28.0865760000567,64.8,36.8085192903745,32.2857142857143,5.63158891063447,7.05612061358679,69.0942283998863,39.09,22.9805983517241,31.6239316239316,32.7782200000708,9.32,100.0,71.0,41.0,,15.1121506330594,19.9917134035292,75.3216938345348,23.8095238095238,45.0,,,17.5013596741473,2.1454424391901,2.87955352920052,0.0,14.1122412271736,0.0,73.728813559322,33.5538716403369,100.0,39.09,35.0,10.9611967034483,18.8034188034188,44.4444444444445,54.3615682797153,30.55,8.04949068068063,61.3009592725671,17.806581767391,14.195,9.32,24.9603,3.555049896,,,,,,,4.734406471,128.0,4.39
Malta,MLT,2015,48.0389709472656,Europe & Central Asia,Advanced,69.3190867512077,61.3300103833298,71.8498206521793,76.5660334481128,68.4347136453925,99.2,36.6650259583244,34.92,76.7408326298888,71.1716655299367,63.4241069412455,66.92,81.439447862069,81.3386524822695,76.3350587234072,36.8333333333333,100.0,99.0,99.0,,22.606873840902,20.3676397892698,67.0205642448015,33.3333333333333,37.3,,,88.8179510910121,76.327131894656,77.084006648518,64.7342408853689,77.4511481599672,64.8921828999061,59.8360655737705,63.2231404958678,67.2131147540984,66.92,94.5,68.3788957241379,75.177304964539,87.5,81.5844939053415,59.9335,49.7682530477645,96.5375465919691,75.604682232765,96.427135678392,36.8333333333333,75.96,5.023980141,,98.23544312,13.49445,7.79572,100.3055115,95.15711975,46.94681931,37.0,6.302
Malta,MLT,2016,49.2171897888184,Europe & Central Asia,Advanced,72.6098046646484,63.6405305809817,72.0117188412123,83.8024005950907,72.3748447523756,99.2,42.4413264524543,34.92,72.4530636577406,74.1132344640915,66.925997962397,79.62,81.7002054482759,90.0869963369963,80.8768892738029,38.3666666666667,100.0,99.0,99.0,,24.0356044838516,26.0136732090829,77.2747016644286,33.3333333333333,37.3,,,79.4565546818454,77.0308671622673,67.8070898410986,65.5177429457514,80.349510081371,67.876958846812,59.8360655737705,73.7288135593221,67.2131147540984,79.62,94.5,68.9004108965517,92.6739926739927,87.5,81.8009795071761,79.71,61.2329788155008,97.9885501744746,75.604682232765,95.8045112781955,38.3666666666667,78.0751,5.107659817,,98.25766754,13.02685,7.21022,99.94046021,94.97657013,48.12607956,30.0,6.488
Malta,MLT,2017,54.0890197753906,Europe & Central Asia,Advanced,73.9957375312722,65.1636180129783,73.9140144434895,84.4350556908651,73.7177445444619,99.2,46.2490450324457,34.92,76.8042109209366,74.5178262065886,66.925997962397,82.25,81.581482862069,89.4736842105263,82.1721806805774,39.9,100.0,99.0,99.0,,29.4036676526034,34.2158647821465,75.127602662587,33.3333333333333,37.3,,,85.8401691878186,79.3991499051713,74.1476185281452,67.8299060626111,80.784499954642,68.2511524585352,59.8360655737705,73.728813559322,67.2131147540984,82.25,94.5,68.6629657241379,78.9473684210526,100.0,81.698472965664,81.87,65.9057300913206,99.0345181131373,75.604682232765,95.365,39.9,81.0119,4.560790062,,99.48516846,12.93931,7.11247,99.60999298,103.1384125,52.8446312,27.0,6.52699995040894
Malta,MLT,2018,57.8407592773438,Europe & Central Asia,Advanced,77.6556402984737,72.2976172069442,75.1558837948912,87.981089517443,76.0704024391148,99.2,50.8459477792652,61.3961904761905,78.5911462389442,75.8355642670852,66.925997962397,83.9,81.7976545172414,98.2456140350877,83.1130030488936,47.9,100.0,99.0,99.0,,35.7017743665263,38.8595873417316,77.9764816295376,61.9047619047619,60.6333333333333,,,88.1705660596654,80.4095122662817,76.7045789170764,69.0799277127532,81.9724225669132,69.6987059672572,59.8360655737705,73.7288135593221,67.2131147540984,83.9,94.5,69.0953090344828,96.4912280701754,100.0,82.9231883609567,84.03,70.3360657220198,97.1835789287263,75.604682232765,95.005,47.9,81.658,4.923611164,,100.4094391,,,99.59832764,104.6425095,56.81111145,22.0,6.627
Malta,MLT,2019,58.4985084533691,Europe & Central Asia,Advanced,78.1554634692997,74.6965703646113,69.7315362280774,88.9880917701149,80.4962376727175,99.2,56.843330673433,61.3961904761905,66.0483952614432,74.8174463275518,66.925997962397,84.52,82.4442753103448,100.0,84.1765470908968,65.775,100.0,99.0,99.0,,37.3608685070007,47.266314299591,85.9028092137072,61.9047619047619,60.6333333333333,,,72.1081560926528,72.1081560926528,59.9886344302335,59.9886344302335,81.3821872280289,68.2527054270746,59.8360655737705,73.728813559322,67.2131147540984,84.52,94.5,70.3885506206897,100.0,100.0,83.0946798656787,82.605,76.671697772509,96.6841755835316,75.604682232765,95.05,65.775,85.7786,4.899350166,,98.28354645,,,98.17488861,104.5057297,58.53686905,22.0,6.726
Myanmar,MMR,2015,,East Asia & Pacific,Emerging,36.6914923673122,27.7260041771094,39.519319926357,58.2987006919499,28.3730408262326,45.8,11.2769152046784,24.4761904761905,26.7028843202084,24.9453433456119,94.3001443001443,43.03,58.5711607931034,73.2949412827462,26.9079676994574,34.2333333333333,73.0,78.0,0.0,,4.69916666666667,6.5,22.6315789473684,28.5714285714286,18.3333333333333,,,43.3452228025234,24.7859748016852,28.6197938387316,10.0605458378934,32.9216173676659,16.969069323558,100.0,82.9004329004328,100.0,43.03,82.8,34.3423215862069,95.3703703703704,51.219512195122,10.3231870506609,9.152,12.1884805741448,41.929292544171,52.8978783283105,25.25,34.2333333333333,10.9,2.245604277,,,,,,,,129.0,4.307
Myanmar,MMR,2016,,East Asia & Pacific,Emerging,42.2548064078937,37.5236452263159,46.0487113935541,60.2192383894635,30.6370329653101,56.68,23.5576844943612,27.1428571428571,32.2999656523978,35.6717406814154,94.3001443001443,55.95,55.8547158275862,68.8529993408042,30.729624539971,30.2666666666667,95.0,87.0,7.2,,10.1862928107068,13.7472213013439,46.7395393710328,28.5714285714286,25.0,,,48.9423827928663,30.3831347920281,34.2167965127676,15.6575485119294,43.6480999164689,27.6953814463619,100.0,82.9004329004328,100.0,55.95,75.6,36.1094316551724,86.4864864864865,51.219512195122,10.4877061907656,15.942,24.9566402372647,44.7098979435142,52.8978783283105,25.25,30.2666666666667,16.0,2.158088446,75.55120087,,22.04141,24.04989,117.9385223,67.00341034,,119.0,4.395
Myanmar,MMR,2017,,East Asia & Pacific,Emerging,45.5777663994145,48.8732813471742,55.9808344324166,50.0599369487404,31.5072855004171,66.342,35.5078700346023,40.6666666666667,57.8147609587476,34.9872529722217,94.3001443001443,59.52,58.9716041954023,31.6882066508189,32.8091068755214,26.3,94.83,89.96,28.48,,15.1158320473063,30.5204195403039,60.8873585161967,33.3333333333333,51.6666666666667,,,72.8866404340145,54.3273924331762,61.302129484319,42.7428814834808,41.2621964033067,28.7123095411366,100.0,82.9004329004328,100.0,59.52,80.0666666666667,37.8765417241379,35.0641118832991,28.3123014183387,10.8239918698408,19.431,30.4894443828515,47.4937197966042,52.8978783283105,25.25,26.3,23.6211,2.166529894,,,23.04535,26.41848,120.0536804,71.26007843,,114.0,4.54500007629395
Myanmar,MMR,2018,20.3723297119141,East Asia & Pacific,Transitioner,50.7048478171229,60.6477578772138,63.8270165557658,53.7238222921425,31.7842330072754,76.566,54.720061359701,40.6666666666667,70.7125738897676,41.7048953495747,94.3001443001443,62.77,62.0884925632184,36.3129743132092,35.4302912590942,17.2,94.83,90.0,54.0,,28.0870041377174,63.9658679849617,72.107311956424,33.3333333333333,51.6666666666667,,,80.4088051895992,72.6007006442882,68.824447135247,61.016342589936,47.9797559623488,35.4300347368006,100.0,82.9004329004329,100.0,62.77,84.5333333333333,39.6436517931034,51.567822871753,21.0581257546653,14.7047311686429,22.92,39.7327589767513,45.7310878217665,52.8978783283105,25.25,17.2,29.379,1.992490053,,103.5884323,24.3599,27.24679,118.8519974,75.64698029,20.3939209,130.0,4.308
Myanmar,MMR,2019,,East Asia & Pacific,Transitioner,53.2572655038395,66.9653724933047,58.5102737394636,59.4158119013432,34.5565995511393,87.03,60.0500978999284,40.6666666666667,48.1168600112143,48.1588243374447,100.0,66.08,65.2053809310345,46.9620547729952,36.4944994389241,26.805,95.15,90.0,80.0,,28.6768129972137,71.7359352307332,79.7375454718384,33.3333333333333,51.6666666666667,,,68.7261492025795,39.0921287682152,57.1415912542133,27.5075708198491,54.4337932261431,41.8838554487464,100.0,100.0,100.0,66.08,89.0,41.410761862069,53.7320049104753,40.1921046355151,14.7798751171934,24.4,41.2498528837278,48.7198908653886,52.8978783283105,25.25,26.805,36.5405,1.999760032,89.0,,,,,,,131.0,4.36
Montenegro,MNE,2015,63.9372711181641,Europe & Central Asia,Transitioner,62.7977800632285,54.1495365347485,65.2821693675986,75.8403708975516,58.007933713536,84.7,31.1214603844903,39.1047619047619,60.625419052758,62.5239819572749,80.1120448179272,63.58,82.7621541941086,81.1789584985461,62.6265838085867,39.5333333333333,99.5,97.0,65.0,,14.8930625053265,18.9704772666399,59.5008413815044,32.952380952381,48.3333333333333,,,72.4661821540759,63.5811521316758,57.6808042864249,48.7735376388555,70.6514294666055,54.3965344479442,70.1680672268908,70.1680672268907,100.0,63.58,98.5344009399414,66.9899074482759,93.127147766323,69.2307692307692,100.0,60.4355,41.0343820774445,70.7456661841667,49.4101207813222,43.45,39.5333333333333,68.1198,,,99.93222046,,,101.2036209,91.86341095,63.93727112,82.0,5.192
Montenegro,MNE,2016,59.1839218139648,Europe & Central Asia,Advanced,66.4273820769284,64.0362156349897,62.6570262990867,80.7386469748119,60.105144197519,89.9,39.900062896998,60.5809523809524,59.5475800970673,57.0389632416857,80.1120448179272,79.77,83.0388896423845,79.4070512820513,64.914763580232,40.8666666666667,99.5,97.0,78.0,,20.1241588813481,25.5371591462993,74.0388706633465,61.5238095238095,59.1666666666667,,,72.593876199528,61.432633172751,57.6737512248153,46.4900597911751,65.086474654025,48.9914518293465,70.1680672268908,70.1680672268908,100.0,79.77,98.5344009399414,67.5433783448276,89.5833333333334,69.2307692307692,100.0,68.116,45.8243725616298,73.556324558208,49.4101207813222,43.45,40.8666666666667,69.8816,,,97.46122742,,,100.1745911,90.55751801,59.18392181,88.0,5.161
Montenegro,MNE,2017,60.9102210998535,Europe & Central Asia,Advanced,67.4172112729407,71.1200825626631,58.5664481379221,80.8945642151175,61.3087776318588,96.7,50.8097302161815,60.5809523809524,50.4830481295651,55.8770498062766,80.1120448179272,82.37,81.6703045389362,78.6433881064163,66.0859720398234,42.2,99.5,97.0,95.0,,27.8058965651403,37.0871349270775,87.5361591563267,61.5238095238095,59.1666666666667,,,61.7600360356971,54.6173479497994,46.3499086231511,39.2048999096128,63.9662718304871,47.7878277820662,70.1680672268908,70.1680672268908,100.0,82.37,98.5344009399414,64.806208137931,82.6388888888889,74.6478873239437,100.0,67.393,49.0547466797057,76.5434927380892,49.4101207813222,43.45,42.2,71.2723,,,97.76406097,,,100.9432526,90.60222626,60.9102211,83.0,5.23699998855591
Montenegro,MNE,2018,58.1831512451172,Europe & Central Asia,Advanced,71.0075241070518,72.5799981684584,61.0660186422727,86.6959293986814,66.1610233554313,97.1,54.0595192306699,60.5809523809524,55.3907907981149,57.2182333986033,80.1120448179272,84.0,82.3019920906604,93.7857961053837,66.7262791942891,63.9,99.5,97.0,96.0,,34.1729342692244,40.022705993843,87.9829174289423,61.5238095238095,59.1666666666667,,,68.8723041819327,57.1757027805002,53.6048581157377,41.9102981142891,65.3080803425999,49.1283864546067,70.1680672268908,70.1680672268908,100.0,84.0,98.5344009399414,66.0695832413793,93.127147766323,94.4444444444444,100.0,66.67,52.3040736948549,76.8572014952685,49.4101207813222,43.45,63.9,71.5171,,98.53440094,100.5366211,,,103.264473,91.44426727,58.18315125,81.0,5.347
Montenegro,MNE,2019,56.2633209228516,Europe & Central Asia,Advanced,71.2967965886839,74.3266656119908,59.1885450015226,89.0108254899902,65.9864744874656,97.504,58.0221878395008,60.5809523809524,54.8465362045957,55.3837794672548,75.4820936639118,84.63,82.4024764699707,100.0,67.841843109332,58.565,99.58,97.0,96.97,,35.481199230422,49.9732305627496,88.6121337253307,61.5238095238095,59.1666666666667,,,63.7599288201571,60.9827075808678,48.7113470815706,45.9321613357873,63.6596736802824,47.1078852542272,63.2231404958678,63.2231404958677,100.0,84.63,98.5344009399414,66.270552,100.0,100.0,100.0,60.395,60.5505286459739,77.326066119364,49.4101207813222,43.45,58.565,73.4767,,,98.68656158,,,103.651741,91.84033203,56.26332092,73.0,5.523
Mongolia,MNG,2015,70.3587265014648,East Asia & Pacific,Transitioner,55.8417651215562,42.8185497076023,58.6179933096657,80.545933611098,48.0983336007954,57.8,25.7130409356725,47.0666666666667,52.4621874657058,46.9327236583863,94.3001443001443,62.24,79.397800833294,100.0,51.3562503343276,35.0666666666667,99.0,95.0,0.0,,8.75,7.07333333333333,61.3157894736842,44.0,51.6666666666667,,,59.8099724586418,57.7838086959913,47.1405662354204,45.1144024727699,53.7953186959645,40.070128620808,100.0,82.9004329004328,100.0,62.24,96.8963470458984,61.8992546206897,100.0,100.0,44.912287148334,56.433,40.0380094169398,75.7699179835137,67.8445371228504,0.0,35.0666666666667,22.5,4.387156487,,99.2064743,28.222,,98.00402628,,71.42999268,100.0,4.874
Mongolia,MNG,2016,65.2477111816406,East Asia & Pacific,Transitioner,59.2892307733634,52.2489184832355,62.3153521419489,78.5339399674199,48.325184212406,60.56,31.6718200176126,76.7809523809524,52.7666667749825,55.8716414298176,94.3001443001443,56.18,79.4218199022596,100.0,53.1731469321741,28.9333333333333,99.0,95.0,6.9,,10.2775357516498,11.9565843621646,72.7813399390234,86.8571428571429,61.6666666666667,,,60.2544710249354,58.2283072622849,47.3050262876802,45.2788625250297,62.8859239958308,48.8573588638044,100.0,82.9004329004329,100.0,56.18,96.8963470458984,61.9472927586207,100.0,100.0,44.9345944211188,51.449,48.974906237542,78.3871968793595,67.8445371228504,0.0,28.9333333333333,22.2658,5.200432777,,96.74391937,29.69343,,97.64021765,,66.97664642,101.0,4.907
Mongolia,MNG,2017,64.4055709838867,East Asia & Pacific,Transitioner,61.0151019770378,56.7741525370171,61.045961274518,79.6119463237417,50.2300403720153,66.2,33.1544289615905,85.1619047619048,52.1221672490383,53.3426637871846,94.3001443001443,59.39,79.4458389712251,100.0,57.0875504650192,22.8,99.0,95.0,21.0,,9.91170940450136,18.606296235804,70.9452812444661,96.3809523809524,68.3333333333333,,,59.609893075606,57.5837293129555,46.6606051851211,44.6344414224706,60.3568613945306,46.3284661798386,100.0,82.9004329004328,100.0,59.39,96.8963470458984,61.9953308965517,100.0,100.0,48.819217408847,55.5845,60.7026620673218,80.2790857260767,67.8445371228504,0.0,22.8,23.7143,4.318223953,,93.27452087,30.37955,,96.3200636,,65.4128418,100.0,4.95499992370605
Mongolia,MNG,2018,65.1030502319336,East Asia & Pacific,Transitioner,63.0685941956515,61.7991120082705,56.8589009143916,80.6032860133969,55.8623446520894,75.8,36.1168276397238,85.1619047619048,54.5698388351888,40.427341300718,94.3001443001443,62.34,79.4698580401906,100.0,58.2029308151117,46.5,99.0,95.0,45.0,,12.0574055150714,25.2540585994963,71.0390188046036,96.3809523809524,68.3333333333333,,,62.1507766182198,60.1246128555693,49.0150648148084,46.9889010521579,47.5425185275659,33.3121640738702,100.0,82.9004329004328,100.0,62.34,96.8963470458984,62.0433690344828,100.0,100.0,48.7615227817527,59.72,65.6617089991874,78.8868851717683,67.8445371228504,0.0,46.5,47.13,3.997427225,96.89634705,97.20264435,30.38318,,96.7014589,91.14496608,65.64924622,94.0,5.125
Mongolia,MNG,2019,67.970817565918,East Asia & Pacific,Transitioner,62.8294190493944,65.3820048479626,54.09990452081,81.8399301158938,53.830968586536,81.6,39.2740597389541,85.1619047619048,49.1770570494292,38.9226321025237,94.3001443001443,65.5,80.0197903476815,100.0,58.2012107331699,36.35,100.0,95.0,59.0,,14.4233244102522,34.4273247959865,68.9715300106237,96.3809523809524,68.3333333333333,,,62.4117667984452,49.0820133261385,49.2721007727198,35.9423473004131,46.0399511997917,31.8053130052558,100.0,82.9004329004328,100.0,65.5,97.9481735229492,62.0914071724138,100.0,100.0,48.5088967918221,56.33,66.7068499161759,79.7807698350013,67.8445371228504,0.0,36.35,51.08,3.652369738,,96.70225525,,,96.09524453,89.15584236,67.62815857,83.0,5.285
Mozambique,MOZ,2015,6.73181717702859,Sub-Saharan Africa,Discoverer,22.7826735962447,17.5543746031746,26.0441517171692,31.1827635400955,18.8976835682521,26.688,4.63888888888889,25.1180952380952,12.9582011356623,14.6712267228208,74.9619028688796,31.02,44.6920333103448,17.8362573099415,20.9221044603151,10.8,72.0,30.72,0.0,,6.68333333333333,7.23333333333333,0.0,22.2857142857143,29.3666666666667,,,24.696454673636,24.696454673636,1.21994759768852,1.21994759768852,27.3876680556257,1.95478539001592,77.3504273504274,47.5352812562115,100.0,31.02,56.0,33.3840666206897,35.6725146198831,0.0,15.445603636242,25.893,3.4103572917656,28.4721988238694,27.6016056227463,33.4685138539043,10.8,6.5,6.010834217,56.0,51.83055115,54.66026,39.68606,114.5095673,34.76219177,6.810039997,94.0,4.971
Mozambique,MOZ,2017,7.24573099191356,Sub-Saharan Africa,Discoverer,31.881781129063,31.3017477025898,31.7300538121651,42.7189671030078,24.3506279549874,32.4,33.2953216374269,25.1180952380952,25.7635142965735,16.0807147550309,74.9618109576165,24.16,47.2540862758621,56.7428150331614,25.2882849437342,20.6,80.0,41.0,0.0,,12.5666666666667,16.2666666666667,71.0526315789474,22.2857142857143,29.3666666666667,,,36.7947603136809,36.7947603136809,14.7322682794661,14.7322682794661,28.031231273564,4.13019823649791,77.3504273504273,47.5350055224221,100.0,24.16,61.0,33.5081725517241,83.0508474576272,30.4347826086956,20.3488772053917,31.325,6.20761149732417,39.4316073355648,27.6016056227463,34.3784461152882,20.6,7.79633,5.48664999,61.0,49.80384064,52.43683,36.54379,112.0080719,37.01137924,7.240449905,113.0,4.55000019073486
Mozambique,MOZ,2018,7.4630510423433,Sub-Saharan Africa,Discoverer,29.6631854771894,36.5915869007942,31.9086586551972,27.1495569360557,24.4241022938985,38.4,31.9484910615094,42.2609523809524,26.3733880376305,15.9173513717141,74.9618144572967,25.11,47.1080567816092,9.23061402655792,26.5801278673731,15.8,80.0,48.0,8.0,,10.4405371706944,14.929146064552,70.4757899492818,50.8571428571429,29.3666666666667,,,37.4051717216779,37.4051717216779,15.3416043535831,15.3416043535831,27.8684503627655,3.96625238066282,77.3504273504273,47.5350160214629,100.0,25.11,60.6666666666667,33.5494468965517,18.4612280531158,0.0,20.6606186372602,42.36,7.36901484009054,39.6956502367687,27.6016056227463,32.7875,15.8,10.9,5.389760017,,55.00016022,55.27379,,116.089798,30.33686508,7.454080105,123.0,4.417
Mozambique,MOZ,2019,,Sub-Saharan Africa,Discoverer,31.452378965988,40.3060842017411,25.7548684091797,35.2002015081564,26.7817472067034,49.52,30.1147343138766,42.2609523809524,15.5651328932702,11.3411198237739,74.9618366118102,25.84,47.3512171494253,32.4093873750438,28.4796840083792,19.99,85.0,56.1,25.2,,10.5068041983478,16.034801430283,63.8025973129992,50.8571428571429,29.3666666666667,,,38.1630726276208,7.9973818985084,16.1000770469517,0.0,22.6822396475477,0.0,77.3504273504274,47.5350824850031,100.0,25.84,60.3333333333333,34.3691009655172,43.623317067776,21.1954576823116,21.6546528425367,47.06,7.8878906252415,43.4983826264986,27.6016056227463,36.4517766497462,19.99,12.4793,6.286394119,,58.01353073,,,119.0659866,31.9430628,7.301475048,123.0,4.466
Mauritania,MRT,2015,5.88425001273035,Middle East & North Africa,Discoverer,28.4993568792253,20.6046098568099,34.8562660426722,55.5567647065266,16.5332424541535,34.232,1.52638888888889,31.5062715062715,28.4305958693047,24.5181309900085,68.3838764947342,46.64,43.1072171965029,76.9230769230769,16.9998864010252,14.6666666666667,90.0,40.58,0.0,,2.40916666666667,2.17,0.0,32.9718614718615,29.3078865578866,,,41.8083118221789,28.4785583498722,28.3826333887373,15.0528799164306,31.7903734747894,17.2458885052277,73.728813559322,65.3211210096264,66.1016949152543,46.64,65.1120223999023,21.1024119931035,100.0,53.8461538461539,18.1688276078823,5.623,5.25124060559307,42.4951714757801,4.37775560700984,23.7898734177215,14.6666666666667,17.6,2.829566002,65.1120224,66.717659,35.81193,33.54677,96.38195038,31.06388092,5.870379925,124.0,4.436
Mauritania,MRT,2016,5.56245834327609,Middle East & North Africa,Discoverer,31.0961771453501,21.3252671667514,41.0124605189583,54.5597630737055,19.5949980617442,34.828,2.73203216374269,31.5062715062715,30.4887269192754,31.6438700040438,80.7971087481533,50.68,40.4621772103204,72.5371120107962,20.835414243847,14.6333333333333,90.0,42.07,0.0,,2.1575,3.93333333333333,2.10526315789473,32.9718614718615,29.3078865578866,,,43.8680937609515,30.5383402886449,30.4391135499059,17.1093600775992,38.9179009516936,24.3698390563941,84.7826086956522,57.6087175488076,100.0,50.68,59.3060111999512,21.6183432206897,91.2280701754386,53.8461538461539,19.4313646662689,6.522,10.4725991749053,52.1193517710508,4.37775560700984,29.03,14.6333333333333,19.2328,1.944059968,,,36.36696,26.36771,88.46540833,32.04801178,5.549109936,130.0,4.201
Mauritania,MRT,2017,5.15614020144375,Middle East & North Africa,Discoverer,29.838209513617,21.1746765234765,35.7591957913672,49.2999298215339,21.2344104432583,34.828,2.35555555555556,31.5062715062715,30.2792024909132,31.8498382146334,54.5378975457426,52.6,35.9741385896552,59.3256508749467,22.8930130540729,14.6,90.0,42.07,0.0,,2.8,4.26666666666667,0.0,32.9718614718615,29.3078865578866,,,43.4642487136739,30.1344952413673,30.4239097404591,17.0941562681525,38.9133551584581,24.7863212708087,73.7288135593221,6.83403162027874,83.0508474576271,52.6,53.5,18.4482771793103,67.1361502347418,51.5151515151515,37.7512721696372,11.246,14.4708736896742,36.540913804043,4.37775560700984,31.4025,14.6,21.0172,,,64.44998169,36.35033,23.70599,87.74183655,31.62400055,5.143219948,123.0,4.29199981689453
Mauritania,MRT,2018,5.13275480775448,Middle East & North Africa,Discoverer,32.9765892674005,28.8727162895584,37.4878853091641,51.8335150351962,21.0782083527613,42.2,14.2286549707602,31.5062715062715,35.3431040781545,31.0711517259187,54.6109149376745,53.91,36.6410798911837,64.9494652144048,23.6727604409516,10.7,95.0,58.0,0.0,,4.03333333333333,7.6,31.0526315789474,32.9718614718615,29.3078865578866,,,52.4288459034203,31.3016865059566,39.3845216503523,18.2573622528886,38.1368273629972,24.0054760888402,73.7288135593221,7.05308379607414,83.0508474576271,53.91,55.5098864237467,17.7722733586207,57.8059071729957,72.0930232558139,37.6733051887714,15.97,17.3318996385952,33.8358417703815,4.37775560700984,34.32,10.7,22.967,,,69.65589142,34.27814,25.9167,90.32539368,35.39036942,5.11879015,126.0,4.356
Mauritania,MRT,2019,5.88823986461851,Middle East & North Africa,Emerging,35.457051686283,28.5893244766929,41.9236382780585,58.8331676264201,22.4143108741707,43.2,12.5201754385965,31.5062715062715,36.4853903037155,41.205990229132,54.2354303245972,54.94,39.1419204616778,82.4175824175824,24.3128885927134,14.82,96.0,60.0,0.0,,4.35,9.0,24.2105263157895,32.9718614718615,29.3078865578866,,,53.5561483979827,32.4556613615643,40.5151192458668,19.4146322094483,48.2698810198615,34.1420994384025,73.7288135593221,5.92662995684246,83.0508474576271,54.94,57.5197728474935,20.7640680758621,90.4761904761905,74.3589743589744,36.9960489956794,12.985,17.6906066724353,37.2612816884423,4.37775560700984,37.4925,14.82,25.0978,1.82317996,,66.28121948,,,90.71903229,37.45048141,5.869890213,122.0,4.49
Mauritius,MUS,2015,37.760738643162,Sub-Saharan Africa,Transitioner,59.4985288475446,47.9050309504949,61.0668290638566,71.1336343698744,60.2231430021097,71.8,28.9625773762372,38.0,62.4614036370549,45.2781327907024,89.8550724637681,58.62,79.5598272068966,75.2210759027266,58.5622620859705,66.8666666666667,99.0,90.0,40.0,,12.6785867018506,12.6955464206675,61.5135990061934,33.3333333333333,45.0,,,69.7225195882199,69.7225195882199,55.20028768589,55.20028768589,53.1443417377978,37.411923843607,84.7826086956522,84.7826086956522,100.0,58.62,93.0,66.1196544137931,67.3913043478261,83.0508474576271,63.8239152691471,58.767,36.3346248875173,78.2201054773965,45.9586035713017,78.1811224489796,66.8666666666667,50.1393,4.758470058,93.0,96.08599091,18.82093,12.87505,97.32071686,93.96820068,37.76073837,71.0,5.477
Mauritius,MUS,2016,38.4107692617261,Sub-Saharan Africa,Transitioner,63.2881465996839,53.4092288824075,64.6683778293514,71.6715083583801,64.8089060454979,83.512,31.0110722060188,38.0,63.63917990539,53.1042284361044,89.8550724637681,61.28,78.5134491724138,75.2210759027266,62.2777992235391,74.9333333333333,99.0,95.4,63.88,,13.3664877587546,14.9608139142974,64.7059149450044,33.3333333333333,45.0,,,70.9029349675749,70.9029349675749,56.3754248432051,56.3754248432051,60.9732964201381,45.2351604520708,84.7826086956522,84.7826086956522,100.0,61.28,93.0,64.0268983448276,67.3913043478261,83.0508474576271,64.2928807640397,70.29,47.9013787871062,79.3968974062753,45.9586035713017,77.3884711779449,74.9333333333333,52.1913,4.882070065,93.0,94.60578918,17.79444,,96.72160339,94.43624878,38.41077042,66.0,5.648
Mauritius,MUS,2017,39.6618786560902,Sub-Saharan Africa,Advanced,66.2603667271099,60.7440545018689,65.4566876630975,71.5091048146451,67.7947710237539,99.0,33.8601362546723,38.0,64.6756163014593,54.0385666244003,89.8550724637681,64.12,78.2219997586207,72.1853146853147,63.9934637796923,83.0,99.0,99.0,99.0,,13.7022480094487,17.0290765017686,70.8490842527995,33.3333333333333,45.0,,,71.9381432302287,71.9381432302287,57.41308937269,57.41308937269,61.9063041305671,46.1708291182334,84.7826086956522,84.7826086956522,100.0,64.12,92.15,64.2939995172414,65.9090909090909,78.4615384615385,64.6053558323071,71.605,54.0515079984649,80.8551159074154,45.9586035713017,77.3884711779449,83.0,55.4032,4.87887001,,91.75839996,17.93769,12.65226,96.47863007,92.54032898,39.66188049,64.0,5.62900018692017
Mauritius,MUS,2018,40.4078098261963,Sub-Saharan Africa,Advanced,66.3547139265553,61.8474622039099,65.5956156931149,69.2787576328502,68.974782076925,99.0,36.6186555097747,38.0,65.7344552145657,53.3270477863374,89.8550724637681,66.61,77.63207,63.5942028985507,64.2184775961562,88.0,99.0,99.0,99.0,,14.298804667093,20.3479418750633,75.2092199871679,33.3333333333333,45.0,,,72.9968322111984,72.9968322111984,58.472078217933,58.472078217933,61.1946228660229,45.459472706652,84.7826086956522,84.7826086956522,100.0,66.61,91.3,63.96414,56.5217391304348,70.6666666666667,64.9771373541836,72.92,59.4213747173626,78.3090223379333,45.9586035713017,71.9325,88.0,58.5962,4.674479961,,95.7337265,16.19841,10.9886,96.44940186,91.41713715,40.40781021,55.0,5.891
Mauritius,MUS,2019,42.9878710798151,Sub-Saharan Africa,Advanced,67.1700237828423,63.8653894520626,62.273933997669,71.6067580865887,71.4786150909921,99.0,41.6634736301565,38.0,56.9628624675713,53.794436294717,89.8550724637681,68.48,77.6832066896552,68.6570675701111,66.2370188637401,92.445,99.0,99.0,99.0,,19.8460581712276,29.1489702222697,75.9953924969721,33.3333333333333,45.0,,,72.5399956803044,55.8986378497599,58.0270870853828,41.3857292548382,61.6555951169663,45.9332774724678,84.7826086956522,84.7826086956522,100.0,68.48,91.3,64.0664133793103,52.8985507246377,84.4155844155844,65.4878670749977,71.46,65.3665922929963,80.759531379405,45.9586035713017,75.765,92.445,61.73,4.541950226,,92.64660645,,,95.42308044,93.13549805,42.98786926,57.0,5.888
Malawi,MWI,2015,0.809801002249246,Sub-Saharan Africa,Discoverer,19.9383676771134,21.3781152882206,14.4662051790041,31.7160153416478,16.1122334994651,32.4,8.5738596491228,24.9428571428571,10.8800262263074,7.55660243139313,35.4577685796197,30.33,50.078817,14.7392290249433,16.506958540998,14.5333333333333,82.0,40.0,0.0,,7.03333333333333,6.05666666666667,12.6315789473684,15.2380952380952,39.5,,,24.9301634274801,11.0429573229955,7.54698415475393,0.0,15.1132048627863,0.0,45.2569169960474,40.1677721420211,20.9486166007905,30.33,62.1,38.057634,18.3673469387755,11.1111111111111,21.8892226776419,19.5305,3.31930238978708,14.6515941793203,30.9094234582409,4.0,14.5333333333333,6.0,3.444496632,62.14353943,,69.50969,37.89961,138.3082616,40.23437119,,131.0,4.292
Malawi,MWI,2016,,Sub-Saharan Africa,Discoverer,23.4669678861107,32.302388931269,14.5011206703958,35.5488059100933,18.2123794596992,39.2799999237061,25.4807343092284,31.9904761904762,9.43792577588417,9.0859916102954,35.4577685796196,27.71,51.158639952502,27.7777777777778,19.8988076579573,11.4666666666667,82.0,50.0,7.19999980926514,,8.50786557640267,7.62802696294649,60.3063103883362,22.0952380952381,46.8333333333333,,,23.0066470023723,9.11944089788772,5.62561520327666,0.0,18.1719832205908,0.0,45.2569169960474,40.167772142021,20.9486166007905,27.71,63.7104534912109,38.6068264137931,44.4444444444444,11.1111111111111,28.6446040254321,21.739,3.74077643555696,23.3297343705566,30.9094234582409,4.0,11.4666666666667,6.3,3.244130611,,35.64341354,,,137.1082246,38.20877838,,132.0,4.156
Malawi,MWI,2017,,Sub-Saharan Africa,Discoverer,25.3174550581998,34.1684677978849,18.309579196163,35.3579990800926,18.5732815932386,46.3720001220703,23.0539312774038,31.9904761904762,17.6728037559786,10.372259944619,35.4577685796197,29.05,52.2404474567282,24.7835497835498,21.1166019915482,8.4,82.0,60.0,14.9300003051758,,8.55757007969612,9.38887688743803,51.2153468650771,22.0952380952381,46.8333333333333,,,33.307952062224,19.4207459577395,15.9248615542177,2.0376554497331,19.7881006364558,0.956419252782259,45.2569169960474,40.167772142021,20.9486166007905,29.05,65.3209069824219,39.1599879310345,40.4761904761905,9.09090909090908,28.4537885236593,23.7145,2.4828236877932,29.8797242880477,30.9094234582409,4.0,8.4,7.0,3.575054884,,,,,138.9619918,38.47988129,,136.0,3.97000002861023
Malawi,MWI,2018,1.6942403485732,Sub-Saharan Africa,Discoverer,29.3616904594316,44.8485717317533,19.6437472778308,37.3331052067946,22.5973313752498,65.6,30.5261912341453,31.9904761904762,20.6144796836804,10.7660042210867,35.4577685796196,30.28,53.3242538919888,28.395061728395,21.3716642190623,27.5,82.0,76.0,47.0,,10.7723895721609,15.2617706383462,65.5444134919287,22.0952380952381,46.8333333333333,,,37.1033634439582,19.4823878309937,21.7465715363671,4.12559592340259,19.0842665043653,2.4477419378082,45.2569169960474,40.167772142021,20.9486166007905,30.28,66.9313604736328,39.7171473103448,56.7901234567901,0.0,28.1511791156595,25.69,2.73934194560956,30.2133765758016,30.9094234582409,4.0,27.5,8.79829,3.3229599,,,58.67919,72.31002,136.8266886,38.45679092,,147.0,3.587
Malawi,MWI,2019,,Sub-Saharan Africa,Discoverer,28.1360961492457,49.2467987583034,13.1630711914937,41.1937110589416,23.4687092313117,70.8,35.5350921338537,33.5638095238095,5.31116157445693,9.86763211446749,35.4577685796196,31.29,54.4100737065598,37.8810594702649,21.2946365391396,32.165,84.0,80.0,55.0,,14.2026132613413,19.8880598717876,72.5146032684322,22.0952380952381,50.7666666666667,,,18.300129192537,0.0,2.94451710529071,0.0,18.1852553283926,1.55000890054241,45.2569169960474,40.167772142021,20.9486166007905,31.29,68.5418139648437,40.2783334482759,54.0229885057471,21.7391304347826,20.3853015184087,34.02,2.60561036939319,33.5628473496553,30.9094234582409,4.0,32.165,11.0586,,,76.29367065,,,139.5659635,35.09989929,,150.0,3.41
Malaysia,MYS,2015,44.289909239243,East Asia & Pacific,Transitioner,64.115183984855,54.8850140458702,65.0483406206046,72.2828154966545,65.481483371533,84.28,25.408725590866,55.047619047619,65.0527167107335,47.5681348407781,100.0,55.02,73.7976547931034,88.0307916968601,61.6601875477495,80.7666666666667,95.4,92.0,71.0,,14.1301029503653,23.9500582623367,38.1460155598959,42.8571428571429,73.3333333333333,,,73.9234612652766,73.9234612652766,56.1819721561904,56.1819721561904,57.1781081081998,37.9581615733563,100.0,100.0,100.0,55.02,95.0,52.5953095862069,95.7805907172996,80.2809926764206,60.7154666836289,69.7275,51.1220883015217,79.6261399558607,51.9886826711541,59.9696202531646,80.7666666666667,71.0641,4.703810215,,99.48930359,11.521,,98.80010707,84.55256653,44.86950302,61.0,5.77
Malaysia,MYS,2016,45.4034659569972,East Asia & Pacific,Advanced,67.8346000993871,64.0494613905345,65.9033920247625,72.5734447378026,69.1200571520309,91.2,38.0665106191935,61.7142857142857,64.6780109060384,50.0804691558679,100.0,57.03,74.3457938965517,86.3445403168562,65.1417381067053,85.0333333333333,96.0,95.0,85.0,,18.4368461649418,34.6503127231899,61.1123729694487,42.8571428571429,90.0,,,73.5489295819228,73.5489295819228,55.8070922301539,55.8070922301539,59.6906310547427,40.470307256993,100.0,100.0,100.0,57.03,95.0,53.6915877931034,92.4080879572917,80.2809926764206,60.9251238180855,71.739,62.9899198491064,82.4442141951804,51.9886826711541,62.9825,85.0333333333333,78.7883,4.345984459,95.0,96.04283142,11.61165,13.21255,99.92459754,83.69664001,46.40166855,47.0,6.005
Malaysia,MYS,2017,42.293211695146,East Asia & Pacific,Advanced,68.7484423738463,68.6390491613276,63.2572326329203,71.5150522536922,71.9403495760131,94.0,46.7404800461762,61.7142857142857,56.7877380521059,51.3553435301949,100.0,60.73,74.9587236551724,78.8564331059042,67.6004369700163,89.3,96.0,95.0,92.0,,21.1600218553036,41.7924828068144,77.2689354764106,42.8571428571429,90.0,,,65.7803505132691,65.7803505132691,47.7951255909426,47.7951255909426,61.0973403631218,41.613346697268,100.0,100.0,100.0,60.73,95.0,54.9174473103448,89.0355851972838,68.6772810145245,61.109193208767,80.3145,68.3494317474846,84.6551272226759,51.9886826711541,63.485,89.3,80.1405,4.184885025,95.0,93.76273346,11.6556,12.2751,100.6633154,83.71385193,43.66804504,42.0,6.08400011062622
Malaysia,MYS,2018,43.3100279300797,East Asia & Pacific,Advanced,70.3034010015158,70.9985692529271,62.5020848190472,75.0330963294424,73.3682855176615,94.36,52.279280275175,61.7142857142857,57.6026011831858,48.6526108644321,100.0,64.12,74.3205872758621,86.6587017124651,69.3853568970769,89.3,95.8,95.0,93.0,,25.7047279353309,50.9233565562348,80.2097563339592,42.8571428571429,90.0,,,66.5950129106169,66.5950129106169,48.6101894557547,48.6101894557547,58.3943902358158,38.9108314930484,100.0,100.0,100.0,64.12,95.0,53.6411745517241,85.663082437276,87.6543209876543,61.0958272011999,88.89,73.6159149755813,82.8663596374493,51.9886826711541,65.83,89.3,81.201,4.131948471,95.0,92.40920258,,11.40208,100.9367213,79.6654892,45.27841568,35.0,6.322
Malaysia,MYS,2019,40.8082966813944,East Asia & Pacific,Advanced,72.7452556379259,74.5723093085323,67.5838320235068,74.0656144882929,75.0207950242575,94.452,59.6930589856165,64.5714285714286,67.1798650173613,51.7797150414057,100.0,67.58,73.8761027241379,80.7407407407407,70.3559937803218,93.68,95.8,95.0,93.23,,32.1370304617885,65.5127412003642,81.4294052946969,47.6190476190476,90.0,,,80.6916126139481,71.6530812822993,62.7066487524232,53.6681174207745,61.5215704663983,42.0378596164131,100.0,100.0,100.0,67.58,95.0,52.7522054482759,81.4814814814815,80.0,60.9038366213124,87.09,78.3831116695418,83.7093379396009,51.9886826711541,66.5,93.68,84.1871,3.979539633,95.0,93.65409088,,,101.383614,80.59307861,43.19771576,80.0,5.339
Namibia,NAM,2016,21.4367036193,Sub-Saharan Africa,Emerging,47.0585726624605,48.4113680898727,58.7925025158226,66.6107813477496,25.8667086498906,64.028,35.2670868913484,43.4666666666667,55.6000381914822,46.4536818661901,89.8550724637681,44.9,66.9065325517241,88.0258114915246,31.2333858123632,4.4,100.0,65.0,45.07,,10.5400705471982,22.3184474533739,72.942742673473,33.3333333333333,58.6666666666667,,,84.4144155846048,56.3446918498848,54.8553845330796,26.7856607983596,62.4648236857662,30.442540046614,84.7826086956522,84.7826086956522,100.0,44.9,91.5,42.3130651034483,100.0,76.0516229830492,57.2303598348912,28.261,22.184839819057,11.9698247490333,22.2055124793434,56.8917843589823,4.4,31.0333,10.59279442,,,,,130.0841748,,22.00239944,113.0,4.574
Namibia,NAM,2017,22.4801755471009,Sub-Saharan Africa,Emerging,49.076483583062,52.1140284566883,59.5493605263171,66.7555324288934,28.0010770595976,65.72,42.8317378083874,43.4666666666667,55.0485412830893,48.8973238008195,89.8550724637681,47.0,66.9920874827586,86.2745098039216,33.351346324497,6.6,100.0,66.0,48.3,,12.6595030190841,34.5787535222648,81.2569568838134,33.3333333333333,58.6666666666667,,,83.8621449487149,55.7924212139949,54.3046613521836,26.2349376174636,64.9076274156073,32.8870201860317,84.7826086956522,84.7826086956522,100.0,47.0,91.5,42.4841749655172,100.0,72.5490196078431,57.3236041893688,36.7005,23.8982989023134,14.6013172328753,22.2055124793434,60.7554976371683,6.6,36.8374,9.708672523,,,,,133.5256985,,23.35707092,111.0,4.57399988174438
Namibia,NAM,2018,23.7001690404035,Sub-Saharan Africa,Emerging,49.2954175704868,54.5092163591356,56.8237319533176,67.4381638429119,28.2696720539137,70.0,44.5397075645056,43.4666666666667,49.755824619649,47.375969031761,89.8550724637682,48.57,67.077824862069,86.6666666666667,32.1620900673922,12.7,100.0,73.0,52.0,,13.7648966955732,37.0705685203289,82.7836574776148,33.3333333333333,58.6666666666667,,,80.7179179649083,48.3513092449323,51.1603399943656,18.7937312743896,63.386323765805,31.3656142977171,84.7826086956522,84.7826086956522,100.0,48.57,91.5,42.6556497241379,100.0,73.3333333333333,58.4625077032068,45.14,25.5547650981262,0.0,22.2055124793434,64.0353301125688,12.7,42.8,8.881122589,,100.3201675,25.09173,,134.2438881,,24.9616394,119.0,4.441
Namibia,NAM,2019,25.8966511201824,Sub-Saharan Africa,Emerging,49.0776688379608,56.3767999331158,48.5369232971079,70.7731001966794,29.956758536572,74.4,44.8086664994562,43.4666666666667,30.5430356595419,45.8717363513439,89.8550724637681,49.6,67.1637450344828,95.5555555555555,34.424698170715,12.085,100.0,78.0,58.0,,14.8398182245764,39.2073614670718,80.3788198067203,33.3333333333333,58.6666666666667,,,46.8043499923833,43.8399138418591,17.2461574772247,14.2817213267005,61.8824239637215,29.8610487389663,84.7826086956522,84.7826086956522,100.0,49.6,91.5,42.8274900689655,100.0,91.1111111111111,58.5696016841848,48.745,28.2770047543004,12.7046239463766,22.2055124793434,51.9884959787394,12.085,49.8,9.3225317,,,,,135.1364323,,27.74831009,113.0,4.639
Niger,NER,2015,3.24257822413642,Sub-Saharan Africa,Discoverer,15.8906552652657,16.6229047619048,14.2548818575081,12.4767168560881,21.5673291320422,23.6,2.78583333333333,30.3428571428571,2.54411604682425,0.998054000852022,64.1900691921879,20.57,16.8601505682642,0.0,24.0758280817194,11.5333333333333,80.0,19.0,0.0,,3.44416666666667,4.91333333333333,0.0,28.5714285714286,33.0,,,5.0882320936485,5.0882320936485,0.0,0.0,1.99610800170404,0.0,59.8360655737705,57.3243059372195,75.4098360655738,20.57,33.0474510192871,0.672850117241379,0.0,0.0,32.421322660079,9.922,0.779539656497799,36.2594276327097,40.7709817724418,10.3737373737374,11.5333333333333,2.47622,4.486690044,,70.86245728,36.6289,27.95952,74.57254791,20.8979702,3.430030107,144.0,3.845
Niger,NER,2016,3.45043638449437,Sub-Saharan Africa,Discoverer,17.9999229835711,16.8909047619048,13.8843506823551,19.1658572946461,23.3547837267774,24.0,3.05583333333333,30.3428571428571,4.97248895336392,4.71162648356123,50.0535225379253,26.18,17.6812082475746,13.6363636363636,25.6268129918051,14.2666666666667,80.0,20.0,0.0,,3.36416666666667,5.80333333333333,0.0,28.5714285714286,33.0,,,9.94497790672784,9.94497790672784,0.0,0.0,9.42325296712246,0.0,59.8360655737705,14.9146659744316,75.4098360655738,26.18,33.0474510192871,2.31496547586207,27.2727272727272,0.0,32.6312913708817,7.246,1.68777692727365,44.3220173946941,40.7709817724418,10.1979949874687,14.2666666666667,4.32276,2.958430052,,74.75330353,36.2582,26.73945,76.65022278,24.11795998,3.654769897,142.0,3.856
Niger,NER,2017,3.66741981878978,Sub-Saharan Africa,Discoverer,18.929268644395,18.4930158730159,18.4947085873605,15.2548167480421,24.6078181675524,27.4,3.66111111111111,30.3428571428571,16.496229011583,4.70452844190479,50.0720280298269,27.05,18.7144502441263,0.0,26.5097727094404,17.0,89.0,24.0,0.0,,3.91666666666667,7.06666666666667,0.0,28.5714285714286,33.0,,,23.6542740195184,23.6542740195184,9.33818400364762,9.33818400364762,9.40905688380957,0.0,59.8360655737705,14.9701824501363,75.4098360655738,27.05,33.0474510192871,4.38144946896552,0.0,0.0,32.6870636293117,11.608,1.98578449093286,46.2346176144156,40.7709817724418,10.1328320802005,17.0,10.2243,2.578180075,,65.79386902,36.33661,29.73171,78.17942047,25.3490696,3.898819923,135.0,4.02799987792969
Niger,NER,2018,4.33801956751366,Sub-Saharan Africa,Discoverer,19.2737625682994,21.6091174603175,18.2322073790809,15.6904027848237,22.3231585574212,32.072,3.92222222222222,36.0571428571429,17.5185494052472,2.55948839654443,51.0049612918209,27.69,19.3812083544711,0.0,25.5539481967765,9.4,92.0,34.18,0.0,,3.7,8.06666666666667,0.0,38.0952380952381,33.0,,,24.6770597051556,24.6770597051556,10.3600391053389,10.3600391053389,5.11897679308887,0.0,59.8360655737705,17.7689822361184,75.4098360655738,27.69,33.0474510192871,5.71496568965517,0.0,0.0,32.7718722671179,15.97,1.95565223913924,39.5087347051836,40.7709817724418,9.555,9.4,,3.449569941,,,,,70.63747893,,4.619810104,134.0,4.166
Niger,NER,2019,4.15170730347346,Sub-Saharan Africa,Discoverer,19.5805615240403,24.5764154021893,15.9733066155328,16.2985472585997,22.9740893269791,39.2,4.21246707690174,36.0571428571429,8.96643245448904,5.50365459371542,50.9263589812551,28.25,20.6456417757991,0.0,26.1201116587239,10.39,92.0,44.8,7.2,,4.16835747400225,8.46904375670298,0.0,38.0952380952381,33.0,,,25.0910837868866,0.0,10.7746460310695,0.0,11.0073091874308,0.0,59.8360655737705,17.533175304421,75.4098360655738,28.25,33.6880159378052,7.6032676137931,0.0,0.0,32.6685998419546,22.69,2.03403174981652,38.6144449294065,40.7709817724418,10.335,10.39,16.6119,3.526227236,,65.3655014,,,69.77816772,,4.433390141,114.0,4.628
Nigeria,NGA,2015,,Sub-Saharan Africa,Emerging,38.3227577029625,32.0026013869418,45.5209700022858,41.6898429857937,35.5140305457437,41.84,4.54745584830687,67.2380952380952,24.3653944457484,43.7457555388294,91.3825500422736,39.5,41.5233088242044,44.0462201331766,32.300871515513,48.3666666666667,87.2,61.0,0.0,,7.08273859757594,6.55962894734466,0.0,80.9523809523809,46.6666666666667,,,38.5492964228278,25.2195429505211,23.5112459409757,10.1814924686691,51.8913662164992,35.6001448611595,100.0,74.1476501268208,100.0,39.5,58.2213401794434,24.8252774689655,63.768115942029,24.3243243243243,29.2879509786819,36.006,5.9034615096832,45.5448395248576,36.2651055643422,53.0,48.3666666666667,22.5,0.436954916,,,,,83.74982706,45.60858154,,78.0,5.268
Nigeria,NGA,2016,,Sub-Saharan Africa,Emerging,42.485980391113,37.1769712359034,55.2347318589049,42.07433714676,37.7119543244055,47.036,10.2873804707109,71.2380952380952,49.4459708306589,42.9443997964334,91.3929180403401,43.64,42.2462461035148,40.3367653367653,33.9816095721735,52.6333333333333,89.0,62.05,11.04,,8.87299412043683,8.62882852664736,13.3603187650484,80.9523809523809,56.6666666666667,,,63.6298622433149,50.3001087710083,48.5918328903094,35.2620794180028,51.0899990293113,34.7988005635554,100.0,74.1787541210204,100.0,43.64,58.2213401794434,26.2711520275862,56.3492063492063,24.3243243243243,29.5442309166,41.304,7.85005683885988,49.0966545410655,36.2651055643422,53.0,52.6333333333333,24.1,0.393045634,58.22134018,,,,81.91616821,40.91020966,,103.0,4.875
Nigeria,NGA,2017,,Sub-Saharan Africa,Emerging,47.0961345002451,44.052855709081,55.4618971523969,50.1212230618591,40.1745114784123,49.918,24.5950916536548,71.2380952380952,51.2946683692119,40.3300523985635,94.0600442264336,45.13,43.9138483379643,61.319820847613,35.9931393480154,56.9,89.0,66.125,14.17,,9.53059492722018,11.3317439777932,52.9229360559509,80.9523809523809,56.6666666666667,,,65.27067018971,51.9409167174034,50.6484200210205,37.3186665487139,48.2504379066036,32.4096668905234,100.0,82.1801326793007,100.0,45.13,60.1106700897217,27.7170265862069,85.8053765734955,36.8342651217306,32.509486716816,47.042,8.67604719187867,52.49405726704,36.2651055643422,53.0,56.9,25.9,0.39635402,,,,,76.46309922,,11.57855129,95.0,5.07399988174438
Nigeria,NGA,2018,,Sub-Saharan Africa,Emerging,48.4518767524081,45.9281440650247,54.7726264068191,51.3209551550945,42.68794243606,52.8,26.4013125435142,71.2380952380952,61.2430305913506,28.5961371942102,94.1847964629739,46.24,45.5814505689655,62.141414896318,37.109928045075,65.0,89.0,70.2,17.3,,10.5861842656464,13.7877509984081,54.8300023664882,80.9523809523809,56.6666666666667,,,68.5541553797931,68.5541553797931,53.9319058029082,53.9319058029082,36.5165223816895,20.6757520067308,100.0,82.5543893889217,100.0,46.24,62.0,29.162901137931,83.0600664533461,41.2227633392898,33.5054325295448,52.78,11.4515565946532,51.4375455368349,36.2651055643422,53.0,65.0,27.7,0.419998497,62.01601028,,,,84.67606354,42.1684494,11.8107748,91.0,5.155
Nigeria,NGA,2019,,Sub-Saharan Africa,Emerging,49.0235817089883,54.4216979735116,45.7826051955698,51.1427379630125,45.3276900862359,67.7360003662109,31.365863615187,73.9047619047619,40.8796967013584,26.4742425391726,94.2051474967867,47.22,46.496977925994,59.7112359630434,37.9396126077949,74.88,89.0,78.3,46.5400009155273,,11.8283880444395,17.9134067334284,64.3557960676931,80.9523809523809,63.3333333333333,,,57.0012951628697,39.3803195499052,42.3790738528117,24.7580982398472,34.394612415454,18.5538726628912,100.0,82.6154424903602,100.0,47.22,62.3851801554362,30.6087756965517,77.3110250695861,42.1114468565008,34.0032460756886,52.27,13.0252296434034,53.7694817555402,36.2651055643422,53.0,74.88,29.7,0.358478993,,,,,83.25739133,,,85.0,5.265
Nicaragua,NIC,2015,,Latin America & Caribbean,Emerging,45.322881173893,41.0391242613764,39.1124313992369,57.0804230627457,46.0542758723044,57.8,18.893048748679,51.8095238095238,24.9061015578309,41.3161947898998,63.1175643007231,38.97,61.6002735172414,70.6709956709957,53.9011781737139,14.6666666666667,75.0,75.0,32.0,,6.48812768535326,5.89409768364239,44.2969208770414,61.9047619047619,36.6666666666667,,,24.8892047755423,44.7043052347028,5.10789788095898,24.9229983401194,52.0310693577991,30.6013202220005,84.7826086956522,4.57008420651706,100.0,38.97,82.6,40.6005470344828,91.3419913419913,50.0,47.515950977042,23.927,20.4920713811357,52.397895380386,95.8928183076707,82.48730964467,14.6666666666667,19.7043,4.078430176,82.61454773,,,,107.6729504,,17.34163666,57.0,5.828
Nicaragua,NIC,2016,,Latin America & Caribbean,Emerging,47.6918908970963,44.164797307133,37.9437526869322,62.076519183908,49.7318125177752,63.6,20.9072313630707,51.8095238095238,22.7995952051252,40.3100078155553,63.4995573933,48.97,62.2595575517241,75.0,58.5064323138856,14.6333333333333,80.0,80.0,39.0,,9.02144709361161,12.0321200841154,41.668126911485,61.9047619047619,36.6666666666667,,,22.7833914272797,42.5984918864402,3.00069852381022,22.8157989829707,51.025633138268,29.5943824928427,84.7826086956522,5.716063484248,100.0,48.97,82.6,41.9191151034483,100.0,50.0,47.9441581502343,38.406,31.0805913517633,54.4417445135286,95.8928183076707,87.9396984924623,14.6333333333333,24.5718,4.081130028,,,,,111.5967808,,17.77479935,48.0,5.992
Nicaragua,NIC,2017,,Latin America & Caribbean,Transitioner,50.0523464601698,52.710766694323,38.3251573866214,60.7906300607488,51.1067005082626,69.4,36.4721548310456,51.8095238095238,24.0065160598339,39.9563969396674,63.6999609341044,51.19,62.9299111724138,68.2519790098327,60.2333756353283,14.6,85.0,85.0,46.0,,13.955776575091,20.0504654742026,75.4102224438433,61.9047619047619,36.6666666666667,,,23.9903005418643,43.8054010010248,4.20763111864301,24.0227315778035,50.6720095439123,29.2407843354226,84.7826086956523,6.31727410666094,100.0,51.19,82.6,43.2598223448276,62.636676341923,73.8672816777425,47.9544796706698,39.343,38.3060571222988,56.467023076002,95.8928183076707,85.75,14.6,30.4,4.357679844,,,,,112.852788,,,43.0,6.07100009918213
Nicaragua,NIC,2018,,Latin America & Caribbean,Transitioner,51.4053969859922,53.9054251584841,36.8429022095451,68.3122714530088,51.469486359476,69.4,39.4588009914484,51.8095238095238,21.6723818157925,38.5848932410181,63.6999609341044,53.09,63.6115202413793,88.2352941176471,61.111857949345,12.9,85.0,85.0,46.0,,17.3500409107356,24.7259928632461,76.3003692003635,61.9047619047619,36.6666666666667,,,31.5626764727878,31.5626764727878,11.7820871587973,11.7820871587973,49.2993791194297,27.8704073626066,84.7826086956522,6.31727410666094,100.0,53.09,82.6,44.6230404827586,100.0,76.4705882352941,48.2240013284813,40.28,40.7973371124763,56.5051329980968,95.8928183076707,88.0,12.9,33.913,3.573108912,,,,,110.1575867,,19.30881119,41.0,6.141
Nicaragua,NIC,2019,,Latin America & Caribbean,Emerging,48.6126140336722,55.7641581845802,29.8626662623265,63.5067434299315,52.8071008880146,70.6,42.9056335566887,51.8095238095238,14.4352953993142,27.4749841525788,65.4927722078465,54.65,64.3045737241379,71.5656565656566,63.2713761100183,10.95,85.0,85.0,49.0,,17.303707856959,30.3879082983382,81.0252845147689,61.9047619047619,36.6666666666667,,,31.7134200379562,14.0969858748252,11.9307756844755,0.0,38.1905831773809,16.7593851277768,84.7826086956522,11.6957079278872,100.0,54.65,82.6,46.0091474482759,72.2222222222222,70.9090909090909,47.8248998870426,47.495,45.5088071225993,58.132855232779,95.8928183076707,90.5,10.95,37.8319,4.599919796,,,,,108.9485213,,17.76761436,45.0,6.105
Netherlands,NLD,2015,80.1601486206055,Europe & Central Asia,Leader,81.8925918763407,75.3787828845417,83.697603443576,89.0343459943752,80.0679575064304,99.6,54.2855286399257,69.1228571428571,97.8643584106004,73.6386033663836,75.4820936639119,77.64,92.6545273448276,96.8085106382979,82.484946883038,70.4,100.0,99.5,99.5,,34.0453381228537,54.9875685578321,73.8236792390913,61.9047619047619,79.95,,,100.0,100.0,100.0,91.4574336424016,79.4941805407955,67.7830261919718,63.2231404958678,63.2231404958678,100.0,77.64,98.0,87.3090546896552,100.0,93.6170212765958,91.4708853920291,92.8335,48.0014817237871,100.0,77.858772515659,97.35368956743,70.4,91.7241,5.34815979,,,11.62356,14.46276,106.0594177,114.1379166,80.16014862,7.0,7.378
Netherlands,NLD,2016,79.8454895019531,Europe & Central Asia,Leader,83.2859632233732,81.5080213439695,81.4062314496114,88.8511719275382,81.6142680482707,99.6,69.6086247884951,69.1228571428571,91.9603131464008,73.8142186456718,75.4820936639119,84.12,93.0324125517241,89.4011032308905,83.7178350603384,73.2,100.0,99.5,99.5,,52.1134161757341,74.3439389593385,82.3685192304126,61.9047619047619,79.95,,,100.0,92.1000822390683,94.5354619094207,81.205708437114,79.7153377883971,67.9130995029466,63.2231404958677,63.2231404958678,100.0,84.12,98.0,88.0648251034483,85.1851851851852,93.6170212765958,91.6685367599121,92.754,54.1773283376788,100.0,77.858772515659,97.0150753768844,73.2,90.411,5.479599953,,,11.72995,14.40346,105.6803665,112.994278,79.8454895,7.0,7.339
Netherlands,NLD,2017,83.2009887695312,Europe & Central Asia,Leader,83.7659232524254,85.8907491814601,80.4592439162684,86.2381408121021,82.6128862047918,100.0,80.1654443822218,69.1228571428571,89.2381551671551,74.16890779156,75.4820936639119,86.17,92.5780032068966,79.9664192294097,84.2661077559898,76.0,100.0,100.0,100.0,,70.3029056464528,83.7614611328082,86.4319663674043,61.9047619047619,79.95,,,100.0,88.5276051256466,90.8773845076401,77.5476310353335,80.1163937571462,68.2214218259737,63.2231404958678,63.2231404958678,100.0,86.17,98.0,87.1560064137931,81.8840579710145,78.0487804878049,91.8155381007426,92.907,56.8227281635474,100.0,77.858772515659,96.76,76.0,93.1973,5.17509985,,,11.80592,14.51694,105.0394211,115.2252274,83.20098877,6.0,7.3769998550415
Netherlands,NLD,2018,83.652473449707,Europe & Central Asia,Leader,84.8637626046302,88.1122131077806,78.6866749927308,88.1228687939678,84.8913035020813,100.0,85.719104198023,69.1228571428571,83.8867931738442,75.088847476027,75.4820936639118,87.61,93.4963784137931,83.2622279681103,83.9891293776016,88.5,100.0,100.0,100.0,,79.7928008637856,89.934397022907,87.4301147073763,61.9047619047619,79.95,,,89.3340034527525,89.3340034527525,78.4395828949359,78.4395828949359,80.9899919448443,69.1877030072096,63.2231404958677,63.2231404958678,100.0,87.61,98.0,88.9927568275862,85.3479853479853,81.1764705882353,91.9320059161169,93.06,55.4123684562322,100.0,77.858772515659,96.425,88.5,91.8919,5.357649803,,,,,104.5611115,114.5003204,83.65247345,6.0,7.441
Netherlands,NLD,2019,,Europe & Central Asia,Leader,87.2143578912265,92.0796621816375,79.6951132120208,90.9830951417624,86.6554405572261,100.0,95.6377268826651,69.1228571428571,82.4625295778461,79.03420662025,75.4820936639118,88.35,93.2558946206896,91.3433908045977,85.1255506965326,92.775,100.0,100.0,100.0,,98.6078715889584,100.0,88.305309059037,61.9047619047619,79.95,,,90.2262447936643,85.9350226530065,78.9900365026857,74.6988143620278,85.1204861111968,72.9479271293033,63.2231404958677,63.2231404958678,100.0,88.35,98.0,88.5117892413793,89.5833333333334,93.103448275862,92.0440791611139,91.825,61.6038590923225,100.0,77.858772515659,96.4170854271357,92.775,93.2886,5.159860134,,,,,104.5789108,114.8041687,,5.0,7.488
Norway,NOR,2015,79.206428527832,Europe & Central Asia,Leader,82.1849032599709,74.1505433628014,85.5987761064014,88.8906597049808,80.8593360235983,98.8,53.684929835575,65.7828571428571,94.4751952560174,86.1884116766527,66.6666666666667,76.74,92.0153124482759,97.9166666666667,82.2741700294979,75.2,100.0,99.0,98.0,,35.1414229546776,48.8232578709263,77.0901086811212,61.9047619047619,71.6,,,100.0,97.974823423148,92.5080995141828,87.4178580867389,91.906767900541,80.4700554527645,50.0,50.0,100.0,76.74,100.0,84.0306248965517,100.0,95.8333333333333,84.1400412368825,78.0125,55.625108253174,96.0541220012069,91.9896324536944,89.1113924050633,75.2,96.8103,7.523349762,,99.55799103,8.86857,8.63887,99.37404633,115.2101212,79.20642853,4.0,7.522
Norway,NOR,2016,81.8827285766602,Europe & Central Asia,Leader,84.8527809789285,80.6845209389365,84.804949502164,91.6036809348659,82.7065627473673,98.8,69.0198737759126,67.7828571428571,94.0703403844065,84.6087000376701,66.6666666666666,84.55,92.344376137931,97.9166666666667,84.1582034342091,76.9,100.0,99.0,98.0,,53.3665242633534,69.9296073487236,83.7634897156608,61.9047619047619,76.6,,,100.0,97.7162287033713,91.8276871308492,86.7374457034053,90.5555408293183,78.6618592460218,50.0,50.0,100.0,84.55,100.0,84.6887522758621,100.0,95.8333333333333,84.5439485872131,80.435,60.8713235385033,97.4236125916348,91.9896324536944,91.49,76.9,97.2982,7.984449863,,99.20728302,9.01206,8.72728,99.22612762,116.6455078,82.0374527,4.0,7.498
Norway,NOR,2017,83.7353363037109,Europe & Central Asia,Leader,86.7360952850754,87.7303417696562,82.4475198141032,92.8669478986029,84.2579480806018,99.2,86.234425852712,67.7828571428571,87.7878974854685,84.9975687164562,66.6666666666667,87.35,92.9343453793103,98.3164983164983,85.6724351007523,78.6,100.0,99.0,99.0,,80.6029694284883,92.9724712772686,85.1278368523791,61.9047619047619,76.6,,,95.5702626098084,90.4800211823645,85.0957737885725,80.0055323611286,90.6712501612923,79.3238872716201,50.0,50.0,100.0,87.35,100.0,85.8686907586207,96.6329966329967,100.0,84.8016394715665,87.7875,64.2132666119721,98.7538869665284,91.9896324536944,89.42,78.6,96.3576,7.845980167,,99.49916077,8.59418,8.57685,99.271492,117.3014603,83.7353363,1.0,7.53700017929077
Norway,NOR,2018,85.3883514404297,Europe & Central Asia,Leader,88.0954629749012,90.3518938299899,82.6349524818098,92.754523240267,86.9717141722349,99.16,92.8283060035463,67.7828571428571,99.9402070325075,73.3138408386835,66.6666666666666,88.18,93.3093761724138,96.7741935483871,86.4146427152937,89.2,99.8,99.0,99.0,,94.4754871978351,99.1112761843103,84.8981546284934,61.9047619047619,76.6,,,100.0,100.0,100.0,99.7608281300302,79.0783926907683,67.5492889865988,50.0,50.0,100.0,88.18,100.0,86.6187523448276,100.0,93.5483870967742,84.9449109570782,95.14,65.6623454589798,97.4838247067158,91.9896324536944,88.845,89.2,96.4917,7.595630169,,99.47567749,,,99.17442322,117.7147064,85.38835144,2.0,7.594
Norway,NOR,2019,85.7633819580078,Europe & Central Asia,Leader,89.8841731234284,95.4944676166908,82.36937182136,94.1179547356322,88.1691113117946,99.18,94.6647404702985,89.7828571428571,88.9461321025471,83.6439641175195,66.6666666666667,88.75,93.6038642068966,100.0,86.9501391397433,93.045,99.9,99.0,99.0,,100.0,100.0,83.9942214108955,95.2380952380952,81.6,,,100.0,83.428679762261,99.6537370798663,72.7021115680612,89.4541885560444,77.8337396789946,50.0,50.0,100.0,88.75,100.0,87.2077284137931,100.0,100.0,85.1184992166865,91.395,69.5107939715055,97.8392700568298,91.9896324536944,89.19,93.045,98.0,7.864560127,,99.33802795,,,99.08065033,119.4213409,85.76338196,3.0,7.554
Nepal,NPL,2015,12.282886814704,South Asia,Emerging,37.7630230456177,36.0123593124869,33.6098650956364,47.3293567908813,35.4991593011998,50.952,24.0646125669315,30.0285714285714,39.1485873055636,18.7104079104519,52.3313350461509,46.6,57.1251595745218,38.2629107981221,40.1156157931664,17.0333333333333,80.62,87.07,0.0,,7.7514957926215,9.36441413380345,55.0779277743696,31.3809523809524,28.0,,,53.0254908053216,36.9437980322328,41.3533765788943,25.2716838058055,25.0328031164333,12.3880127044704,53.2258064516129,92.4778761061948,11.2903225806452,46.6,65.5010070800781,48.7493120689655,76.5258215962442,0.0,39.1248493660943,27.8015,18.0272713676887,57.9945669490609,50.4772061684841,42.1068702290076,17.0333333333333,17.5816,3.294253588,,110.8179932,23.09923,28.57148,142.9910284,68.92825317,13.20596313,121.0,4.514
Nepal,NPL,2016,11.0932748536215,South Asia,Emerging,39.5480412009276,39.0413038670481,36.7878636979828,43.6657136306653,39.0059147578916,52.4,30.1889739533344,30.0285714285714,44.6186695078783,29.0232193104709,36.6555408532154,40.52,57.3547780227977,33.1223628691983,43.1907267806978,22.2666666666667,82.0,90.0,0.0,,10.0498061395874,11.9255764076568,68.591539312759,31.3809523809524,28.0,,,58.4957408319968,42.414048058908,46.8232909568487,30.7415981837598,35.3457963261762,22.7006422947657,56.5040650406504,34.7633705271259,18.6991869918699,40.52,65.5010070800781,49.2085489655172,66.2447257383966,0.0,40.1203759174246,39.855,23.5526655086844,61.379645707392,50.4772061684841,40.9924812030075,22.2666666666667,20.7,3.477112293,65.50100708,117.1851578,22.42122,28.90357,143.414505,71.81790161,11.97053719,107.0,4.793
Nepal,NPL,2017,11.4357824790838,South Asia,Emerging,43.9714468594855,43.6472202246104,43.928919805034,45.1069301077203,43.2247648642619,60.594,33.5097648472403,30.0285714285714,42.4399228321896,29.5088355748419,75.7470822111069,42.68,58.1887355286402,34.4520547945205,47.1559560803274,27.5,91.97,90.0,15.5,,10.619229932791,16.0140046629639,73.8960599459659,31.3809523809524,28.0,,,56.3167280363495,40.2350352632606,44.6448104011186,28.5631176280298,35.8311242939253,23.1865468557585,92.4778761061947,34.7633705271259,100.0,42.68,66.7005035400391,49.6769675172414,58.9041095890411,9.99999999999999,40.7918323682008,54.3025,30.693169242241,64.5331567935653,50.4772061684841,44.2663316582915,27.5,24.3,3.52892375,,120.8017273,20.90655,28.82411,140.8214111,73.94235229,12.11094952,99.0,4.96199989318848
Nepal,NPL,2018,12.613695863565,South Asia,Emerging,42.0685757355808,44.548167658254,27.3022233528458,57.418764122242,44.8486664792584,61.662,34.6941334313492,30.0285714285714,47.4560018192249,7.20142867080262,27.1962557841743,44.56,58.773793862069,68.9224985046569,49.5608330990731,26.0,92.47,90.0,17.92,,10.3491368316653,19.10601534874,74.6272481136422,31.3809523809524,28.0,,,59.5799577204075,47.0044487318178,47.9075549066319,35.3320459180422,13.523980194931,0.878877146674206,46.8253968253969,34.7633705271259,0.0,44.56,67.9,49.6475877241379,71.8875502008032,65.9574468085107,41.653966080629,68.75,32.4385366466869,66.0319565995652,50.4772061684841,45.655,26.0,28.6,3.664405584,,,,,,,13.00632668,101.0,4.88
Nepal,NPL,2019,13.8072821953912,South Asia,Emerging,47.3566157089647,53.19434806067,35.903999773237,56.2440016970826,46.8207210759839,75.102,39.3457749135798,37.0761904761905,39.3238661015407,30.7306503517326,39.4109659596386,45.74,59.5955621767326,63.3964429145152,49.6521513449798,35.495,92.47,90.0,51.52,,13.6557818671633,25.7610987835123,78.6204440900638,40.9047619047619,31.3333333333333,,,51.9177430695539,38.4022448772122,40.2454873258691,26.7299891335274,37.0531222128952,24.4081784905701,46.8253968253969,71.4075010535188,0.0,45.74,68.7125015258789,50.4786228275862,83.9357429718876,42.8571428571429,42.3513632213215,54.375,34.0350935812103,68.7310043332284,50.4772061684841,50.9571788413098,35.495,33.3366,3.485680819,68.71250153,118.2105103,19.74396,28.2567,136.6656647,79.31681824,13.92241192,100.0,4.913
New Zealand,NZL,2015,82.1818466186523,East Asia & Pacific,Leader,85.049911105021,76.9303815777095,92.7381063397753,89.5942525057471,81.8576354614841,95.0,57.2069063252262,80.2380952380952,88.4544289147527,98.4633007028015,89.8550724637681,72.48,96.3027575172414,100.0,84.0887109935218,72.9333333333333,97.0,99.0,90.0,,41.5051641251209,59.5064302405593,70.6091246099982,80.9523809523809,79.1666666666667,,,100.0,84.9881979633638,92.8944637051006,75.9350539905464,100.0,96.9266014056031,84.7826086956522,84.7826086956522,100.0,72.48,99.0,93.6055150344827,100.0,100.0,83.0140892314073,89.227,51.843288108705,95.0274820812518,95.945195546245,100.0,72.9333333333333,85.2,5.707349777,,,14.49628,13.81545,98.53813934,114.8899918,82.18184662,9.0,7.286
New Zealand,NZL,2016,81.8633575439453,East Asia & Pacific,Leader,87.089577199914,81.0865128462961,93.319712690485,90.8494245977011,83.6797801941348,96.8,65.7972344966927,80.2380952380952,88.8780000244323,99.4937454698961,89.8550724637681,76.67,95.8782737931034,100.0,86.5080585760018,72.3666666666667,98.0,99.0,94.0,,46.9036676646292,72.860103576669,77.6279322487799,80.9523809523809,79.1666666666667,,,100.0,85.618207423998,93.4266011941428,76.4671914795885,100.0,98.9874909397922,84.7826086956522,84.7826086956522,100.0,76.67,99.0,92.7565475862069,100.0,100.0,83.1637304112377,94.203,59.4837616766093,96.846105245917,95.945195546245,100.0,72.3666666666667,86.5,5.505599976,,,14.6225,13.8189,98.58374786,113.687912,81.86335754,8.0,7.334
New Zealand,NZL,2017,81.2698593139648,East Asia & Pacific,Leader,87.8937323806923,83.0044320990229,93.9393089833681,90.3963454022988,84.6704974919297,98.4,68.9920326285096,80.2380952380952,89.9688132569527,99.9519229695835,89.8550724637681,78.64,92.5490362068965,100.0,87.8881218649122,71.8,98.0,99.0,98.0,,52.7683108569644,73.9506741642099,80.2571128643545,80.9523809523809,79.1666666666667,,,100.0,86.5746183946593,95.1300221738528,78.1706124592986,100.0,99.903845939167,84.7826086956522,84.7826086956522,100.0,78.64,99.0,86.0980724137931,100.0,100.0,83.3135143800297,94.6715,64.6859009149716,98.1602484833145,95.945195546245,100.0,71.8,87.7,5.28000021,,,14.91552,13.62875,98.48043823,112.9433136,81.26985931,8.0,7.31400012969971
New Zealand,NZL,2018,81.2513122558594,East Asia & Pacific,Leader,89.0780682214784,84.4995886963254,95.2201559600324,91.3594047352167,85.6537568208187,98.4,72.7299241217658,80.2380952380952,95.5617483525357,97.5611053156613,89.8550724637681,81.07,94.2130334827586,98.7951807228916,87.3421960260234,78.9,98.0,99.0,98.0,,62.4743341700359,75.2367697499385,80.478668445323,80.9523809523809,79.1666666666667,,,100.0,95.0791305298262,100.0,87.1678628803166,100.0,95.1222106313226,84.7826086956522,84.7826086956522,100.0,81.07,99.0,89.4260669655173,100.0,97.5903614457831,83.2575065646859,95.14,63.2810618153908,96.6572162037954,95.945195546245,100.0,78.9,89.0,5.193089962,,,,,98.55297089,112.4110794,81.25131226,8.0,7.324
New Zealand,NZL,2019,77.5843734741211,East Asia & Pacific,Leader,86.6627058812147,85.5621941239036,84.3059659432373,89.8056840868454,87.0732856797969,98.4,75.3864376907113,80.2380952380952,71.5537877458621,94.283590880347,89.8550724637681,82.62,93.7175503448276,93.0795019157088,88.4741070997461,81.47,98.0,99.0,98.0,,65.4835546573726,80.9950147760353,79.6807436387261,80.9523809523809,79.1666666666667,,,88.0189581865784,65.2541486287243,77.8534268629999,55.0886173051457,99.7899203472854,88.7772614134086,84.7826086956522,84.7826086956522,100.0,82.62,99.0,88.4351006896552,93.0555555555555,93.103448275862,83.115891604165,94.04,70.0587056025408,96.2307427457798,95.945195546245,100.0,81.47,89.8637,5.177979946,,,,,98.2542038,120.2663193,77.58437347,8.0,7.307
Oman,OMN,2015,45.1898945959512,Middle East & North Africa,Transitioner,58.6401178474746,60.2481387408664,60.8622599021331,62.4706838965517,51.6192117415105,90.24,28.8089182807374,63.1428571428571,46.5717205723837,55.583929182949,100.0,60.98,76.4320516896552,50.0,44.5156813435548,80.0333333333333,99.0,95.0,81.1,,15.6576350326534,22.2559393195839,48.5131804899749,61.9047619047619,65.0,,,60.8267913256923,55.9938215510595,37.149619593708,32.3166498190752,68.4090638711072,42.7587944947908,100.0,100.0,100.0,60.98,93.0,59.8641033793103,100.0,0.0,44.7743337033025,66.324,25.6116349466568,70.0611339811496,17.0354618474795,63.8676844783715,80.0333333333333,73.53,,93.0,99.00985718,,,104.035347,102.1727295,45.18989182,22.0,6.853
Kosovo,OWID_KOS,2017,,,,,,,,,,,,,,,,,,,,,,,,,,,,,,,,,,,,,,,,,,,,,,,,,,,,83.8936,,,,,,,,,78.0,5.27899980545044
Kosovo,OWID_KOS,2018,,,,,,,,,,,,,,,,,,,,,,,,,,,,,,,,,,,,,,,,,,,,,,,,,,,,89.443,,,,,,,,,66.0,5.662
Pakistan,PAK,2015,8.43556648904153,South Asia,Discoverer,30.6943028670802,28.9182439891341,47.5392016018351,20.9112646126437,30.8764240878117,41.1,16.8984671156925,28.5942857142857,76.7713003460754,34.5551459982117,15.0431153206015,29.4,33.333793837931,0.0,31.9371967764313,26.6333333333333,81.5,46.0,16.0,,5.48443188660292,8.97292943425595,36.2380400262185,30.8571428571429,25.2,,,92.4199271805319,72.619553773202,80.9230469189489,61.1226735116189,40.7826228065692,28.3276691898542,24.5318352059925,20.5975107558118,0.0,29.4,60.0,6.66758767586207,0.0,0.0,31.0292326701356,32.446,8.95183150915502,60.4600617536178,29.0079690603591,28.0277777777778,26.6333333333333,11.0,2.38609004,,,46.34065,21.12687,74.84799088,35.17425222,8.611710548,81.0,5.194
Pakistan,PAK,2016,8.31973903550878,South Asia,Discoverer,34.1426607142079,38.4874270871358,47.2522276859139,22.0542183206897,33.8810306460642,54.8,24.2642820035537,34.3085714285714,72.7399110411095,41.3020189726764,8.17727840199751,32.89,33.272654962069,0.0,33.4346216409135,35.6666666666667,86.0,67.0,27.0,,8.51860898532133,16.0408249324857,48.233412092854,40.3809523809524,25.2,,,88.3885199819397,68.5881465746098,76.8916755076092,57.0913021002792,47.5294763962721,35.0745615490807,24.5318352059925,0.0,0.0,32.89,58.0,8.54530992413793,0.0,0.0,31.5467442246021,32.609,13.0261489519291,64.5402459676773,29.0079690603591,25.495,35.6666666666667,12.3854,2.417211771,,57.83693695,47.63465,21.35147,79.8399702,36.35336799,8.478245735,92.0,5.132
Pakistan,PAK,2017,8.62228080260493,South Asia,Emerging,37.811343664466,50.0475710130878,46.8430012311187,23.1473417141141,37.6668760493785,73.0,34.2979751517671,35.6419047619048,68.700585821615,43.608937458202,9.5959595959596,34.42,35.0220251423424,0.0,35.9085950617231,44.7,87.0,72.0,67.0,,12.3573339208026,24.0046115204183,66.5319800140804,40.3809523809524,28.5333333333333,,,84.0480363769552,64.2476629696252,73.1535086736047,53.3531352662747,49.5101399641835,37.7077349522204,28.7878787878788,0.0,0.0,34.42,59.1320495605469,10.9120007241379,0.0,0.0,31.4654646582991,43.7345,14.6751584654567,67.7401657059545,29.0079690603591,29.5739348370927,44.7,13.78,2.136656761,59.0,,44.78201,19.38545,78.84305835,35.85267618,8.800550461,80.0,5.26900005340576
Pakistan,PAK,2018,8.20683057963381,South Asia,Emerging,39.7107480875141,53.0848677131164,50.7537895347081,24.0480343137931,38.3807518029746,74.2,40.6912169018387,35.6419047619048,71.873431990002,47.0461874739546,15.9297087456269,35.77,36.3741029413793,0.0,37.8009397537183,40.7,88.0,72.9,68.6,,15.4561395429456,36.7401837006445,69.8773274619261,40.3809523809524,28.5333333333333,,,87.2208638377767,67.4204904304468,76.3263735495573,56.5260001422274,52.9473697134068,41.1450052345024,28.7878787878787,19.001247449002,0.0,35.77,62.3,10.4482058827586,0.0,0.0,32.7142453553341,54.86,16.2519133242124,65.1093210286858,29.0079690603591,36.9825,40.7,15.34,2.332169533,57.0,62.08560181,44.0773,20.39658,82.03330642,37.74951303,8.392416954,75.0,5.472
Pakistan,PAK,2019,11.103638528678,South Asia,Emerging,39.70558807626,57.1091120712029,42.3246872839804,24.7122871314632,41.6096845742318,75.872,49.0798277970548,35.6419047619048,53.4515459009001,38.2802437473104,28.159857123481,36.69,36.2175175241379,1.22934387025179,38.8146057177897,52.79,88.7,76.6,68.73,,18.0764182514789,51.267638602843,77.8954265368425,40.3809523809524,28.5333333333333,,,65.4212288105139,52.3763808340753,54.5267109677248,41.4818629912863,44.1814409121544,32.3790465824663,28.7878787878788,55.6916925825643,0.0,36.69,60.0,12.4350350482759,0.0,2.45868774050358,32.9162106885071,58.9,16.2360976776529,66.0833541775049,29.0079690603591,40.7587939698492,52.79,17.0709,2.21491766,58.0,63.49869537,,,83.18457523,39.616654,11.34723473,67.0,5.653
Panama,PAN,2015,47.5819435584313,Latin America & Caribbean,Transitioner,60.8003721483166,43.7685535599028,67.7172947743241,76.799097569488,60.0353488380893,68.512,21.5284315188047,38.7619047619048,46.8374608592633,82.559020914305,79.7935103244838,61.31,72.7236563448276,96.3636363636364,66.1025193809449,35.7666666666667,96.0,85.28,38.0,,10.5332984876757,20.7001479482684,33.3518481204701,52.3809523809524,18.3333333333333,,,58.9063100819026,58.9063100819026,34.768611636624,34.768611636624,95.6336075721642,69.4844342564457,92.4778761061947,100.0,46.9026548672566,61.31,95.0,50.4473126896552,100.0,92.7272727272727,73.8819401126056,35.17,32.5674308656072,78.3108707462011,87.2582642712199,81.8181818181818,35.7666666666667,51.2054,3.366699934,,,21.89367,13.32796,96.01239777,77.00920105,47.93227005,25.0,6.786
Panama,PAN,2016,48.3799959758914,Latin America & Caribbean,Transitioner,63.3238142290407,49.7315586859904,67.8375156891398,73.7685328842116,64.6093113746801,71.468,33.4799443340236,38.7619047619048,47.7669318250721,81.9301022355355,79.7935103244838,58.18,72.7143432413793,90.4112554112554,70.2283058850168,42.1333333333333,96.0,92.67,38.0,,17.1015584810995,34.5574620562836,48.7808124646876,52.3809523809524,18.3333333333333,,,59.9213691132158,59.9213691132158,35.6124945369285,35.6124945369285,95.0974092976911,68.7627951733798,92.4778761061947,100.0,46.9026548672566,58.18,95.0,50.4286864827586,88.0952380952381,92.7272727272727,74.0239664307508,33.333,46.7842017137792,81.5593507781782,87.2582642712199,89.6984924623116,42.1333333333333,54.0,3.429130077,,,21.44301,14.50099,93.10311127,83.02870941,48.72827148,25.0,6.701
Panama,PAN,2017,,Latin America & Caribbean,Advanced,67.7191045180565,58.0087609018085,68.5209593994599,77.4788733378557,68.2880176490575,82.388,43.2529498735689,38.7619047619048,49.0228667447696,82.3827765916383,79.7935103244838,60.67,73.4059642758621,98.3606557377049,73.2350220613219,48.5,96.0,95.0,62.97,,20.2190762106119,45.5762228735373,63.9635505365573,52.3809523809524,18.3333333333333,,,61.0084654345078,61.0084654345078,37.0372680550314,37.0372680550314,95.367175172188,69.3983780110886,92.4778761061947,100.0,46.9026548672566,60.67,95.0,51.8119285517241,100.0,96.7213114754098,80.0572679253911,49.6515,48.4184242756422,82.3654038343563,87.2582642712199,86.5,48.5,59.9506,3.493750095,,89.86501312,21.96162,13.5809,94.59703064,76.9188385,,30.0,6.4520001411438
Panama,PAN,2018,,Latin America & Caribbean,Advanced,68.9658542171769,61.6531123956926,70.7662626418372,78.0551118249647,66.428410881175,87.816,44.0786857511363,44.4761904761905,49.8933570810411,87.1255443613099,79.7935103244837,62.78,73.5783179310345,97.8070175438596,73.8105136014687,36.9,96.0,95.0,76.54,,17.6341604037916,45.9038258212463,68.6980710283711,61.9047619047619,18.3333333333333,,,61.5253161961117,61.5767010476081,38.2100131144741,38.2613979659705,99.7546668638637,74.4964218587562,92.4778761061946,100.0,46.9026548672566,62.78,95.0,52.156635862069,95.6140350877193,100.0,78.3816716382751,65.97,47.6315906045735,79.6710414932751,87.2582642712199,86.25,36.9,61.8055,3.453569889,95.0,92.76283264,,,98.69105971,,,27.0,6.43
Panama,PAN,2019,,Latin America & Caribbean,Advanced,69.3244267410117,64.0622688042113,66.9101154744023,79.593777862069,67.6973914394998,93.2,44.7175767724331,44.4761904761905,52.2435367346589,75.1349967891051,79.7935103244838,64.53,74.2513335862069,100.0,75.7454892993748,35.505,96.0,95.0,90.0,,16.3753241394556,49.3208594620659,68.4565467157777,61.9047619047619,18.3333333333333,,,69.7158420797179,58.4122523700618,46.0748210992559,34.7712313895998,87.9405498201887,62.3294437580215,92.4778761061947,100.0,46.9026548672566,64.53,96.0,52.5026671724138,100.0,100.0,79.1627850065157,64.16,55.8700624656383,80.3563347535,87.2582642712199,88.0,35.505,63.6284,3.093294144,96.0,86.46233368,,,93.07832336,,,31.0,6.321
Peru,PER,2015,,Latin America & Caribbean,Transitioner,59.4896689310797,46.0870847139195,78.4947284756388,59.7890068584721,57.9062098396273,71.996,19.4121879752749,47.6190476190476,72.5026478578004,82.4912354781893,82.4858757062147,53.06,77.6675647931035,48.6394557823129,63.8660956328675,34.0666666666667,75.0,80.49,62.0,,11.9698442314131,25.1304107242302,21.1363089701814,57.1428571428571,33.3333333333333,,,97.0055556155211,67.3816125203836,77.6236831952172,47.9997401000797,92.9897497058539,71.9927212505247,73.7288135593221,73.7288135593221,100.0,53.06,94.0,61.3351295862069,66.6666666666666,30.6122448979592,54.9269462069356,63.0175,38.8069187950025,66.4339504271202,84.4893557732538,86.3291139240506,34.0666666666667,40.8526,3.969330072,94.0,101.715332,17.9767,14.09055,99.69332123,99.5942688,,58.0,5.824
Peru,PER,2016,73.2223205566406,Latin America & Caribbean,Transitioner,64.3262148369585,58.6685598100736,78.5863823672493,59.6876283501707,62.2178415093244,75.82,34.1847328585174,73.3333333333333,73.4771719224581,81.7458461425578,82.4858757062147,53.19,78.3445403793103,47.5283446712018,68.8389685533222,35.7333333333333,74.86,87.12,65.0,,14.2076899835617,32.5502617473594,55.7962468446312,100.0,33.3333333333333,,,98.1797048742514,68.555761779114,78.3985820658023,48.7746389706648,92.4606209971344,71.0310712879811,73.728813559322,73.728813559322,100.0,53.19,94.0,62.6890807586207,64.4444444444445,30.6122448979592,55.5228305024606,63.043,57.381247993051,69.5299084978455,84.4893557732538,91.5,35.7333333333333,45.4617,3.813169956,94.0,102.232048,18.31765,14.33983,100.1174698,101.3446808,73.33019257,64.0,5.743
Peru,PER,2017,71.2404708862305,Latin America & Caribbean,Advanced,67.5328327070756,63.480196830607,79.1543307469682,64.200137738362,64.4779114739044,81.492,40.5418254098508,73.3333333333333,74.4184416165598,82.2244473977535,82.4858757062147,55.38,79.0215159310345,58.1988972840515,71.2473893423805,37.4,74.86,94.3,72.0,,18.1413923493015,39.452708187468,64.031375692783,100.0,33.3333333333333,,,99.0539724477911,69.4300293526536,79.406853880466,49.7829107853285,92.8666366217212,71.5822581737857,73.7288135593221,73.7288135593221,100.0,55.38,94.0,64.043031862069,63.855421686747,52.5423728813559,55.6203913004517,72.4915,62.6866593229245,72.5697903152726,84.4893557732538,89.25,37.4,50.4504,3.931309938,94.0,92.08036041,17.93677,14.57939,98.021492,100.2095718,71.24655151,63.0,5.71500015258789
Peru,PER,2018,,Latin America & Caribbean,Advanced,67.176731310819,68.1333024422279,71.0736211842515,62.9089565486313,66.849029645747,84.178,49.4885894389031,73.3333333333333,78.7847354925302,57.6563796149911,82.4858757062147,57.35,78.0196909310345,53.3571787148594,73.5362870571838,40.1,82.89,95.0,74.0,,22.128181110853,48.8256205296184,77.5119666762378,100.0,33.3333333333333,,,99.7924639530829,76.6391407929687,80.9303301920917,57.7770070319775,67.873368735528,47.4393904944543,73.728813559322,73.7288135593221,100.0,57.35,94.0,62.039381862069,59.8393574297189,46.875,55.8195320000497,81.94,70.7378819165156,71.4146655960998,84.4893557732538,88.5,40.1,55.0543,3.713920116,94.0,89.45751953,17.38724,14.20042,99.03289795,98.60951996,,65.0,5.663
Peru,PER,2019,,Latin America & Caribbean,Advanced,68.4307519034115,70.0778289438491,71.4116709800321,63.6705929565211,68.8202933404338,85.4,53.127905692956,73.3333333333333,75.1406110026283,62.1456285943447,82.4858757062147,59.08,78.3725603103448,53.5592185592186,74.0541166755422,47.885,83.0,95.0,77.0,,24.9416030086606,54.7502263984868,79.6918876717208,100.0,33.3333333333333,,,99.7563083141535,68.880895653733,81.4003263515236,50.5249136911031,72.0884521574359,52.2028050312535,73.728813559322,73.7288135593221,100.0,59.08,94.0,62.7451206206897,56.3492063492063,50.7692307692308,56.0330126774969,78.615,70.5886430494729,73.7270718774875,84.4893557732538,92.25,47.885,59.9505,3.822429895,,91.06607819,,,102.4861221,97.70298004,,65.0,5.697
Philippines,PHL,2015,35.8745887819664,East Asia & Pacific,Transitioner,50.7996729902176,50.4532465932608,40.0175471677276,71.2267467356322,46.30852783539,83.916,3.52664029267572,77.3809523809524,14.7745819962807,36.4597621135144,97.6190476190476,40.68,73.0002402068965,100.0,47.0523264609041,43.3333333333333,99.0,93.0,67.29,,4.75306669602971,5.82685418199746,0.0,76.1904761904762,79.1666666666667,,,27.5700088540417,21.0993889190184,8.44977507354305,1.97915513851973,46.8165554112845,26.1029688157443,96.4285714285714,96.4285714285714,100.0,40.68,98.0,48.0004804137931,100.0,100.0,39.4845824685868,57.349,39.4407812830136,57.7950744403499,38.489168860045,62.7550505050505,43.3333333333333,36.9,2.830523014,98.0,,30.26629,26.22974,108.6643951,86.64094709,38.10377502,90.0,5.073
Philippines,PHL,2016,38.3447414525513,East Asia & Pacific,Transitioner,57.4076642874608,55.4717040894387,51.3223905147169,74.731667045977,51.0500832472317,89.0,9.5602126045492,80.2380952380952,37.0977559256363,42.3986965516321,97.6190476190476,50.92,73.275001137931,100.0,50.970937392373,51.3666666666667,99.0,93.0,80.0,,6.88776234199989,9.4429728889571,12.3499025826906,80.9523809523809,79.1666666666667,,,49.8931822275939,43.4225622925706,30.7729495587021,24.3023296236787,52.7554892472818,32.0419038559824,96.4285714285714,96.4285714285714,100.0,50.92,97.5,49.0500022758621,100.0,100.0,39.7433406087689,66.667,51.0363768013431,60.4570745610546,38.489168860045,63.5904522613065,51.3666666666667,39.2,3.301280975,,,28.98824,23.52214,106.2157413,87.1297235,40.48574829,82.0,5.279
Philippines,PHL,2017,33.6841018682349,East Asia & Pacific,Transitioner,60.9699245490199,62.5346366621155,53.1415910087593,75.7317697586207,54.9072055096257,92.28,23.2232583219553,81.6666666666667,39.3517990556299,44.6926546567445,97.6190476190476,54.27,72.9253092758621,100.0,53.7840068870322,59.4,99.0,93.0,88.2,,8.65015466258826,12.4582847876813,48.5613355155964,83.3333333333333,79.1666666666667,,,51.3376794830182,44.8670595479948,33.8365385632649,27.3659186282416,54.1724393216108,35.2128699918782,96.4285714285714,96.4285714285714,100.0,54.27,97.0,48.8506185517241,100.0,100.0,39.8143361082396,77.4285,57.592091914675,62.7738467000709,38.489168860045,63.0726817042607,59.4,41.6,3.963840961,,104.4364548,29.08352,23.88062,103.1825504,84.50405884,35.40542603,72.0,5.42999982833862
Philippines,PHL,2018,28.1166228592308,East Asia & Pacific,Transitioner,64.8429260566801,69.0080499298733,58.2636080967777,76.2903486029922,57.6346535665174,99.0,27.6629819675405,91.7142857142857,53.0971989861683,43.7522974462521,97.6190476190476,57.37,73.4851727931034,98.015873015873,55.9683169581467,64.3,99.0,99.0,99.0,,10.4339001217832,15.3751958749363,57.179849905902,92.8571428571429,90.0,,,70.754901355549,52.940650053094,53.2537479192426,35.4394966167877,53.232088890918,34.2725060015862,96.4285714285714,96.4285714285714,100.0,57.37,96.5,50.4703455862069,96.0317460317461,100.0,40.4195779068871,88.19,65.7685484205409,59.9530396032605,38.489168860045,62.2325,64.3,44.1,3.855027676,,110.8821869,,,98.09214045,82.0352411,29.42863846,71.0,5.524
Philippines,PHL,2019,30.0548680110365,East Asia & Pacific,Transitioner,64.5955297121098,70.4100442967448,54.6196975549302,77.9445402413793,58.0818241688946,99.0,31.167967884719,91.7142857142857,43.0036289140018,44.7360911637998,97.6190476190476,60.52,73.3136207241379,100.0,54.9397802111183,70.65,99.0,99.0,99.0,,12.1851815751572,18.474555553515,62.8441665254849,92.8571428571429,90.0,,,51.7542178346039,51.7542178346039,34.2530399933997,34.2530399933997,54.2158958277854,35.2562864998142,96.4285714285714,96.4285714285714,100.0,60.52,96.0,50.6272414482759,100.0,100.0,40.418406431004,80.565,64.2129917439399,60.6216485569432,38.489168860045,61.3483709273183,70.65,43.0266,3.407486439,96.0,101.023819,,,95.9793329,87.57078406,31.23676491,69.0,5.631
Poland,POL,2015,69.3731994628906,Europe & Central Asia,Advanced,70.493912793825,66.6795159256976,67.5528952278327,83.1417490795756,65.9402980333422,98.78,35.1606945761488,65.5161904761905,75.582374438295,57.7985086177367,71.0027100271003,70.2,86.9175549310345,92.3076923076923,68.4253725416777,56.0,99.9,100.0,97.0,,16.2976297317514,25.8463251997981,63.3381287968968,56.5714285714286,78.9333333333333,,,82.1516645383816,82.1516645383816,69.0130843382084,69.0130843382084,64.9152395594972,50.6817776759762,56.5040650406504,56.5040650406504,100.0,70.2,100.0,73.835109862069,100.0,84.6153846153846,74.1939834177407,62.31,25.9452974537545,85.839107779627,85.6115645095276,78.7638190954774,56.0,67.997,4.817009926,,99.46398926,,9.3184,,109.4147873,69.37319946,60.0,5.791
Poland,POL,2016,69.8503799438477,Europe & Central Asia,Advanced,72.1681822491056,70.4730580913726,68.3445509411094,82.3333925528587,68.4037708436747,99.8,43.6245499903363,65.5161904761905,76.5637491285484,58.796273210675,71.0027100271003,76.91,86.7430588275862,83.3471188309898,70.7297135545934,59.1,100.0,100.0,99.5,,20.7655900285269,35.2191036692754,74.8889562732065,56.5714285714286,78.9333333333333,,,82.7594335075582,82.7594335075582,70.3680647495385,70.3680647495385,65.508264621269,52.084281800081,56.5040650406504,56.5040650406504,100.0,76.91,100.0,73.4861176551724,82.078853046595,84.6153846153846,74.3333164314149,70.29,31.1425719139729,87.1504507576506,85.6115645095276,80.531328320802,59.1,73.3007,4.659110069,,100.4373398,,9.19768,,109.1172485,69.85037994,57.0,5.835
Poland,POL,2017,70.6174621582031,Europe & Central Asia,Advanced,76.2120247257637,71.787796668897,76.9650470436696,86.1298248016832,70.8918437696278,99.92,46.7913964341472,65.5161904761905,96.7465822430402,60.1646803525837,71.0027100271003,80.14,86.5685627241379,91.6809116809117,73.0648047120348,62.2,100.0,100.0,99.8,,24.0795152153514,37.7575308193605,78.5371432677297,56.5714285714286,78.9333333333333,,,100.0,100.0,93.4931644860804,93.4931644860804,66.5351721880753,53.794188517092,56.5040650406504,56.5040650406504,100.0,80.14,100.0,73.1371254482759,92.5925925925926,90.7692307692308,73.9504213620065,81.675,36.3380251347524,88.3165125538875,85.6115645095276,80.54,62.2,75.9854,4.574649811,,105.238327,10.18051,9.09854,97.68032837,109.4592209,70.61746216,46.0,5.97300004959106
Poland,POL,2018,71.0217437744141,Europe & Central Asia,Advanced,79.2973121781019,73.8945500241193,78.2167995054706,89.7346888850575,76.2361675817492,100.0,50.5497083936316,68.3733333333333,97.3659972067789,62.6746465433475,71.0027100271002,82.81,86.3940666551724,100.0,74.9202094771865,81.5,100.0,100.0,100.0,,28.8401477693018,41.8996566720393,80.9093207395537,61.3333333333333,78.9333333333333,,,100.0,100.0,94.7319944135578,94.7319944135578,69.1416802355141,56.2076128511808,56.5040650406504,56.5040650406504,100.0,82.81,100.0,72.7881333103448,100.0,100.0,74.0156146386176,93.06,41.5503160433898,86.6035521943976,85.6115645095276,80.58,81.5,77.5417,4.605060101,,94.18228149,,,94.48976135,110.5419388,71.02174377,42.0,6.123
Poland,POL,2019,70.9065017700195,Europe & Central Asia,Advanced,79.7038363178527,75.8414535647651,76.5116494974111,88.9309416299795,78.2041496287108,100.0,55.4169672452461,68.3733333333333,83.5300850577158,72.2476836722617,71.0027100271003,84.94,85.9624139310345,95.8904109589041,75.8351870358885,87.68,100.0,100.0,100.0,,36.9634169485617,48.6753323797084,80.6121524074683,61.3333333333333,78.9333333333333,,,96.8262934151807,81.4703761802236,85.589793935208,70.2338767002508,78.3341208905803,66.1612464539431,56.5040650406504,56.5040650406504,100.0,84.94,100.0,71.924827862069,100.0,91.7808219178082,73.7706624693563,89.47,47.8198893715252,87.3088188290336,85.6115645095276,79.86,87.68,80.4359,4.67881012,,94.6803894,,,94.94496155,109.7533035,70.90650177,40.0,6.182
Portugal,PRT,2015,61.7960205078125,Europe & Central Asia,Advanced,72.7509425024592,64.9190902468254,77.439340062382,80.7198053516522,69.0303891816895,96.36,37.2015351408731,57.472380952381,78.2658768829342,79.8311182594706,71.0027100271003,78.42,85.4270831034483,78.3123329515082,77.1546531437786,36.5333333333333,99.0,95.7,95.7,,18.947985738791,26.2500427349224,66.4065769489059,53.1428571428571,63.9666666666667,,,90.9683618269354,80.1858748010903,76.3458789647781,65.563391938933,87.7516298098058,71.9106067091354,56.5040650406504,56.5040650406504,100.0,78.42,96.1,74.7541662068966,86.2542955326461,70.3703703703704,76.8676379949513,69.2085,43.4820671258759,90.786771538034,96.8164586580215,86.4321608040201,36.5333333333333,68.6329,4.885540009,,,13.30619,9.9287,107.0115967,116.8717422,61.85820007,88.0,5.102
Portugal,PRT,2016,63.2387504577637,Europe & Central Asia,Advanced,75.3586068365534,69.2809891770348,80.5728556925187,79.8702653851869,72.3341663201668,98.36,46.1062824663965,57.472380952381,85.3360670064432,80.5947172113033,71.0027100271003,80.87,85.5831023793103,73.1576937762505,79.5010412335418,43.6666666666667,99.8,98.0,98.0,,24.2645964793299,37.3036152008762,76.7506357189834,53.1428571428571,63.9666666666667,,,97.7851317019669,87.0026446761218,83.6694893367647,72.8870023109196,88.2406901591212,72.9487442634855,56.5040650406504,56.5040650406504,100.0,80.87,96.1,75.0662047586207,75.9450171821306,70.3703703703704,77.8776621683728,74.638,50.3869035910552,91.9801817502597,96.8164586580215,86.25,43.6666666666667,70.4236,4.770905972,,,12.7774,9.64497,105.8052902,115.6400909,63.26557159,94.0,5.123
Portugal,PRT,2017,64.2040176391602,Europe & Central Asia,Advanced,76.1414019710011,71.9674076452154,77.8198645368303,79.3756791768128,75.6083381362604,98.36,52.8223286368479,57.472380952381,77.8200579562096,81.2282483723159,71.0027100271003,83.48,85.1794482068966,69.4675893235419,81.8104226703255,50.8,99.8,98.0,98.0,,28.8077535140744,45.4293662802534,84.2298661162159,53.1428571428571,63.9666666666667,,,89.9727050433816,79.1902180175365,76.4498978948827,65.6674108690375,88.5531022444195,73.9033945002123,56.5040650406504,56.5040650406504,100.0,83.48,96.1,74.2588964137931,69.0721649484536,69.8630136986302,78.7549860367456,83.849,55.3468827033515,93.2092859535087,96.8164586580215,86.0,50.8,73.7912,5.015610218,,,12.35346,9.51599,104.9138336,117.4266281,64.16982269,89.0,5.19500017166138
Portugal,PRT,2018,65.1127395629883,Europe & Central Asia,Advanced,79.7539247488448,74.265850468142,80.5342255142454,82.8106256924922,81.6869245385686,98.856,58.0724356941645,57.472380952381,78.8453555034402,86.9888532686231,71.0027100271003,85.0,85.5058613103448,77.9260157671316,83.1586556732107,75.8,99.88,98.6,98.6,,36.5328960331709,51.371765474857,86.3126455744656,53.1428571428571,63.9666666666667,,,90.9018051632102,80.119318137365,77.5713928695154,66.7889058436703,94.2094932610411,79.7682132762051,56.5040650406504,56.5040650406504,100.0,85.0,96.1,74.9117226206897,79.3814432989691,76.4705882352941,79.6062075113193,93.06,58.3097235642907,91.0308886324223,96.8164586580215,87.0,75.8,74.661,4.675159931,,99.7984314,,,104.9794617,118.4562073,65.02790833,77.0,5.41
Portugal,PRT,2019,66.0920562744141,Europe & Central Asia,Advanced,79.2725910175878,77.2166048171946,74.2494430629733,81.0640120472542,84.9689431815031,99.496,64.809321566796,57.472380952381,66.6795117960245,83.4427408478585,71.0027100271003,85.47,85.9164805862069,71.8055555555556,84.5711789768789,86.56,99.88,99.4,99.4,,44.7437282963334,63.0042170616823,86.6800193423724,53.1428571428571,63.9666666666667,,,74.0796440276008,72.2275155634103,61.1315080286387,59.2793795644481,90.456314513963,76.429167181754,56.5040650406504,56.5040650406504,100.0,85.47,96.1,75.7329611724138,79.1666666666667,64.4444444444444,80.5135061945238,88.295,65.9603821933002,91.5430478385491,96.8164586580215,87.75,86.56,75.3464,4.630020142,,101.2999878,,,105.1829224,119.5350418,65.93405151,66.0,5.693
Paraguay,PRY,2015,,Latin America & Caribbean,Transitioner,52.8268870872477,35.2438330158833,54.6243396490207,78.5485267931034,51.5006488625093,59.32,11.7895825397082,34.0,45.4999289019144,41.6940057634118,98.7338289144513,58.49,77.1555803793104,100.0,58.2258110781367,24.6,95.0,90.8,10.0,,4.54940521805858,5.99419905844184,24.8251433426242,33.3333333333333,35.0,,,56.3068734525398,56.3068734525398,34.6929843512889,34.6929843512889,53.4015290265893,29.9864825002342,100.0,96.2014867433539,100.0,58.49,96.0,58.3111607586207,100.0,100.0,48.0739453740364,41.4895,38.5710518149046,67.8666146445701,74.1214245216391,83.502538071066,24.6,49.7163,3.333778143,96.0,95.65579224,,,98.23418104,,,53.0,5.878
Paraguay,PRY,2016,,Latin America & Caribbean,Transitioner,56.2986054835429,42.5588487901533,56.5293879864315,74.382237824222,56.1380282080072,65.368,24.0291219753833,34.0,51.1695117820357,40.8818250883806,98.544266191325,52.26,76.9842744482759,93.9024390243902,63.022535260009,28.6,95.36,95.0,20.74,,10.5908487035809,19.4608367240419,42.0356804985272,33.3333333333333,35.0,,,61.9025831924133,61.9025831924133,40.4364403716582,40.4364403716582,52.5093191162895,29.2543310604716,100.0,95.632798573975,100.0,52.26,95.0,58.9685488965517,87.8048780487805,100.0,48.2513023775898,60.145,47.5359728474523,71.5385117292432,74.1214245216391,87.1859296482412,28.6,53.4041,3.434979916,95.0,95.53607178,,,98.11753845,82.36054993,,70.0,5.538
Paraguay,PRY,2017,,Latin America & Caribbean,Transitioner,59.9683754431244,53.0779861369962,57.8039849084466,73.034627828684,57.7149201668668,80.716,34.9789653424904,34.0,52.4191901617055,42.8186390137485,98.544266191325,54.54,75.8902219310345,88.6736615550175,63.9936502085835,32.6,96.8,95.3,58.09,,12.0516644291465,27.8430762343825,65.0421553639423,33.3333333333333,35.0,,,62.9346049948444,62.9346049948444,41.9037753285666,41.9037753285666,54.2103384163156,31.4269396111813,100.0,95.632798573975,100.0,54.54,94.5,57.280443862069,84.1269841269841,93.2203389830508,48.5937114640837,57.8525,51.5676084162087,73.5092566409861,74.1214245216391,86.5,32.6,61.0758,3.090620756,,,,,,,,70.0,5.49300003051758
Paraguay,PRY,2018,,Latin America & Caribbean,Advanced,65.6963433384458,62.7534036085627,60.6578476347216,77.2915509770115,63.3152732472771,90.088,39.7955090214067,54.0,54.8550791625138,47.5174068286276,98.544266191325,56.47,75.4046529310345,100.0,64.0690915590964,60.3,98.24,95.3,80.8,,14.2645668859884,32.8008526194685,72.3211075587632,66.6666666666667,35.0,,,64.949382811628,64.949382811628,44.7607755133996,44.7607755133996,58.4529024485013,36.5819112087539,100.0,95.632798573975,100.0,56.47,94.0,56.809305862069,100.0,100.0,48.9335489536612,55.56,53.9567485786636,71.9287357415179,74.1214245216391,87.25,60.3,64.9935,3.296195984,94.0,,,,,,,64.0,5.681
Paraguay,PRY,2019,,Latin America & Caribbean,Advanced,66.2146500994754,64.8660853348141,59.3860105214775,76.5838825748951,65.1594085788691,91.512,43.6532133370352,54.0,48.4041392801378,50.7887539278934,98.544266191325,58.02,75.0759279655172,96.655719759168,66.7755107235863,58.695,98.8,95.3,84.08,,16.3367733170514,38.5393119896408,76.0835547044135,66.6666666666667,35.0,,,65.1641407139331,51.8343872416265,44.9738913186491,31.6441378463425,61.7251390170055,39.8523688387812,100.0,95.632798573975,100.0,58.02,93.0,57.1518559310345,96.1685823754789,97.1428571428571,49.0380380141803,63.075,60.5138659103143,74.0417251717979,74.1214245216391,89.25,58.695,68.5176,3.489830256,93.0,,,,89.88820859,75.85639384,,63.0,5.743
West Bank and Gaza,PSE,2015,46.0871831764203,,,,,,,,,,,,,,,,,,,,,,,,,,,,,,,,,,,,,,,,,,,,,,,,,,,56.7,4.663219929,96.0,95.92949677,23.99819,19.9462,95.43193054,86.92709351,46.58375168,108.0,4.715
West Bank and Gaza,PSE,2016,45.3924907557838,,,,,,,,,,,,,,,,,,,,,,,,,,,,,,,,,,,,,,,,,,,,,,,,,,,59.9,4.982960224,97.0,94.80651093,23.84715,19.64335,95.85565948,87.15688324,45.7105217,108.0,4.754
West Bank and Gaza,PSE,2017,45.5044081379083,,,,,,,,,,,,,,,,,,,,,,,,,,,,,,,,,,,,,,,,,,,,,,,,,,,63.3,4.721539974,97.0,99.01937866,24.72816,20.08626,97.37367249,88.22238922,45.6631012,103.0,4.77500009536743
West Bank and Gaza,PSE,2018,46.4852162059319,,,,,,,,,,,,,,,,,,,,,,,,,,,,,,,,,,,,,,,,,,,,,,,,,,,64.4,,97.0,95.79850769,24.45322,17.33404,96.74787903,88.12106323,46.4495697,104.0,4.743
West Bank and Gaza,PSE,2019,45.6330464687168,,,,,,,,,,,,,,,,,,,,,,,,,,,,,,,,,,,,,,,,,,,,,,,,,,,70.6226,,97.0,95.02707672,,,96.06242371,88.88783264,45.3549118,110.0,4.696
Qatar,QAT,2015,15.9339905308662,Middle East & North Africa,Advanced,69.8368505253508,58.2218291829253,98.4450511465377,70.2968070825346,59.036859611868,90.996,26.1585729573132,56.8,96.1126278663442,100.0,100.0,68.85,71.4264124482759,70.614008799328,57.8627411815017,63.7333333333333,100.0,100.0,77.49,,14.2287888933391,20.906450584439,43.3404793941616,54.6666666666667,60.0,,,100.0,100.0,97.1370405765921,87.3134708887846,100.0,100.0,100.0,100.0,100.0,68.85,95.55,47.3028248965517,80.0796062515556,61.1484113471003,58.1728762495439,66.3725,59.8833472395773,79.9804868144766,27.4002085195115,61.381074168798,63.7333333333333,92.8848,,,94.36871338,11.62677,10.68863,101.9823685,101.9468307,15.93398952,28.0,6.611
Qatar,QAT,2016,14.8163562584538,Middle East & North Africa,Advanced,73.6119763170307,66.3401768895682,97.9221433288494,70.1443432734771,64.4382476258559,97.676,39.7744422239205,56.8,94.8053583221236,100.0,100.0,70.18,70.6514151724138,69.6016146480174,64.1311428656531,65.6666666666667,100.0,100.0,94.19,,20.0253396103675,32.4387381899033,66.8592488714906,54.6666666666667,60.0,,,100.0,99.9673424899299,94.5388302431859,84.7152605553784,100.0,100.0,100.0,100.0,100.0,70.18,93.1,48.2028303448276,78.0548179489345,61.1484113471003,58.2542771620937,67.391,86.6792464633925,82.0450285491827,27.4002085195115,65.1629072681704,65.6666666666667,95.1247,,,95.54351807,11.6276,10.24306,104.0461731,97.93940735,14.81636047,36.0,6.375
Qatar,QAT,2017,16.7774362605473,Middle East & North Africa,Advanced,76.8213901776345,71.80807863621,95.6950910688548,78.444911326265,64.6101731610794,98.652,52.4681965905251,56.8,89.237727672137,100.0,100.0,73.94,70.7383784482759,90.6563555305192,63.8627164513492,67.6,100.0,100.0,96.63,,31.7460385218083,45.6003845950849,80.058166654682,54.6666666666667,60.0,,,100.0,92.5438984130475,87.115290981654,77.2917212938465,100.0,100.0,100.0,100.0,100.0,73.94,93.5,47.9767568965517,96.4931731044338,84.8195379566045,58.261416279123,73.2805,83.9526572224472,84.4876216642358,27.4002085195115,57.1428571428572,67.6,97.3888,2.967459917,,99.11260223,11.77467,10.41565,106.431633,102.3064194,16.77743912,35.0,6.375
Qatar,QAT,2018,17.4458250857575,Middle East & North Africa,Leader,80.8582306937334,78.0024665638229,96.3301488159189,80.6382638524742,70.5480802377096,98.848,67.7581664095572,56.8,90.8253720397973,100.0,100.0,77.06,72.6144136896552,92.2403778677674,66.685100297137,86.0,100.0,100.0,97.12,,55.9553645850255,62.2791221838371,85.0400124598091,54.6666666666667,60.0,,,100.0,94.6580968734618,89.2334804867676,79.4099107989601,100.0,100.0,100.0,100.0,100.0,77.06,93.5,51.7288273793103,98.4032640695049,86.0774916660299,57.5640746600583,79.17,96.5983748022952,81.7778435038199,27.4002085195115,61.0,86.0,99.6528,,,99.82433319,12.1676,11.04303,107.3344879,102.4454575,17.44582939,32.0,6.374
Qatar,QAT,2019,21.0931416049405,Middle East & North Africa,Leader,81.9127828785966,83.6411426205422,89.3246026235267,83.3906625328451,72.2600485208282,99.008,81.6948565513554,56.8,73.3115065588167,100.0,100.0,81.05,73.0685862758621,96.0534013226734,67.7625606510353,90.25,100.0,100.0,97.52,,74.8281116245191,83.6931419701753,86.5633160593719,54.6666666666667,60.0,,,85.8472997976405,76.023730109833,70.5992830078004,60.7757133199929,100.0,100.0,100.0,100.0,100.0,81.05,93.5,52.6371725517241,100.0,92.1068026453467,58.1088940930868,72.525,100.0,83.5806408461404,27.4002085195115,66.9211195928753,90.25,99.6528,2.803780079,,100.5073624,,,103.5798492,107.0728683,21.09313965,29.0,6.374
Romania,ROU,2015,49.3609886169434,Europe & Central Asia,Advanced,67.7242520368297,62.6578855311088,65.6788414926867,81.3914029545142,62.8054187992639,88.74,36.4999519230102,62.8095238095238,65.1799507001166,64.6085508810627,68.8172043010753,71.78,80.8410111034483,91.5531977600943,65.7817734990798,50.9,99.9,99.9,72.0,,23.1102836343835,30.6597241687503,55.7298479658967,61.9047619047619,64.1666666666667,,,78.3761941837253,68.5526244959178,61.8072769043154,51.9837072165079,73.5833810740763,55.633720688049,53.2258064516129,53.2258064516129,100.0,71.78,98.8,62.8820222068966,92.3371647509579,90.7692307692308,69.4471914654583,44.873,33.7498331398175,87.6895948122917,85.6996721284644,59.7721518987342,50.9,55.7632,3.106950045,,92.9707489,18.90704,12.09628,89.05341339,91.33770752,49.36098862,86.0,5.124
Romania,ROU,2016,49.911319732666,Europe & Central Asia,Advanced,70.9681749973037,69.2299942675538,69.0201050551937,81.5139239279813,65.1257649097279,93.34,48.3302237641227,62.8095238095238,66.7281868129734,66.9331869361219,77.7777777777778,75.93,80.7177931034483,87.8939786804955,67.7322061371599,54.7,99.9,99.9,83.5,,30.94630482988,42.7393317410106,71.3050347214774,61.9047619047619,64.1666666666667,,,79.4797286971477,69.6561590093402,63.8002146166066,53.9766449287991,75.4262570630817,58.4401168091621,66.6666666666667,66.6666666666667,100.0,75.93,98.8,62.6355862068966,85.0187265917603,90.7692307692308,69.608838734736,45.652,40.5097401365999,89.5393927513258,85.6996721284644,60.9547738693467,54.7,59.504,3.025599957,,89.26061249,19.32759,12.11967,87.58959198,88.7795105,49.91131973,71.0,5.528
Romania,ROU,2017,50.5108184814453,Europe & Central Asia,Advanced,73.5887874472802,73.7038744984701,70.8244118645858,83.0358529251645,67.656206218925,97.958,54.8969243414132,62.8095238095238,69.0617758292957,67.9432314232053,80.1120448179272,79.03,79.6171049310345,90.4604538444591,69.9452577736562,58.5,99.99,99.9,95.0,,33.0338780107784,50.119202239721,81.5376927737403,61.9047619047619,64.1666666666667,,,82.2011262791609,72.3775565913534,65.745995067238,55.9224253794305,76.8564274963302,59.0300353500804,70.1680672268908,70.1680672268908,100.0,79.03,98.8,60.434209862069,88.7640449438202,92.156862745098,70.1096889554852,55.811,45.2861263967335,90.825301387598,85.6996721284644,59.8,58.5,63.7473,3.118200064,,,19.33481,12.07981,87.2723999,88.38432312,50.51081848,57.0,5.82499980926514
Romania,ROU,2018,51.9943504333496,Europe & Central Asia,Advanced,75.8008976946976,75.4532217796413,77.1109970888061,83.2218443284072,68.1814059073223,98.712,58.5162925443414,62.8095238095238,79.8593366097924,72.8621337032593,80.1120448179272,81.59,79.5041044137931,88.5714285714286,71.0267573841529,56.8,99.96,99.9,96.9,,35.4653162615886,56.6468671183481,83.4366942530875,61.9047619047619,64.1666666666667,,,87.9184648709393,87.9184648709393,71.8002083486454,71.8002083486454,81.5928559861686,64.1314114203501,70.1680672268908,70.1680672268908,100.0,81.59,98.8,60.2082088275862,100.0,77.1428571428572,69.2302980293978,65.97,50.0881730732421,87.4681436896601,85.6996721284644,59.325,56.8,70.6813,3.319180012,,87.99362183,,,91.37512207,86.55771637,51.99435043,52.0,5.945
Romania,ROU,2019,52.4439697265625,Europe & Central Asia,Advanced,75.293960739179,77.5489732453115,70.1879223595766,82.9772519437293,71.1611710134928,99.204,63.2636712085168,62.8095238095238,70.6590372202837,64.7547462696942,80.1120448179272,83.63,79.9697119885058,85.3320438426821,72.315213766866,66.545,99.96,99.9,98.13,,41.513717273396,64.3894732610609,83.8878230910936,61.9047619047619,64.1666666666667,,,80.6864613050452,76.2019634748968,65.1161109656705,60.6316131355222,73.1886860368555,56.3208065025329,70.1680672268908,70.1680672268908,100.0,83.63,98.8666666666667,61.0727573103448,85.8156028368794,84.8484848484848,66.8791790385149,69.16,55.251916722805,87.6287770150745,85.6996721284644,63.0730478589421,66.545,73.6575,3.566950083,,87.55349731,,,92.61399841,86.40740967,52.44396973,48.0,6.07
Russian Federation,RUS,2015,84.2355651240256,Europe & Central Asia,Advanced,69.8083727563353,56.0784721841758,73.6147424798171,85.2500564744908,67.4798973061964,79.4,25.2723709366299,71.0476190476191,73.5765641605945,69.2173541858407,82.4858757062147,76.65,82.170344862069,96.9298245614035,69.4498716327455,59.6,89.0,95.0,59.0,,11.8264788812677,15.1807605102508,48.8098734183714,66.1904761904762,78.3333333333333,,,81.4706009438664,81.4706009438664,65.6825273773226,65.6825273773226,77.7692273677186,60.6654810039628,73.728813559322,73.7288135593221,100.0,76.65,99.7,64.6406897241379,96.4912280701754,97.3684210526316,67.1103120217802,72.027,29.3249774432143,82.6194099417129,87.7507790101845,88.8607594936709,59.6,70.0992,3.834029913,,97.34127808,20.14375,,98.38278198,96.32926178,84.23557281,64.0,5.716
Russian Federation,RUS,2016,83.860044350614,Europe & Central Asia,Advanced,72.0165852485322,61.2822165986824,73.6366398070851,85.4233003133696,69.7790938543627,81.96,34.0550653062298,74.3809523809524,74.2386793306514,68.6099823339541,82.4858757062147,74.29,83.2956904137931,98.6842105263158,69.9238673179534,69.2,89.0,95.0,65.4,,15.8043360177729,23.2073063216428,63.1535535792737,66.1904761904762,86.6666666666667,,,82.1327101218238,82.1327101218238,66.3446485394789,66.3446485394789,77.1618490243909,60.0581156435173,73.7288135593221,73.7288135593221,100.0,74.29,99.7,66.8913808275862,100.0,97.3684210526316,67.7383069142734,73.188,26.7171212183255,85.2050943592644,87.7507790101845,91.2280701754386,69.2,73.0914,3.760440111,,94.93540955,20.61869,,98.33412933,95.91426849,83.86003876,56.0,5.856
Russian Federation,RUS,2017,81.7051021681418,Europe & Central Asia,Advanced,75.571195864243,66.3468454570353,76.1294036025275,86.859713183908,74.3419727902075,87.348,41.3286374521122,74.3809523809524,75.8231353011489,73.2574358520625,82.4858757062147,77.37,83.2091395517241,100.0,73.2274659877594,78.8,90.0,95.0,78.37,,19.129166455343,30.8256913551529,74.0310545458405,66.1904761904762,86.6666666666667,,,83.3948731952835,83.3948731952835,68.2513974070143,68.2513974070143,81.4601519040416,65.0547198000833,73.7288135593221,73.7288135593221,100.0,77.37,99.7,66.7182791034483,100.0,100.0,67.7267974549749,82.429,38.4136532533658,86.9066002202716,87.7507790101845,88.25,78.8,76.0081,4.689909935,,,21.25883,,100.767601,97.52062988,81.70510101,49.0,5.96299982070923
Russian Federation,RUS,2018,81.5681115998523,Europe & Central Asia,Advanced,75.499407933906,68.836789309534,72.8275199242782,85.3172302012543,75.9663586285888,90.804,44.0974970833589,74.3809523809524,69.517700979239,71.3081609783492,82.4858757062147,80.04,82.1254136551724,93.7862769485904,74.057948285736,83.6,91.0,95.0,86.51,,20.9068784771699,35.1157927519447,76.269820020962,66.1904761904762,86.6666666666667,,,76.9843319041258,76.9843319041258,62.0510700543522,62.0510700543522,79.3970111469766,63.2193108097218,73.7288135593221,73.7288135593221,100.0,80.04,99.7,64.5508273103448,96.5277777777778,91.044776119403,67.2778131398317,91.67,39.6369760892601,85.1641731894035,87.7507790101845,89.25,83.6,80.8647,4.678199768,,99.5994873,,,102.0685577,99.21350098,81.5681076,59.0,5.81
Russian Federation,RUS,2019,80.9520697471091,Europe & Central Asia,Advanced,76.9294240221745,72.0971290940001,71.1211889368324,87.9298622642012,77.6813118060538,94.88,48.172346544524,74.3809523809524,67.2340617688347,71.6800216843575,77.7777777777778,82.25,84.4381375172414,97.1014492753623,74.3941397575672,90.83,94.8,95.0,94.8,,24.3444761122814,43.6156392272521,76.5569242940385,66.1904761904762,86.6666666666667,,,77.4644556741609,71.9369164203807,62.5312071172887,57.0036678635085,79.7688646526632,63.5911787160517,66.6666666666667,66.6666666666667,100.0,82.25,99.8,69.0762750344828,100.0,94.2028985507247,67.1893195426088,86.715,43.2455265179921,85.8025737170506,87.7507790101845,89.25,90.83,82.6422,3.695614338,,100.0243378,,,101.8323364,100.4717407,80.95207214,68.0,5.648
Rwanda,RWA,2015,7.53124856448318,Sub-Saharan Africa,Emerging,38.3042326423262,48.7534181615668,38.2882919727913,33.4608932193841,34.4650150647481,59.472,26.8686882610599,71.0857142857143,52.0586287237087,16.5787678749363,54.1666666666666,35.69,54.8161364482759,9.87654320987653,29.2479354976018,55.3333333333333,99.9,88.01,10.72,,8.26717830285511,7.57798923312177,64.7608972472027,88.4761904761905,45.0,,,60.9905397076834,60.9905397076834,43.1267177397341,43.1267177397341,26.2550047742421,6.90253097563041,40.625,100.0,21.875,35.69,71.5,38.1322728965517,19.7530864197531,0.0,20.2523850588757,48.4165,3.56326910936682,34.7554654201816,54.4203078995847,18.08,55.3333333333333,12.5,3.647119999,,63.19805908,58.34317,19.21098,137.2431946,39.40990067,7.53125,154.0,3.465
Rwanda,RWA,2016,7.57807264441764,Sub-Saharan Africa,Emerging,37.011471465462,53.1486271581084,33.0077500450748,30.1055337949249,35.5296641107144,78.828,18.5007107524138,71.0857142857143,32.1461374515046,23.289904327849,54.1666666666667,30.32,53.7124483793103,6.28415300546449,29.9704134717263,57.7666666666667,99.98,92.08,55.0,,7.38512995908216,7.96333050412865,40.1536717940306,88.4761904761905,45.0,,,41.0773388352684,41.0773388352684,23.2149360677409,23.2149360677409,32.965372493593,13.6144361621049,40.625,100.0,21.875,30.32,72.0,35.4248967586207,12.568306010929,0.0,20.8593193050538,45.652,4.13886076532999,38.5675793886629,54.4203078995847,18.08,57.7666666666667,14.6,3.434839964,,67.74500275,58.45684,18.57893,140.6200256,38.50624084,7.578070164,152.0,3.515
Rwanda,RWA,2017,7.34488296090452,Sub-Saharan Africa,Emerging,41.5995585314042,66.1628555105446,33.7248920890364,35.5181471888747,37.786770433446,92.932,36.9322816335042,71.0857142857143,33.9585924630684,23.2703044261894,54.1666666666667,31.73,55.4417255172414,19.3827160493827,32.1834630418075,60.2,99.92,93.37,89.0,,12.9100888272798,19.1124768544283,78.7742792188047,88.4761904761905,45.0,,,42.8898470583713,42.8898470583713,25.0273378677655,25.0273378677655,32.9458302377675,13.5947786146112,40.625,100.0,21.875,31.73,72.5,38.3834510344828,32.0987654320988,6.66666666666667,21.9166521796951,58.936,3.7961165566089,42.2762385731487,54.4203078995847,18.08,60.2,17.2,3.124739885,,76.0721817,57.85938,20.08785,139.3099518,39.6912117,7.344880104,151.0,3.47099995613098
Rwanda,RWA,2018,6.76094647714264,Sub-Saharan Africa,Emerging,45.7408839073039,68.3851670183336,38.1390859542929,40.7245713524904,41.2125509232276,98.816,36.6040604029768,71.0857142857143,43.9556613938335,24.3087201585654,54.1666666666667,32.99,55.8503807241379,33.3333333333333,34.0906886540345,69.7,99.92,98.54,98.54,,13.8616488633699,18.477531836762,77.4730005087983,88.4761904761905,45.0,,,52.887029572339,52.887029572339,35.0242932153279,35.0242932153279,33.984369018613,14.6330712985177,40.625,100.0,21.875,32.99,73.0,38.7007614482759,33.3333333333333,33.3333333333333,24.0246687172021,72.22,4.57289982873702,42.2855668246485,54.4203078995847,18.08,69.7,19.2,3.073750019,73.0,84.2233429,59.50859,28.24773,137.1293488,41.17969131,6.760950089,151.0,3.408
Rwanda,RWA,2019,6.3142892660234,Sub-Saharan Africa,Emerging,39.1615727587553,69.4682928888401,24.6445154233922,32.4529518774844,42.3330329559451,99.184,38.943875079243,71.0857142857143,28.6244473746576,5.90350785048954,54.1666666666667,33.98,56.4936097308139,6.88524590163935,34.2100411949313,74.825,99.92,99.0,99.0,,12.8565536034312,19.80697813976,84.168093494538,88.4761904761905,45.0,,,41.4541578415564,33.6567519163994,23.5921428329158,15.7947369077588,11.8070157009791,0.0,40.625,100.0,21.875,33.98,76.5254287719727,36.4617906896552,7.10382513661203,6.66666666666667,24.9996766031788,66.99,4.55710799152778,44.5381134803654,54.4203078995847,18.08,74.825,21.358,3.238680601,,95.97730255,,,138.0200806,44.07789993,6.314290047,152.0,3.334
Saudi Arabia,SAU,2015,57.0892771397236,Middle East & North Africa,Transitioner,59.6280732461069,53.3749275106774,70.5076748030056,75.0838132914586,44.7386724579652,92.684,22.0199854433602,37.4666666666667,84.7285111572204,41.5406758502936,100.0,51.69,76.9284432413793,96.6329966329966,46.2816739057898,38.5666666666667,99.42,97.0,85.0,,8.39880652876582,14.6120402203685,43.0491095809464,33.3333333333333,43.6666666666667,,,100.0,81.2785184995867,94.2931276072831,63.3423985220119,51.2560741714799,31.8252775291073,100.0,100.0,100.0,51.69,95.0,58.8568864827586,93.2659932659933,100.0,48.893880714012,72.278,30.2269508995525,70.534207759836,11.8133097473853,67.6020408163265,38.5666666666667,69.6162,,,,10.89539,10.26494,102.6921463,103.2760086,56.55057144,35.0,6.411
Saudi Arabia,SAU,2016,63.9826623355369,Middle East & North Africa,Transitioner,63.246517993356,57.9297108255044,71.051792425902,77.7426349093231,50.0047001744291,97.084,29.0069437304276,37.4666666666667,84.3029616214678,43.3265194432872,100.0,62.59,77.5823491724138,93.0555555555556,50.5725418847031,47.7333333333333,99.42,99.0,94.0,,9.42027451506365,20.6808416502301,56.919715025989,33.3333333333333,43.6666666666667,,,100.0,80.4579522849429,93.8523116430996,62.9015825578285,52.8362197121409,33.8168191744336,100.0,100.0,100.0,62.59,95.0,60.1646983448276,86.1111111111111,100.0,49.3348558157919,67.391,47.330702219597,72.999899429686,11.8133097473853,75.3768844221105,47.7333333333333,74.8793,,,,11.70128,10.48578,103.4481506,105.0498962,64.65511322,34.0,6.379
Saudi Arabia,SAU,2017,70.7471342981424,Middle East & North Africa,Advanced,65.7375637629743,64.1286454371871,67.9156395226516,80.2655992348748,53.4199044412704,97.084,38.6852326405867,49.1047619047619,76.9164363706384,42.8726624359905,100.0,65.39,78.2362550689655,97.1705426356589,52.549880551588,56.9,99.42,99.0,94.0,,13.9105644896992,32.9332833160036,69.2118501160575,47.6190476190476,51.3333333333333,,,100.0,70.6091996157942,84.0036374760153,53.0529083907442,52.3823201828926,33.3630046890884,100.0,100.0,100.0,65.39,95.0,61.472510137931,96.6666666666667,97.6744186046512,49.4000437089272,73.2805,52.0146607366871,75.7884067353664,11.8133097473853,74.1854636591479,56.9,94.1756,,95.0,100.3297424,12.22675,11.14518,106.08535,105.574379,72.48166656,37.0,6.3439998626709
Saudi Arabia,SAU,2018,73.1971736383918,Middle East & North Africa,Advanced,74.2090296517832,72.915007890178,88.825160053781,80.1259795925926,58.438725187571,97.084,52.3749482968736,65.6571428571428,94.8710884883497,77.1918116461029,100.0,68.21,79.390161,92.7777777777778,51.0234064844637,88.1,99.42,99.0,94.0,,27.5714638864372,55.9105052744799,73.6428757297038,71.4285714285714,57.0,,,100.0,98.8309207110024,100.0,80.6534332423962,87.0379506915979,67.3456726006078,100.0,100.0,100.0,68.21,96.0,62.780322,90.0,95.5555555555555,49.543626724683,79.17,45.1687147479354,73.7563812023147,11.8133097473853,70.5,88.1,93.31,,,101.8686218,13.81495,11.52893,105.4315491,105.8828583,74.52581787,33.0,6.371
Saudi Arabia,SAU,2019,77.9664942011008,Middle East & North Africa,Advanced,76.0641110694166,83.7767501738778,76.8840093527127,81.9219111992337,63.4394733406385,97.084,72.2626373394564,80.1904761904762,70.8134647314848,71.3965586502969,100.0,71.68,80.5440669310345,93.5416666666667,55.8443416757982,93.82,99.42,99.0,94.0,,53.0646833507135,83.7156621309204,80.0075665367353,71.4285714285714,93.3333333333333,,,88.367065134321,70.7460895213564,70.8808399416131,53.2598643286486,80.8682639630136,61.9248533375801,100.0,100.0,100.0,71.68,97.0,64.088133862069,93.3333333333333,93.75,49.6972029114503,73.995,69.3969617875356,74.8167339326195,11.8133097473853,73.0,93.82,95.7247,,,98.50849152,,,103.1577835,104.4500198,79.61306763,28.0,6.375
Sudan,SDN,2015,15.8645696640015,Middle East & North Africa,Discoverer,26.0694130628379,24.1833650793651,36.2237066884745,27.717722308747,19.0220734101432,36.62,2.42888888888889,42.8190476190476,62.3499583336934,21.4191849307028,13.5802469135803,32.63,38.5304489275862,11.9927179986548,14.1692584293457,38.4333333333333,89.1,47.0,0.0,,3.49666666666667,3.79,0.0,42.4761904761905,43.3333333333333,,,69.0629321441259,69.0629321441259,55.6369845232608,55.6369845232608,28.6915732253381,14.1467966360676,34.6153846153846,6.12535612535617,2.2204460492503102e-14,32.63,60.7,16.3608978551724,23.9854359973096,0.0,9.33112120398519,25.436,0.0,17.7041861501027,10.4790959207616,41.2277777437583,38.4333333333333,,,,63.04476929,,,76.19315338,47.60297012,17.2059803,118.0,4.55
Sudan,SDN,2016,,Middle East & North Africa,Discoverer,28.7287342641939,33.5277902686509,37.5399969617584,28.1657072271623,19.215254629424,47.49,14.9199518621035,42.8190476190476,61.8815666859871,25.1783022616187,13.5802469135803,35.23,38.7373452827586,10.5297763987284,15.8274016201133,32.7666666666667,89.45,47.0,27.0,,5.41675379560078,5.7316144275199,33.6114873631899,42.4761904761905,43.3333333333333,,,68.5947040899964,68.5947040899964,55.1684292819779,55.1684292819779,32.4508677826287,17.9057367406087,34.6153846153846,6.12535612535614,2.2204460492503102e-14,35.23,60.7,16.7746905655172,21.0595527974568,0.0,9.63480274030047,21.739,6.99501622581451,25.9905168686559,10.4790959207616,30.3361526900678,32.7666666666667,14.1,,,64.17162323,,,77.64627838,46.16238022,,133.0,4.139
Sudan,SDN,2017,,Middle East & North Africa,Discoverer,29.3604341032009,36.4762322436395,32.3612631262036,31.6166090448872,19.9112792850195,47.54,22.241056799575,42.8190476190476,55.877201284632,18.2358330740869,13.5802469135803,36.51,39.1191942689655,19.220632865696,18.1140991062743,27.1,89.7,47.0,27.0,,9.26399020492687,17.9536082001797,39.5055719936183,42.4761904761905,43.3333333333333,,,62.5902825358458,62.5902825358458,49.1641200334181,49.1641200334181,25.5083377629019,10.9633283852719,34.6153846153846,6.12535612535617,2.2204460492503102e-14,36.51,60.7,17.538388537931,38.441265731392,0.0,13.5424372880082,18.5095,6.28939276493414,32.0756868167106,10.4790959207616,37.8582654819142,27.1,18.6,,,66.07209778,,,77.05299377,48.97964096,,130.0,4.13899993896484
Sudan,SDN,2018,,Middle East & North Africa,Discoverer,28.2361513934791,40.9202231963371,24.4117922241032,31.4696782951671,20.2205072042197,47.54,33.351034181319,42.8190476190476,48.0943377161577,8.56289551652639,8.74449465514758,37.42,39.5063739137931,17.4826609717083,17.9256340052746,29.4,89.7,47.0,27.0,,11.5538113191566,24.33692797874,64.1623632460603,42.4761904761905,43.3333333333333,,,54.8076086380883,54.8076086380883,41.3810667942272,41.3810667942272,15.8356056819511,1.29018535110165,20.3703703703703,5.86311359507241,0.0,37.42,60.7,18.3127478275862,34.9653219434166,0.0,13.3208487709543,15.28,7.83516336843599,34.0929914152265,10.4790959207616,32.5201411019893,29.4,24.6,,60.6971817,66.56889343,,,77.76931763,48.36204147,,137.0,4.139
Senegal,SEN,2015,10.8409366679467,Sub-Saharan Africa,Discoverer,34.8791682281603,32.6971819548872,38.6791574366798,41.2680893370406,28.3571635116117,44.776,15.2621929824561,43.4095238095238,29.7718116858559,30.9504721497461,71.9512195121951,34.65,34.8761931448116,54.2780748663101,29.8964543895146,22.2,91.6,66.14,0.0,,7.465,5.69,32.6315789473684,48.2380952380952,36.1666666666667,,,42.4145925826065,32.591022894799,26.9526004769128,17.1290307891053,39.3257178736635,22.5752264258287,56.5040650406504,100.0,59.349593495935,34.65,43.5927314758301,26.1596548137931,50.9803921568627,57.5757575757576,36.3199934432916,34.1945,9.61950131268402,42.2963178789783,32.3954214338313,23.5075757575758,22.2,21.7,5.45637989,43.59273148,59.00497818,32.09004,20.37208,84.87368774,51.2827301,10.92908001,142.0,3.904
Senegal,SEN,2016,10.8875992426245,Sub-Saharan Africa,Emerging,38.7754112454574,36.9632933712284,44.8260331294707,43.8175106202394,31.1370154860115,57.724,12.979471523309,43.4095238095238,37.454442296333,38.6350307712462,71.9512195121951,37.12,36.1207847600822,58.211747100636,32.2212693575144,26.8,92.0,76.71,21.6,,7.69069514097867,6.85201157603574,24.3957078529126,48.2380952380952,36.1666666666667,,,50.0980958183593,40.2745261305518,34.6343584621142,24.8107887743067,47.0112218392123,30.2588397032801,56.5040650406504,100.0,59.349593495935,37.12,46.0996398925781,26.1419296275862,58.8477366255144,57.5757575757576,36.6462063966539,37.681,15.3799088238883,45.9674257110876,32.3954214338313,23.7537688442211,26.8,25.6648,5.113090038,46.09963989,,31.74299,19.65404,83.90034577,,11.13082027,128.0,4.219
Senegal,SEN,2017,11.3494415127099,Sub-Saharan Africa,Emerging,44.5252441787448,45.9714574649629,48.0658680167493,53.0525086512439,33.5269658575171,67.08,26.1438817576453,43.4095238095238,44.9238381044348,39.2652221813409,71.9512195121951,38.9,38.7454650827586,81.512060870973,34.0587073218964,31.4,97.4,82.0,37.0,,9.65439930399221,12.4170971473165,56.3601488216271,48.2380952380952,36.1666666666667,,,57.566996569324,47.7434268815165,42.1042493273531,32.2806796395455,47.6408769374085,30.8895674252733,56.5040650406504,100.0,59.349593495935,38.9,52.0,25.4909301655172,90.6103286384976,72.4137931034483,36.3842058886054,42.8005,18.8724050361729,49.7500042508723,32.3954214338313,22.9825,31.4,29.6431,4.74007988,52.0,,32.81273,18.88356,84.46053021,,11.77353001,115.0,4.53499984741211
Senegal,SEN,2018,12.4178375059947,Sub-Saharan Africa,Emerging,44.5124715866112,52.7801318585494,41.8425340286467,52.2675270474043,34.0099846826223,81.22,29.0255677416116,43.4095238095238,32.7992761682404,35.8314491472788,71.9512195121951,40.66,35.7229209757173,80.4196601664956,34.8874808532779,30.5,97.7,92.2,62.0,,8.64159015524399,13.6104474690307,64.8246656005602,48.2380952380952,36.1666666666667,,,42.676291120234,38.3850689795761,27.2134833569046,22.9222612162467,44.207136685749,27.4557616088087,56.5040650406504,100.0,59.349593495935,40.66,46.6059112548828,24.8399306965517,66.2447257383966,94.5945945945946,36.4478636850288,47.92,20.2687573889913,49.4028617585378,32.3954214338313,23.925,30.5,35.3,5.110199928,46.60591125,,36.31817,,84.30791403,,13.05908012,109.0,4.631
Senegal,SEN,2019,12.60825139125,Sub-Saharan Africa,Emerging,46.0765169603209,57.0865082040929,44.3027003111328,51.0820446814765,34.888847147537,86.9,34.1115086054704,43.4095238095238,42.3396363212159,32.4415047005185,71.9512195121951,42.27,35.5113014021535,75.4648326422761,35.3173089344213,33.175,97.9,95.2,73.1,,13.2236055482029,21.1171504016209,67.9937698665873,48.2380952380952,36.1666666666667,,,56.7359187569719,43.4061652846652,41.2731073577667,27.94335388546,40.8171942084213,24.0658151926156,56.5040650406504,100.0,59.349593495935,42.27,46.8336715698242,24.1889312344828,88.3195853539101,62.6100799306421,36.6053095152113,48.665,20.5568336951537,50.5889800279101,32.3954214338313,24.215,33.175,43.4,5.035270214,46.83367157,61.59621048,,,83.35813141,45.94152832,13.3833704,111.0,4.681
Singapore,SGP,2015,,East Asia & Pacific,Leader,83.7615102453491,73.5276401982528,96.7254523047722,84.9871099995356,81.4392074269233,100.0,61.8243385908701,43.9895238095238,96.7848907275848,95.0287400343456,100.0,74.82,86.4228956551724,93.7184343434343,82.8240092836541,75.9,100.0,100.0,100.0,,44.6915450339468,71.7151991965381,69.0662715421254,28.5714285714286,67.1166666666667,,,100.0,99.1838581751694,100.0,87.9557047351698,100.0,90.0574800686912,100.0,100.0,100.0,74.82,97.0,75.8457913103448,96.5277777777778,90.9090909090909,74.10686910646,98.1565,58.0886101261473,100.0,82.8463171856632,100.0,75.9,79.013,2.863093376,97.0,,,,101.6720317,107.7813505,,24.0,6.798
Singapore,SGP,2016,83.9409778236648,East Asia & Pacific,Leader,85.2287845450925,78.711262611626,97.3722268528866,81.0973363105387,84.891969411688,100.0,73.4500612909697,46.6561904761905,96.9979590194158,96.4326081128008,100.0,71.48,86.6667418275862,85.14526710403,85.06496176461,84.2,100.0,100.0,100.0,,55.5985216147316,86.7124011666581,78.0392610915195,28.5714285714286,73.7833333333333,,,100.0,99.7414591710403,100.0,88.2503769066228,100.0,92.8652162256016,100.0,100.0,100.0,71.48,97.0,76.3334836551724,79.3814432989691,90.9090909090909,74.2198422319101,97.101,69.7081494054766,100.0,82.8463171856632,100.0,84.2,84.4523,2.8713305,97.0,99.78926849,15.0593,11.65009,100.7732086,107.8590088,83.940979,22.0,6.739
Singapore,SGP,2017,84.7929138455372,East Asia & Pacific,Leader,89.3438044427985,88.5694900710637,97.6596518338159,84.3263526592524,87.3564817090413,100.0,83.7384870824212,75.3704761904762,97.4365092953695,96.7126202891702,100.0,74.82,86.9105879655172,91.2484700122399,86.0706021363016,92.5,100.0,100.0,100.0,,65.8139845692884,98.6010660831855,86.8004105947898,71.4285714285714,81.2833333333333,,,100.0,100.0,100.0,89.7460371814781,100.0,93.4252405783403,100.0,100.0,100.0,74.82,97.0,76.8211759310345,89.4736842105264,93.0232558139535,74.3067077702776,97.8555,74.2722357255672,100.0,82.8463171856632,100.0,92.5,84.4523,2.756848097,97.0,99.25823975,14.69428,11.47558,100.6269531,107.5746002,84.79290771,26.0,6.57200002670288
Singapore,SGP,2018,88.8864453410769,East Asia & Pacific,Leader,90.4919079446253,90.4869031163342,97.3872486344897,87.947778238825,86.5219474799977,100.0,88.5320196955975,75.3704761904762,97.7476536435747,95.7204679426494,100.0,78.54,87.0394458275862,98.2638888888889,85.7024343499971,89.8,100.0,100.0,100.0,,76.5958417366947,100.0,89.0002173500979,71.4285714285714,81.2833333333333,,,100.0,100.0,100.0,90.9906145742989,100.0,91.4409358852987,100.0,100.0,100.0,78.54,97.0,77.0788916551724,96.5277777777778,100.0,74.448846097882,98.61,71.9120084664405,100.0,82.8463171856632,100.0,89.8,88.1656,2.856600046,97.0,99.92182922,,,100.2618713,105.8442993,88.88645172,34.0,6.343
Singapore,SGP,2019,91.0889904414776,East Asia & Pacific,Leader,88.7880743873191,89.9408221436158,87.4992088755708,89.5114693767561,88.2224030330144,100.0,87.1668172638013,75.3704761904762,87.2269736183499,81.5210485705771,100.0,82.38,87.2655192413793,98.8888888888889,86.738003791268,94.16,100.0,100.0,100.0,,72.3311307096344,100.0,89.1693210817695,71.4285714285714,81.2833333333333,,,100.0,84.6794851922172,90.9246924470736,73.303716834109,87.6829230978857,75.3591740432685,100.0,100.0,100.0,82.38,97.0,77.5310384827586,100.0,97.7777777777778,74.5789016327044,97.54,77.4948001379723,100.0,82.8463171856632,100.0,94.16,88.9493,2.729510069,97.0,98.07794952,,,100.6925812,104.7149582,91.08898926,34.0,6.262
Sierra Leone,SLE,2015,,Sub-Saharan Africa,Discoverer,18.8353638211842,13.9818412698413,21.1704175106058,27.3392156877623,15.5530730500739,25.0,2.66888888888889,14.5714285714286,8.25828879221138,22.3213091595964,44.6928916494134,33.7,33.5740573196971,14.7435897435897,17.2496746459256,8.76666666666667,81.0,22.0,0.0,,4.01666666666667,3.99,0.0,16.2857142857143,12.0,,,19.8866512523225,6.97956906306918,6.16693485345388,0.0,29.7528222089835,14.8897961102092,50.0,64.0786749482402,20.0,33.7,44.833179473877,22.3149351655172,29.4871794871795,0.0,30.736177728538,8.159,2.83617331071778,1.73735925797526,11.8591629323972,70.0,8.76666666666667,6.34442,,,59.05435562,33.75042,20.54128,116.4020562,38.51055908,,123.0,4.507
Sierra Leone,SLE,2016,,Sub-Saharan Africa,Discoverer,22.0654314530717,17.3095020885547,31.318183026991,23.7256663498607,18.4310527924878,27.4,8.58804093567251,14.5714285714286,10.4258908862547,26.3926860739074,82.9537612146308,29.11,33.7336657162488,8.33333333333331,20.1304826572764,11.6333333333333,81.0,28.0,0.0,,10.3083333333333,9.14,6.31578947368421,16.2857142857143,12.0,,,22.7764563282642,9.86937413901089,9.05773307774391,0.0,33.8236611679392,18.9617109798756,84.7826086956522,64.0786749482401,100.0,29.11,44.833179473877,22.6341519586207,16.6666666666666,0.0,31.6761563887967,11.594,4.35026831268516,11.9698256525028,11.8591629323972,70.0,11.6333333333333,11.7732,2.911339998,,68.67211914,37.33182,22.04465,118.6400761,40.70568848,,111.0,4.635
Sierra Leone,SLE,2017,,Sub-Saharan Africa,Discoverer,25.100488263931,23.9179114452799,26.2138029183965,28.1610913697841,22.4815325382938,30.2,22.3090643274854,14.5714285714286,10.3704557433752,24.3669501033408,61.5942028985507,30.59,33.8932741093523,20.0,24.4769156728672,14.5,81.0,35.0,0.0,,11.9166666666667,10.8,44.2105263157895,16.2857142857143,12.0,,,22.7022651946688,9.79518300541555,8.98437477341624,0.0,31.7974740815193,16.9364261251623,84.7826086956522,0.0,100.0,30.59,44.833179473877,22.9533687448276,40.0,0.0,31.7421141028213,23.157,5.79193590051668,26.4128654286009,11.8591629323972,70.0,14.5,13.2369,4.660860062,44.83317947,69.05448151,39.43821,,122.3208013,40.0794487,,106.0,4.70900011062622
Sierra Leone,SLE,2018,,Sub-Saharan Africa,Discoverer,30.8236334461165,33.0141657290079,31.0127650661005,37.1500463076039,23.7320442765052,39.56,35.6897000368056,14.5714285714286,23.0698218868636,23.6649893291124,61.5942028985507,32.06,33.2362927689655,46.1538461538461,26.2150553456315,13.8,83.8,41.0,16.0,,15.5674646863308,27.4125238345732,64.0891115895126,16.2857142857143,12.0,,,36.3827369003842,23.4756547111309,22.6639890625963,9.75690687334305,31.0959777412475,16.2340009169773,84.7826086956522,0.0,100.0,32.06,43.2,23.272585537931,42.3076923076923,50.0,32.1033184588715,34.72,7.29187816780246,27.4609171690861,11.8591629323972,70.0,13.8,14.4223,6.989627838,,80.01641846,27.52246,,110.4816307,41.57165146,,113.0,4.571
Sierra Leone,SLE,2019,,Sub-Saharan Africa,Discoverer,32.125700714736,41.0709479365667,28.5431452350617,34.9066141998394,26.0295198141996,54.2,41.1916555557025,14.5714285714286,14.3658163599596,26.1949452784192,61.5942028985507,33.39,33.5873381903472,37.7425044091711,27.6481497677495,19.555,85.0,60.0,33.0,,15.1104005835049,26.8023916534042,81.6621744301983,16.2857142857143,12.0,,,25.8106361301341,16.6390193591667,12.0926133607525,2.92099658978501,33.6255409451676,18.7643496116708,84.7826086956522,0.0,100.0,33.39,43.5777816772461,23.5968947034483,13.5802469135802,61.9047619047619,32.2112699902019,32.655,8.42366571957959,34.4191501965688,11.8591629323972,70.0,19.555,15.7137,7.447011948,43.57778168,81.66159058,,,140.3677028,58.95473099,,129.0,4.374
El Salvador,SLV,2015,27.3929262374809,Latin America & Caribbean,Transitioner,50.1582887239866,32.7020756892231,58.4966583102432,59.7019490928199,55.421204169412,55.002,10.9055701754386,31.6952380952381,41.7943229844231,56.9546974224533,94.9852507374631,38.45,67.3070340689655,73.3488132094943,64.1098385450983,20.6666666666667,85.01,95.0,0.0,,6.6825,7.35,18.6842105263158,35.047619047619,26.6666666666667,,,52.3963850983462,48.1051629576883,35.4834830111578,31.1922608704999,66.1158527196804,47.7935421252263,92.4778761061947,92.4778761061947,100.0,38.45,88.0,46.614068137931,78.0701754385965,68.6274509803922,46.9863071380768,51.047,40.0590438258758,68.7052062573743,97.5874780734341,83.375314861461,20.6666666666667,26.8026,3.909879923,88.0,92.77680969,29.69441,30.84663,104.5803299,70.69818878,27.2137394,42.0,6.13
El Salvador,SLV,2016,27.1794802471695,Latin America & Caribbean,Transitioner,53.3273751485618,38.8716235058575,55.515853020785,64.7416479143565,57.8851794271523,61.002,20.3294397170246,31.6952380952381,48.7598249812466,55.8490166102638,68.361581920904,58.03,66.4645515862069,69.7303921568627,67.1731409506071,20.7333333333333,85.01,95.0,15.0,,10.323514673013,9.23887991340738,41.4259245646535,35.047619047619,26.6666666666667,,,59.4209796592838,55.1297575186259,42.3898924438673,38.0986703032094,65.0741888519477,46.6238443685798,73.7288135593221,73.7288135593221,57.6271186440678,58.03,88.0,44.9291031724138,70.8333333333333,68.6274509803922,47.6333122107172,48.551,51.1297926591039,70.767260000735,97.5874780734341,88.9447236180904,20.7333333333333,28.9971,3.825239897,88.0,92.14292145,28.26087,29.31611,102.4119034,69.12902832,27.00547028,46.0,6.068
El Salvador,SLV,2017,27.6409104549006,Latin America & Caribbean,Transitioner,55.7917915460089,46.1797625217108,56.050640058109,63.4164837541103,59.026468415685,67.65,31.951787256658,31.6952380952381,49.8373718933488,56.1084372914718,68.361581920904,60.78,65.6981723448276,63.7712789175033,68.5830855196063,20.8,85.01,95.0,31.62,,11.5336850510286,15.3970902887343,68.9245864302112,35.047619047619,26.6666666666667,,,59.9874520656486,55.6962299249907,43.978513861707,39.6872917210491,64.7799454852735,47.4369290976701,73.7288135593221,73.728813559322,57.6271186440678,60.78,88.0,43.3963446896552,62.0253164556962,65.5172413793103,47.7533501002513,55.5255,54.2135228297928,72.4733265945531,97.5874780734341,86.25,20.8,33.8207,3.725229979,88.0,91.6084137,28.27102,27.82175,98.93541718,66.90673065,27.46780014,45.0,6.00299978256226
El Salvador,SLV,2018,28.194336537252,Latin America & Caribbean,Transitioner,59.0143701400935,52.6199899181569,62.0030311823064,64.1953070856929,57.9114104136768,83.0,32.7023557477732,31.6952380952381,52.5730393947938,68.2537476005203,68.361581920904,63.14,66.0719375172414,63.3739837398374,69.289263017096,12.4,97.0,95.0,64.0,,11.267020389814,15.7312209562707,71.108825897235,35.047619047619,26.6666666666667,,,60.7436875026759,60.7436875026759,44.4023912869117,44.4023912869117,77.1052830507259,59.4022121503147,73.7288135593221,73.7288135593221,57.6271186440678,63.14,89.0,43.1438750344828,63.4146341463415,63.3333333333333,48.1646705137002,62.5,55.747752569175,69.6964139291705,97.5874780734341,88.0,12.4,43.8,3.605750084,89.0,89.75904083,26.89473,27.55579,97.44642639,67.72659302,28.03388023,40.0,6.167
El Salvador,SLV,2019,28.5178063545936,Latin America & Caribbean,Transitioner,56.7969827034078,56.1986978359165,47.9113090580943,65.5458861688345,58.964596340771,86.852,34.7971255421721,37.6952380952381,31.66666676816,53.9308149166238,68.361581920904,64.99,66.6430245862069,65.0046339202966,70.4932454259638,12.85,97.0,95.0,73.63,,10.4599280911896,19.1703450881684,74.7611034471583,35.047619047619,41.6666666666667,,,43.7362724911198,35.9388665659628,27.3944669703571,19.5970610452001,62.7826262403702,45.0790035928773,73.7288135593221,73.7288135593221,57.6271186440678,64.99,89.0,44.2860491724138,63.855421686747,66.1538461538462,48.3058248120359,60.075,59.8348136013924,71.5756106429565,97.5874780734341,90.25,12.85,50.4912,3.387109995,89.0,,,,92.26983643,66.0821228,28.36889076,35.0,6.253
Somalia,SOM,2016,,Middle East & North Africa,Discoverer,22.898879548512,25.373061379126,15.8971486185939,40.1354239653493,16.9838822914396,34.276,6.80120526702753,44.7108963615749,0.0,4.13681094042411,71.2121212121212,21.62,34.4042494241379,64.3820224719101,20.4215195309662,3.23333333333333,38.7,57.7,8.64,,2.45875985738073,6.06033478375871,11.8845211599431,45.4244743351886,43.6405294011544,,,0.0,0.0,0.0,0.0,8.27362188084821,0.0,100.0,13.6363636363636,100.0,21.62,54.0,14.8084988482759,88.7640449438202,40.0,0.0,1.449,5.55611421559946,39.0481820889715,45.9263575946292,21.7048875112615,3.23333333333333,1.88,,,,,,,,,76.0,5.44
Somalia,SOM,2017,,Middle East & North Africa,Discoverer,19.3357478894154,31.8731019883138,6.27951074531859,36.4918297371495,19.1380691397237,41.148,16.1793067899969,44.7108963615749,0.0,5.09271625723587,21.2121212121212,22.6,34.4042494241379,52.4712397873105,23.0725864246547,3.4,38.7,65.52,18.0,,4.45134822018494,10.4766922528085,33.6098798969973,45.4244743351886,43.6405294011544,,,0.0,0.0,0.0,0.0,10.1854325144717,0.0,50.0,13.6363636363636,0.0,22.6,54.0,14.8084988482759,90.9228912364528,14.0195883381683,0.0,6.2795,7.26664587084739,42.4546331650942,45.9263575946292,33.1510909854049,3.4,2.00405,,,,,,,,,93.0,5.15100002288818
Somalia,SOM,2018,,Middle East & North Africa,Discoverer,20.6574756796872,36.0577875739884,5.02095924516674,38.8189109474659,25.9107438632178,52.376,15.4130207541835,44.7108963615749,0.0,1.94633750685626,21.2121212121212,23.45,34.4042494241379,58.6024834182599,30.6384298290222,7.0,65.52,68.18,30.0,,5.00269483022841,14.1133961030903,27.1229713292318,45.4244743351886,43.6405294011544,,,0.0,0.0,0.0,0.0,3.89267501371252,0.0,50.0,13.6363636363636,0.0,23.45,54.0,14.8084988482759,93.0817375290853,24.1232293074344,27.0642676547998,11.11,8.91935798206406,45.8625338201159,45.9263575946292,39.7292641870042,7.0,,,,,,,,,,98.0,4.982
Somalia,SOM,2019,,Middle East & North Africa,Discoverer,26.6548368710366,40.6269525520193,10.7713732874795,40.2927872477155,28.6280311714712,53.7279993286133,25.4839338706474,44.7108963615749,9.55238893194524,6.76998368069295,21.2121212121212,24.14,34.4042494241379,62.3341123190085,32.753788964339,12.125,65.5199966430664,70.95,30.61,,9.87683034610561,30.3837147461958,36.191256519641,45.4244743351886,43.6405294011544,,,23.6416414765224,6.02066586355789,8.54724838770064,0.0,13.5399673613859,0.0,50.0,13.6363636363636,0.0,24.14,54.0,14.8084988482759,95.2405838217178,29.4276408162991,25.2467087026493,20.26,9.79448013236602,51.187798930246,45.9263575946292,42.9671989236088,12.125,,,,,,,,,,112.0,4.668
Serbia,SRB,2015,58.2876892089844,Europe & Central Asia,Transitioner,62.1763027719236,54.0998238807347,58.3393053686923,89.2344368160919,53.06522168918,81.444,30.3950835113605,46.8209523809524,62.1238570631829,48.1423957765372,71.1640211640212,87.67,80.0333104482759,100.0,59.3231937781417,28.0333333333333,99.16,97.29,56.74,,15.3031901265906,14.3510104844152,61.5310499230758,50.8571428571429,40.7666666666667,,,71.3640749948894,71.3640749948894,52.8836391314764,52.8836391314764,58.1526318692193,38.1321596838552,66.6666666666667,46.8253968253968,100.0,87.67,99.0,61.0666208965517,100.0,100.0,57.0874376921821,60.627,35.9693445266381,82.8008978274518,69.4770469089525,41.9354838709677,28.0333333333333,65.317,,,101.9165726,15.24293,8.45036,102.1821899,97.15955353,58.95254135,87.0,5.123
Serbia,SRB,2016,62.1369705200195,Europe & Central Asia,Transitioner,64.8728911659384,61.2080609141729,60.8098616328631,85.7085742643678,55.5195716074555,90.836,38.7736760949561,46.8209523809524,66.4561562264933,49.9864872736539,71.1640211640212,76.43,80.6957227931034,100.0,62.0077978426527,29.5666666666667,99.16,98.51,79.0,,19.2383954092068,20.7611278822232,76.3215049934384,50.8571428571429,40.7666666666667,,,75.3266025530826,75.3266025530826,57.585709899904,57.585709899904,59.5961374607923,40.3768370865155,66.6666666666667,46.8253968253968,100.0,76.43,99.0,62.3914455862069,100.0,100.0,57.7434755059724,81.884,36.1006775696061,84.8080472932485,69.4770469089525,41.9354838709677,29.5666666666667,67.0568,3.63470006,99.0,100.0825272,14.5183,8.22827,101.1082001,96.49948883,62.91427994,86.0,5.177
Serbia,SRB,2017,66.4867401123047,Europe & Central Asia,Advanced,66.5005803015136,65.7951128926762,62.4592120978778,84.2828996660662,56.4640640713452,97.192,43.8853060412143,46.8209523809524,68.3705189719008,52.1955006907832,71.1640211640212,78.9,81.0845160689655,92.8641829292332,62.8050800891814,31.1,99.16,99.0,94.4,,22.1181101706806,26.1700256106596,83.3677823423028,50.8571428571429,40.7666666666667,,,76.430034866878,76.430034866878,60.3110030769236,60.3110030769236,60.9266429103418,43.4643584712246,66.6666666666667,46.8253968253968,100.0,78.9,99.0,63.169032137931,96.2546816479401,89.4736842105263,58.1758370540913,77.747,40.2719754437603,86.2592991036193,69.4770469089525,41.9354838709677,31.1,70.3308,3.710160017,,100.6136475,14.28392,8.08165,100.7224121,95.6576767,67.58305359,73.0,5.39499998092651
Serbia,SRB,2018,67.1586608886719,Europe & Central Asia,Advanced,68.0622583780721,68.6687207922033,62.3550500879874,79.2048185214484,63.2766135747623,98.632,49.6293257900322,46.8209523809524,74.5285974656054,45.7770171723525,71.1640211640212,80.38,81.5808607931035,75.6535947712418,63.0207669684528,64.3,99.16,99.0,98.0,,27.8242117324041,35.4771998618517,85.5865657758406,50.8571428571429,40.7666666666667,,,86.1342799789143,78.173206944759,70.8839879864517,62.9229149522965,54.0375920016031,37.516442343102,66.6666666666667,46.8253968253968,100.0,80.38,99.0,64.1617215862069,77.7777777777777,73.5294117647059,58.5235988105776,73.61,44.4897610859384,84.8406861013117,69.4770469089525,41.9354838709677,64.3,73.3607,3.582319975,,98.26622772,14.2927,7.946,100.45755,95.25666046,68.32183075,78.0,5.398
Serbia,SRB,2019,67.7898406982422,Europe & Central Asia,Advanced,69.5019889019247,70.9303488798,62.155046132956,79.3162843452661,66.7295322836385,98.632,55.2833960090238,46.8209523809524,63.5437493404637,56.2618554099157,71.1640211640212,80.87,81.5301713448276,75.5486816909707,64.1494153545481,77.05,99.16,99.0,98.0,,33.996608960751,45.0246776912415,86.8289013750789,50.8571428571429,40.7666666666667,,,73.8208169806922,67.683566507237,59.4039321736904,53.2666817002352,64.0710013470417,48.4527094727897,66.6666666666667,46.8253968253968,100.0,80.87,99.0,64.0603426896552,78.494623655914,72.6027397260274,58.9557115050608,76.51,48.0247321950406,85.0668442282029,69.4770469089525,41.9354838709677,77.05,77.4168,3.616470098,99.0,98.36312866,,,99.63455963,94.57119751,69.04138184,70.0,5.603
South Sudan,SSD,2016,,Sub-Saharan Africa,Discoverer,13.3889362056686,13.734253968254,8.09443142184305,33.3208938711284,8.67513464064021,18.0,3.19277777777778,26.2857142857143,10.5204568262397,0.0,19.4312434567359,20.42,17.7147246241379,61.8279569892473,8.99391830080026,7.4,50.0,20.0,0.0,,3.50166666666667,6.07666666666667,0.0,23.8095238095238,30.0,,,26.8849044579909,7.82887807186878,7.36804477509906,0.0,0.0,0.0,55.1863857374392,3.10734463276838,0.0,20.42,34.5,0.92944924827586,56.989247311828,66.6666666666667,0.0,12.319,1.38094004455465,11.9698247490333,8.52573158660633,33.8671902476141,7.4,3.5,1.565392256,,,,,,,0.657831848,143.0,3.832
South Sudan,SSD,2017,,Sub-Saharan Africa,Discoverer,9.46170177823911,14.8949206349206,5.32799048804778,12.3358759499815,8.18663436421289,20.0,4.09444444444444,26.2857142857143,3.60435449175151,0.0,19.4312434567359,17.68,17.7147246241379,1.61290322580646,8.55829295526611,6.7,50.0,25.0,0.0,,5.08333333333333,7.2,0.0,23.8095238095238,30.0,,,14.4174179670061,0.0,0.0,0.0,0.0,0.0,55.1863857374392,3.10734463276835,0.0,17.68,34.5,0.92944924827586,3.22580645161291,0.0,0.0,11.7145,1.61492908846373,14.6013172328753,8.52573158660633,24.3844737367705,6.7,4.1,,,,,,,,,147.0,3.59100008010864
South Sudan,SSD,2018,,Sub-Saharan Africa,Discoverer,10.1018395585634,17.4823873015873,8.35960388749509,12.2025426166481,5.83935793147666,27.652,2.91111111111111,26.2857142857143,11.1833879903698,0.0,19.4312434567359,17.28,17.7147246241379,1.61290322580646,5.67419741434583,6.5,69.0,34.63,0.0,,3.46666666666667,5.26666666666667,0.0,23.8095238095238,30.0,,,27.7690041599278,8.7129777738056,8.25157002774584,0.0,0.0,0.0,55.1863857374392,3.10734463276841,0.0,17.28,34.5,0.92944924827586,3.22580645161291,0.0,0.0,11.11,2.1110208916223,0.0,8.52573158660633,24.358469187001,6.5,4.8,,34.52275848,,,,,,1.002173305,154.0,3.254
South Sudan,SSD,2019,,Sub-Saharan Africa,Discoverer,9.47723386004319,19.6300317460317,3.88624869134717,13.1092092833148,8.06674450630528,31.96,3.97222222222222,26.2857142857143,0.0,0.0,19.4312434567358,20.0,17.7147246241379,1.61290322580646,8.5521806328816,6.125,69.0,45.4,0.0,,4.71666666666667,7.2,0.0,23.8095238095238,30.0,,,0.0,0.0,0.0,0.0,0.0,0.0,55.1863857374392,3.10734463276835,0.0,20.0,34.5,0.92944924827586,3.22580645161291,0.0,0.438777868707265,5.555,2.61880296348029,12.7046239463766,8.52573158660633,31.3909335984749,6.125,6.7,,,,,,,,,156.0,2.853
Suriname,SUR,2015,,Latin America & Caribbean,Emerging,47.4578205749626,36.9078671679198,49.0736320989334,71.9690435050413,38.9151113808749,52.64,21.7677631578947,35.7238095238095,17.7057884543166,61.3911861688741,87.1742112482853,52.47,66.3070491034483,97.1300814116756,45.3855558927603,13.0333333333333,100.0,81.6,0.0,,7.38083333333333,6.60666666666667,51.3157894736842,43.4285714285714,24.1666666666667,,,25.9287074053517,25.9287074053517,9.48286950328157,9.48286950328157,70.2993483658288,52.4830239719195,100.0,61.5226337448559,100.0,52.47,94.4,38.2140982068966,94.2601628233513,100.0,61.0685181446211,21.9415,36.3030370083532,80.4656772155394,13.8603034244018,48.5189873417722,13.0333333333333,42.7638,5.534796238,,83.61398315,13.33105,11.97658,108.6305084,73.01000977,,40.0,6.269
Suriname,SUR,2016,,Latin America & Caribbean,Emerging,49.146589213936,42.8604266716102,44.1791850895747,72.1663951863371,42.6937526026536,62.244,27.0451619171207,35.7238095238095,16.4898477899199,50.3710093098743,87.1742112482853,50.75,66.2666823448276,99.4825032141838,49.8005240866504,14.2666666666667,100.0,88.33,17.28,,8.79692722743109,11.1297457340323,61.2088127898986,43.4285714285714,24.1666666666667,,,24.7236383278032,24.7236383278032,8.25605725203651,8.25605725203651,59.290949059248,41.4510695605007,100.0,61.5226337448559,100.0,50.75,94.4,38.1333646896552,98.9650064283677,100.0,61.4860095240399,29.71,47.9036998764769,84.8351076083334,13.8603034244018,52.125,14.2666666666667,45.4,5.640519142,,81.36550903,13.35066,,107.4011762,,,40.0,6.269
Slovenia,SVN,2015,82.1997833251953,Europe & Central Asia,Advanced,71.070103696781,68.3820758130606,74.5225010263232,82.1355000395913,60.9518917340155,98.34,38.3770942945563,68.4761904761905,77.0831558548729,72.6110748530116,73.224043715847,80.36,90.6992778965517,75.3472222222222,70.3981980008527,23.1666666666667,99.7,99.0,97.0,,19.1709688245912,23.0577876226611,72.9025264364167,61.9047619047619,78.3333333333333,,,81.9555027803884,81.9555027803884,72.2108089293574,72.2108089293574,77.8894506889867,67.3326990170364,59.8360655737705,59.8360655737705,100.0,80.36,99.7,81.6985557931034,75.6944444444445,75.0,75.5077849362376,63.651,31.6479823691967,94.5440906157644,82.2282583456908,72.4747474747475,23.1666666666667,73.0987,4.909530163,,98.24542236,16.90462,10.20569,98.3815918,109.65522,82.19978333,55.0,5.848
Slovenia,SVN,2016,79.4747467041016,Europe & Central Asia,Advanced,73.6214024550087,71.3902553601139,75.5577953103916,83.9059668058748,64.9090550474277,99.14,44.2642098288561,70.1428571428571,77.9332125908263,74.3492538272292,73.224043715847,80.72,90.442344862069,80.5555555555556,73.9529854759513,28.7333333333333,99.7,99.0,99.0,,21.7987849542127,28.9292619968373,82.0645825355184,61.9047619047619,82.5,,,82.6850802714012,82.6850802714012,73.1813449102515,73.1813449102515,79.4971104811853,69.2013971732732,59.8360655737705,59.8360655737705,100.0,80.72,99.7,81.1846897241379,86.1111111111111,75.0,75.8492758159878,84.783,37.2456195808817,95.8146846647652,82.2282583456908,72.4711779448621,28.7333333333333,75.4985,4.792669773,,96.56419373,13.80157,9.69943,97.98158264,115.2169418,79.4747467,63.0,5.768
Slovenia,SVN,2017,79.2703475952148,Europe & Central Asia,Advanced,74.7425439563132,74.1324112478216,76.5669468500601,82.439374961471,66.6940906821316,99.14,51.1195995481253,70.1428571428571,79.2092373827272,75.5961078844997,73.224043715847,83.33,91.0827602068966,72.9053646775166,74.7926133526645,34.3,99.7,99.0,99.0,,27.8116554605643,38.2651616214898,87.2819815623218,61.9047619047619,82.5,,,83.8062704064872,83.8062704064872,74.6122043589671,74.6122043589671,80.5762269935731,70.6159887754263,59.8360655737705,59.8360655737705,100.0,83.33,99.7,82.4655204137931,76.1904761904762,69.620253164557,76.0898847957596,82.3215,41.386042343154,97.0656312787178,82.2282583456908,72.065,34.3,78.8854,4.780539989,,97.46740723,,,98.1781311,114.5955963,79.2703476,62.0,5.75799989700317
Slovenia,SVN,2018,77.3015975952148,Europe & Central Asia,Advanced,79.3731525148884,76.233078596093,80.9027170315598,87.0906137658433,73.8952635062662,99.56,55.9512679188039,70.1428571428571,90.9713203944499,74.6734503265261,73.224043715847,84.93,91.1350346896552,85.2068066078748,74.8440793828327,70.1,99.8,100.0,99.0,,33.867756278366,45.8319282585665,88.1541192194792,61.9047619047619,82.5,,,92.8411197438873,98.3734672910369,83.5691734978628,89.1015210450124,79.6957545431227,69.6511461099295,59.8360655737705,59.8360655737705,100.0,84.93,99.7,82.5700693793103,89.6907216494845,80.7228915662651,76.3438585780568,79.86,44.0880946500282,95.2276853403878,82.2282583456908,72.805,70.1,79.75,4.934559822,,97.79572296,,,99.46309662,113.5561676,77.3015976,51.0,5.948
Slovenia,SVN,2019,76.4720077514648,Europe & Central Asia,Advanced,79.3340586703004,78.0438307348535,75.8015458352583,88.3780406094663,75.7665797221812,99.56,60.478148265705,70.1428571428571,78.4809951770704,74.4108475531519,73.224043715847,85.51,91.0371022068965,88.5870196215024,76.5794746527265,72.515,99.8,100.0,99.0,,40.2267874430667,53.1977364614057,88.0099208926427,61.9047619047619,82.5,,,83.0779049286407,83.0779049286407,73.8840854255002,73.8840854255002,79.390833117353,69.4308619889508,59.8360655737705,59.8360655737705,100.0,85.51,99.7,82.3742044137931,93.2659932659933,83.9080459770115,76.5360705146687,82.575,50.0030492546818,95.7572821160095,82.2282583456908,74.1704260651629,72.515,83.1084,4.891530037,,97.25195313,,,99.84181976,111.3695679,76.47200775,44.0,6.118
Sweden,SWE,2015,66.4283218383789,Europe & Central Asia,Leader,81.2576264332343,73.0712167422381,86.2028037740668,86.8867285812184,79.6590921755845,99.198,48.0200418555952,70.92,95.1775955003796,86.996080601454,66.6666666666666,75.63,92.9259283103448,92.1042574333104,82.682198552814,67.5666666666667,99.99,99.0,99.0,,28.0733914741593,41.9544217141035,74.0323123785228,66.6666666666667,77.3,,,100.0,100.0,90.3551910007592,90.3551910007592,93.1762957471644,80.8158654557436,50.0,50.0,100.0,75.63,99.0,86.8518566206897,93.1972789115646,91.0112359550562,83.7369771964442,78.8795,51.5082161159513,99.6874292410645,89.8651508228549,98.3469387755102,67.5666666666667,90.6102,7.443900108,,99.31504059,12.09754,12.87345,119.6241913,137.4629669,66.42832184,8.0,7.364
Sweden,SWE,2016,68.306037902832,Europe & Central Asia,Leader,83.9878458348906,76.8535007778473,86.2280613029664,91.2985173603254,82.2412623588251,99.198,57.1424186112849,71.5866666666667,95.3362199176188,86.9006000064639,66.6666666666667,84.68,93.7099341034483,95.5056179775281,85.1932446151981,70.4333333333333,99.99,99.0,99.0,,38.2293239593339,52.3693172496035,80.8286146249174,66.6666666666667,78.9666666666667,,,100.0,100.0,90.6724398352375,90.6724398352375,93.1753699378589,80.6258300750688,50.0,50.0,100.0,84.68,99.0,88.4198682068966,100.0,91.0112359550562,84.0145013303444,87.681,58.966070922791,100.0,89.8651508228549,98.56,70.4333333333333,89.6509,7.618619919,,99.68985748,12.3537,12.90017,121.4487991,137.5611572,68.3060379,10.0,7.291
Sweden,SWE,2017,70.4342498779297,Europe & Central Asia,Leader,85.0854853664636,79.9025949010958,86.121849771576,90.8434358582138,83.8405537258995,99.2,64.7631539194062,71.5866666666667,95.7313344599724,86.2399566356342,66.6666666666666,87.28,94.0635170689655,91.186790505676,86.4756921573744,73.3,100.0,99.0,99.0,,50.030239917153,58.9116129282292,85.3476089128363,66.6666666666667,78.9666666666667,,,100.0,100.0,91.4626689199448,91.4626689199448,92.3729060881608,80.1070071831075,50.0,50.0,100.0,87.28,99.0,89.127034137931,96.4912280701754,85.8823529411765,85.8175237999047,91.0605,62.3130361641124,100.0,89.8651508228549,97.705,73.3,93.0063,7.568830013,,100.0690613,12.23325,13.07043,122.8960571,142.6415863,70.43424988,9.0,7.28399991989136
Sweden,SWE,2018,73.4083786010742,Europe & Central Asia,Leader,87.3242939455984,83.8105252424846,86.2816741788347,94.1246750076628,85.431831312103,99.2,69.1520273919257,82.3485714285714,95.7520965353161,86.6187555784374,66.6666666666667,87.94,95.5834503103448,98.8505747126437,86.5397891401287,81.0,100.0,99.0,99.0,,58.2466574418999,63.9814498363064,85.2279748975707,85.7142857142857,77.3,,,100.0,100.0,91.5041930706322,91.5041930706322,93.0855194771892,80.1519916796855,50.0,50.0,100.0,87.94,99.0,92.1669006206896,100.0,97.7011494252874,85.1375700100236,94.44,62.6522866616219,99.1289382061432,89.8651508228549,97.39,81.0,89.247,7.640840054,,99.87551117,,,123.7546616,140.8217468,73.4083786,9.0,7.314
Sweden,SWE,2019,75.1148529052734,Europe & Central Asia,Leader,88.1344836849051,87.6636520670231,83.0640779161821,94.6701026321839,87.5261454066389,99.2,78.7848444532721,82.3485714285714,86.6771783294244,87.6496831276976,66.6666666666666,88.32,95.6903078965517,100.0,87.4639317582986,87.775,100.0,99.0,99.0,,71.0641513495904,78.7704233832193,86.5199586270066,85.7142857142857,77.3,,,100.0,82.8307269362507,92.6325124968276,71.2454738846192,93.9250285306647,81.3743377247306,50.0,50.0,100.0,88.32,99.0,92.3806157931035,100.0,100.0,84.2959269126317,92.22,69.467824903091,99.1107561529155,89.8651508228549,96.94,87.775,94.4934,7.638510227,,98.95915985,,,120.5968018,136.6410065,75.11485291,7.0,7.343
Eswatini,SWZ,2015,,Sub-Saharan Africa,Discoverer,33.1425311019554,24.064726984127,35.6688246731983,52.5919965082526,26.7271895746524,28.084,16.1063888888889,31.9428571428571,29.9798971347363,12.9933341389028,92.3976608187134,27.29,70.5713993103448,59.914590214413,32.0839869683155,5.3,98.0,21.21,0.0,,6.4625,6.85666666666667,35.0,33.2380952380952,30.0,,,55.4558956634365,30.2215420294718,29.7382522400008,4.50389860603597,25.9866682778056,0.0,88.5964912280701,88.5964912280702,100.0,27.29,88.4,52.7427986206897,88.2352941176471,31.5938863111789,36.3970744258998,20.4605,11.4212417525456,55.3925250807935,44.4788435823387,5.0,5.3,25.643,5.35494709,,93.19016266,27.58272,15.79598,125.1803284,79.5160675,,101.0,4.867
Eswatini,SWZ,2019,,Sub-Saharan Africa,Emerging,45.9169962870234,53.1670363485813,35.4484264331888,72.0334376045808,32.7431401536622,74.48,39.6090194428818,37.6571428571429,22.4888644213458,21.2046654297421,89.8550724637681,46.9,74.8678371133423,94.3324757004002,36.9876751920777,15.765,98.0,89.8,47.4,,16.0906468141183,21.7982668913367,80.9381446231903,42.7619047619048,30.0,,,41.8535358834866,28.8469962249565,16.1307326177351,3.12419295920506,35.1378505320241,7.27148032746006,84.7826086956522,84.7826086956522,100.0,46.9,88.9867542266846,60.74892,96.2121212121212,92.4528301886792,39.2042298670477,43.16,21.444362940737,55.7309395702654,44.4788435823387,5.0,15.765,43.9,5.699148178,,98.03701019,,,120.8630371,,,135.0,4.212
Syrian Arab Republic,SYR,2015,47.8358993530273,,,,,,,,,,,,,,,,,,,,,,,,,,,,,,,,,,,,,,,,,,,,,,,,,,,29.9798,,,,,,,,51.16595078,156.0,3.006
Syrian Arab Republic,SYR,2016,43.7606582641602,,,,,,,,,,,,,,,,,,,,,,,,,,,,,,,,,,,,,,,,,,,,,,,,,,,31.8696,,,,,,,,46.58401871,156.0,3.069
Syrian Arab Republic,SYR,2017,,,,,,,,,,,,,,,,,,,,,,,,,,,,,,,,,,,,,,,,,,,,,,,,,,,,32.7,,,,,,,,,152.0,3.46199989318848
Syrian Arab Republic,SYR,2018,,,,,,,,,,,,,,,,,,,,,,,,,,,,,,,,,,,,,,,,,,,,,,,,,,,,33.77,,,,,,,,,150.0,3.462
Syrian Arab Republic,SYR,2019,,,,,,,,,,,,,,,,,,,,,,,,,,,,,,,,,,,,,,,,,,,,,,,,,,,,34.65,,,,,,,,,149.0,3.462
Chad,TCD,2015,3.22750677590433,Sub-Saharan Africa,Discoverer,13.547842190186,18.9664430928828,16.031686362832,16.8498278114943,6.57536626831014,25.2,1.88277439887376,40.6666666666667,19.8112949059814,9.85125433443206,20.8333333333333,29.03,21.5194834344828,0.0,7.13587450205434,4.33333333333333,86.0,13.0,7.0,,2.0640768000045,3.58424639661678,0.0,33.3333333333333,51.6666666666667,,,32.2948363948378,22.4712667070303,17.1513231049325,7.32775341712496,18.0539906997974,1.64851796906668,40.625,0.0,21.875,29.03,26.0,17.0389668689655,0.0,0.0,12.7667430407038,9.246,1.18331415668332,5.88769043538853,6.13967750907494,10.1578947368421,4.33333333333333,3.5,2.342831612,26.00299072,38.94754028,55.54179,27.45229,91.56591797,23.02865982,3.334510088,149.0,3.667
Chad,TCD,2016,,Sub-Saharan Africa,Discoverer,14.6952887081992,22.7015243483134,16.741060024125,14.2882756310345,8.58805264821751,29.444,6.97647753745018,40.6666666666667,17.7207391348341,13.7152442588117,20.8333333333333,25.24,17.6248268931034,0.0,9.29339914360522,5.76666666666667,86.0,22.01,8.6,,7.6782512269182,13.2511813854323,0.0,33.3333333333333,51.6666666666667,,,30.2040087288004,20.3804390409929,15.0610392286753,5.23746954086783,21.9176860713794,5.51280244624391,40.625,0.0,21.875,25.24,22.0,13.2496537862069,0.0,0.0,12.0572815100195,13.768,1.21300053540496,14.9205361635266,6.13967750907494,10.505,5.76666666666667,5.8,2.388475895,22.0,42.02077103,56.88788,27.13412,85.97952271,23.35150909,,144.0,3.763
Chad,TCD,2017,,Sub-Saharan Africa,Discoverer,14.8569042782362,29.6171450372059,11.7706923141719,15.2331572915171,9.17441064118274,33.6,20.1095292596813,40.6666666666667,13.726295680507,12.7592586343345,5.88235294117648,26.13,19.5694718745514,0.0,9.66801330147843,7.2,86.0,32.0,9.0,,11.3842287621565,17.7986310189421,31.1457279979454,33.3333333333333,51.6666666666667,,,26.210029553029,16.3864598652215,11.0661314957926,1.24256180798508,20.9622034153376,4.55631385333146,17.6470588235294,0.0,0.0,26.13,24.8759733835856,14.2629703655172,0.0,0.0,13.2977147007664,14.174,1.69435779505921,14.6013165024916,6.13967750907494,11.04,7.2,6.4,2.454819918,,37.89978027,,,77.2443924,21.35400963,,137.0,3.93600010871887
Chad,TCD,2018,,Sub-Saharan Africa,Discoverer,17.4021738861456,33.5510474586776,13.7637344754899,16.1180493611952,12.3213747033998,38.8,23.4109519800273,43.3333333333333,13.4603568758766,18.0078028422599,5.88235294117649,26.83,21.5241480835856,0.0,12.9517183792498,9.8,86.0,42.0,12.0,,14.0494515333093,24.3316917456058,31.8517126611667,33.3333333333333,58.3333333333333,,,27.43817798555,14.1084245132434,12.2948250047131,0.0,26.2104523735466,9.8051533109732,17.6470588235295,0.0,0.0,26.83,27.7519467671712,15.2963494,0.0,0.0,13.1357974216638,14.58,0.756356324002376,31.3480106415077,6.13967750907494,12.1775,9.8,7.0,2.259474993,,40.40903854,,,87.7207489,20.76958084,,131.0,4.301
Chad,TCD,2019,,Sub-Saharan Africa,Discoverer,13.3593861425696,33.56888686438,4.32492128382814,16.979684711333,12.921152205118,42.12,20.1355504942833,43.3333333333333,2.72925745380998,5.14186928517213,5.88235294117648,27.45,23.4890541339991,0.0,9.87144025639749,25.12,86.0,43.0,19.3,,11.1378880004686,22.6707307500805,26.5980327323008,33.3333333333333,58.3333333333333,,,10.2476824666783,0.669347348561633,0.0,0.0,10.2837385703443,0.0,17.6470588235294,0.0,0.0,27.45,30.6279201507568,16.3501881172414,0.0,0.0,13.6829796072451,17.29,1.98367072335385,12.7046234423135,6.13967750907494,12.4025,25.12,7.6,2.372457981,30.62792015,,,,86.53105927,20.98353004,,132.0,4.35
Togo,TGO,2015,10.8146472215817,Sub-Saharan Africa,Discoverer,23.9414607460659,18.7734952380952,20.4112701655155,35.3772012177836,24.2361671282823,33.796,2.0425,22.1904761904762,7.99056077289,8.21481032656899,69.6456086286595,36.49,55.0696546551724,14.5719489981785,24.0618755770195,24.9333333333333,91.0,38.99,0.0,,2.58416666666667,3.54333333333333,0.0,25.4285714285714,17.3333333333333,,,15.98112154578,15.98112154578,0.0,0.0,16.429620653138,0.0,73.728813559322,35.2080123266564,100.0,36.49,64.0,46.1393093103448,18.0327868852459,11.1111111111111,29.3174227888116,21.4535,2.51080571491096,38.3986207368316,16.6677121390036,45.3761330110797,24.9333333333333,7.12,3.710979939,64.0,,44.20973,,128.2515869,,11.03913021,158.0,2.839
Togo,TGO,2016,12.0913340463942,Sub-Saharan Africa,Discoverer,29.3946546601149,28.846223893066,22.5879137366738,43.6318408867124,26.26061071641,42.6,17.0869883040936,24.8571428571429,8.28415537162172,13.362824655733,69.6456086286595,38.24,55.8793098275862,36.7762128325509,26.9840967288458,23.3666666666667,93.0,60.0,0.0,,9.045,6.16333333333333,36.0526315789474,25.4285714285714,24.0,,,16.5683107432434,16.5683107432434,0.0,0.0,23.8617098501668,2.86393946129913,73.7288135593221,35.2080123266564,100.0,38.24,64.75,47.0086196551724,62.4413145539906,11.1111111111111,29.6027961806836,31.884,5.28549743298859,41.1956081325125,16.6677121390036,52.4537395180814,23.3666666666667,11.31,3.662480116,,93.82002258,41.39676,,124.6898575,,12.32448006,155.0,3.303
Togo,TGO,2017,12.3068653432672,Sub-Saharan Africa,Discoverer,29.3047295114988,33.9409022556391,22.7793869623029,35.8120598591298,26.6352116088725,55.4,17.0236842105263,24.8571428571429,8.353581549545,13.7720815418825,69.6456086286595,39.56,56.6889649655172,11.1872146118722,27.8440145110906,21.8,93.0,92.0,0.0,,6.85,5.8,38.4210526315789,25.4285714285714,24.0,,,16.70716309909,16.70716309909,0.0,0.0,23.5810538110298,3.96310927273522,73.728813559322,35.2080123266563,100.0,39.56,65.5,47.8779299310345,22.3744292237443,0.0,31.1167571090152,43.722,7.04425819369874,43.371446211124,16.6677121390036,38.3177978052225,21.8,12.3602,3.765269995,,92.55319977,40.12613,,123.1641617,61.23852158,12.52330017,150.0,3.49499988555908
Togo,TGO,2018,12.9031599603185,Sub-Saharan Africa,Discoverer,33.1480730078833,46.2004836847249,22.6088129955018,45.1086391450761,25.6241304996397,67.0,32.5488282594312,31.9047619047619,8.61494840166718,13.0842797727576,69.6456086286595,40.53,57.498620137931,37.2972972972973,29.8551631245496,8.7,97.0,92.0,27.0,,14.6265428880888,13.5058389281667,69.5141029620382,34.952380952381,27.3333333333333,,,17.2298968033344,17.2298968033344,0.0,0.0,22.8923885184897,3.27617102702551,73.7288135593221,35.2080123266564,100.0,40.53,66.25,48.7472402758621,27.9279279279279,46.6666666666667,31.1712824570988,55.56,7.48936111698051,43.0277702139364,16.6677121390036,46.2793793914576,8.7,15.5,4.091629982,,90.13722229,40.14504,,121.9148712,,13.09813976,139.0,3.999
Togo,TGO,2019,13.1551472123617,Sub-Saharan Africa,Emerging,35.0173527334697,53.0159679394433,24.1335103542944,41.8982535000491,28.0485316971192,74.2,42.3875388962272,31.9047619047619,4.42163620138906,21.0893353700171,69.6456086286595,41.39,58.3218545172414,25.982905982906,29.824414621399,20.945,97.0,92.0,45.0,,22.6820377567397,22.1412201660356,82.3393587659065,34.952380952381,27.3333333333333,,,17.6865448055562,0.0,0.0,0.0,30.8975712563654,11.2810994836688,73.728813559322,35.2080123266564,100.0,41.39,67.0,49.6437090344828,28.8888888888889,23.0769230769231,31.6991857432294,52.78,7.50607976639122,47.8660071038404,16.6677121390036,37.9861767090611,20.945,20.7273,4.201668262,67.0,86.70201111,,,121.9710617,,13.32341957,139.0,4.085
Thailand,THA,2015,45.713134717198,East Asia & Pacific,Transitioner,63.970778894939,57.6826030384033,71.909779138371,75.4721768691423,53.4942216005954,90.6,26.9017456912464,53.4095238095238,85.7317434915939,44.0427043543335,100.0,55.43,84.4480690689655,86.5384615384615,54.3011103340776,50.2666666666667,97.0,98.0,80.0,,7.66337252513916,13.0601688949024,59.9816956536976,51.9047619047619,55.6666666666667,,,92.9916487715387,92.9916487715387,78.4718382116492,78.4718382116492,51.9076017409404,36.1778069677267,100.0,100.0,100.0,55.43,93.0,75.896138137931,100.0,73.0769230769231,53.8258180892229,49.583,48.2606869707231,74.3433526628695,38.2588774918761,64.0506329113924,50.2666666666667,39.3161,3.86397624,93.0,,16.88246,28.15431,105.3058472,126.0359879,,34.0,6.455
Thailand,THA,2016,49.3227291503798,East Asia & Pacific,Advanced,68.1932517046248,66.4367022209852,73.5953749525305,75.5791266041329,58.5201109400785,98.0,41.386993647701,53.4095238095238,86.5943054103099,47.3941319710163,100.0,60.03,83.7531476646181,82.9542321477805,58.3168053417647,59.3333333333333,98.0,98.0,98.0,,15.8649500254022,31.6151629722013,76.6808679454995,51.9047619047619,55.6666666666667,,,94.060892239888,94.060892239888,79.1277185807318,79.1277185807318,55.4829343697259,39.3053295723066,100.0,100.0,100.0,60.03,91.9813995361328,75.5248957931035,92.831541218638,73.0769230769231,54.2838900458912,55.072,59.3617593242483,76.7684998468079,38.2588774918761,70.75,59.3333333333333,47.505,3.767617464,91.98139954,,16.65791,26.63435,107.0563889,124.4461212,49.50847244,33.0,6.474
Thailand,THA,2017,47.427491541895,East Asia & Pacific,Advanced,70.4453428326885,68.2198556965816,71.9149084345338,80.96729315417,61.996875041633,98.0,45.844877336692,53.4095238095238,80.0952051293567,49.6920659569777,100.0,63.88,84.0721765736884,94.9497028888217,60.3960938020413,68.4,98.0,98.0,98.0,,16.7587355728781,39.3292704940792,81.4466259431188,51.9047619047619,55.6666666666667,,,87.5618492880941,87.5618492880941,72.6285609706194,72.6285609706194,57.7809304622765,41.6032014516789,100.0,100.0,100.0,63.88,92.9906997680664,75.1536533793103,97.0984309972424,92.800974780401,54.4726418533457,59.481,64.7768700160007,78.3565796489838,38.2588774918761,72.75,68.4,52.8919,3.465321541,,98.33695984,16.88809,26.36914,103.2221608,109.5026392,47.7228775,32.0,6.42399978637695
Thailand,THA,2018,46.1667791174286,East Asia & Pacific,Advanced,71.4445342291859,68.5823789480987,70.3771935500682,83.1058986372925,64.9530721465481,98.0,49.0845187988182,48.7428571428571,72.2684222026581,53.6745616725123,100.0,67.36,83.8734047241379,98.0842911877395,61.2913401831851,79.6,98.0,98.0,98.0,,18.4521767793779,44.0740836480096,84.7272959690671,51.9047619047619,44.0,,,79.7873859432678,79.7873859432678,64.7494584620485,64.7494584620485,61.8201057248395,45.5290176201852,100.0,100.0,100.0,67.36,94.0,73.7468094482759,96.1685823754789,100.0,54.8969919543516,63.89,68.8030403866967,76.0527910830013,38.2588774918761,73.0,79.6,56.8175,3.197694063,94.0,99.13101196,16.63844,25.94603,103.2130976,109.7327238,46.53995132,46.0,6.072
Thailand,THA,2019,44.9880040072053,East Asia & Pacific,Advanced,73.1871420635614,75.3712935468598,71.8977862514784,79.0282825127709,66.9938786961281,98.0,57.4853767242924,65.8857142857143,63.5616045321247,66.1828610965712,100.0,70.86,81.8045576832402,84.4202898550725,62.9798483701601,83.05,98.0,98.0,98.0,,26.8935542837751,59.4687227580996,86.0938531310027,80.4761904761905,44.0,,,77.2839302218665,63.9541767495599,63.1690323146895,49.8392788423829,73.8284307962921,58.5372913968503,100.0,100.0,100.0,70.86,91.2691497802734,72.3399655862069,89.1304347826087,79.7101449275362,55.0553566024644,71.65,72.3767466907994,76.6332610656606,38.2588774918761,73.5,83.05,66.6524,3.022214174,91.26914978,101.0628128,,,104.0361983,109.3787432,45.44073868,52.0,6.008
Tajikistan,TJK,2015,26.0669097900391,Europe & Central Asia,Discoverer,32.2852348913189,46.4674729465741,17.0903350153284,52.9176809570795,25.8532631900493,71.116,23.8286563924092,42.448051948052,14.3496847056463,0.0,56.7523056653491,48.07,68.6192433103448,42.0637995608937,27.4332456542283,19.5333333333333,60.0,90.0,57.79,,9.11908685234179,14.1301597902361,48.2367225346497,43.1507936507937,41.3939393939394,,,29.1913362128068,12.9319534216152,15.2754491881633,0.0,0.0,0.0,66.6666666666667,45.2569169960474,58.3333333333333,48.07,99.8,37.4384866206897,73.7827715355805,10.3448275862069,28.7207069423308,9.309,0.862639600653519,45.7194755267875,57.2089062013694,0.0,19.5333333333333,18.98,4.967740059,,92.20542145,22.28986,,91.26616669,,26.46244049,106.0,4.786
Tajikistan,TJK,2016,28.5179100036621,Europe & Central Asia,Emerging,36.1957280121941,51.5012680463082,22.8999010100157,52.1538208804963,27.9056155080482,80.154,27.3751441417445,42.448051948052,28.8735996923647,0.0,56.7523056653491,52.55,68.5803186896552,35.3311439518336,28.7903527183936,24.3666666666667,73.59,90.0,73.59,,8.66526749423682,15.7957609579249,57.6644039730717,43.1507936507937,41.3939393939394,,,43.96054173056,27.7011589393684,30.0460404453611,13.7866576541695,0.0,0.0,66.6666666666667,45.2569169960474,58.3333333333333,52.55,99.8,37.3606373793104,60.3174603174603,10.3448275862069,28.9162851485531,12.319,0.906472234415533,50.7606000076302,57.2089062013694,0.0,24.3666666666667,20.47,5.730941296,,89.63214111,22.19159,,93.08403015,,29.12254906,100.0,4.996
Tajikistan,TJK,2017,30.2374706268311,Europe & Central Asia,Emerging,37.4560591257251,56.399913789805,23.9943723020557,47.8256347871107,30.4116337208059,86.0,33.7757585004866,42.448051948052,31.6097779224648,0.0,56.7523056653492,54.85,68.5414342758621,20.0854700854701,30.7145421510074,29.2,90.0,90.0,80.0,,9.58138808196885,16.7955778101129,74.9503096093782,43.1507936507937,41.3939393939394,,,46.6967534280213,30.4373706368297,32.7821852080999,16.5228024169083,0.0,0.0,66.6666666666667,45.2569169960474,58.3333333333333,54.85,99.8,37.2828685517241,40.1709401709402,0.0,28.4088930732981,23.1745,1.88327484657126,54.4843866337982,57.2089062013694,0.0,29.2,21.96,5.544717789,,90.25110626,22.30051,,95.91313934,,31.11407089,96.0,5.04099988937378
Tajikistan,TJK,2018,,Europe & Central Asia,Emerging,37.8105730334876,55.9312611498399,24.5896202023058,48.1149460321661,30.8863509106574,86.0,32.6041269005738,42.448051948052,33.0978976730898,0.0,56.7523056653491,56.85,68.5025900344828,18.9922480620155,32.0329386383217,26.3,90.0,90.0,80.0,,7.82173506954791,16.5234461232648,73.4671995089087,43.1507936507937,41.3939393939394,,,48.1856766283012,31.9262938371096,34.26950150907,18.0101187178784,0.0,0.0,66.6666666666667,45.2569169960474,58.3333333333333,56.85,99.8,37.2051800689655,37.984496124031,0.0,27.9429684854809,34.03,2.59949344537728,55.3983250593811,57.2089062013694,0.0,26.3,,5.38508749,,,,,,,,88.0,5.199
Tajikistan,TJK,2019,,Europe & Central Asia,Discoverer,34.7474625540838,57.6465321565055,17.143909271228,47.7753069093375,30.8749206716615,86.0,36.8923044172377,42.448051948052,14.4836203453953,0.0,56.7523056653491,58.57,68.4637858965517,16.2921348314607,33.1686508395769,21.7,90.0,90.0,80.0,,11.9150310172259,23.497590454164,75.2642917803231,43.1507936507937,41.3939393939394,,,32.6731556558277,6.01364871121437,19.2476770145392,0.0,0.0,0.0,66.6666666666667,45.2569169960474,58.3333333333333,58.57,99.8,37.1275717931035,32.5842696629213,0.0,28.0864367866841,32.895,6.9482278004323,57.1521834093984,57.2089062013694,0.0,21.7,,5.484276295,,,,,,,,74.0,5.467
Turkmenistan,TKM,2015,,,,,,,,,,,,,,,,,,,,,,,,,,,,,,,,,,,,,,,,,,,,,,,,,,,,14.9968,,,,,,,,,70.0,5.548
Turkmenistan,TKM,2016,,,,,,,,,,,,,,,,,,,,,,,,,,,,,,,,,,,,,,,,,,,,,,,,,,,,17.9903,,,,,,,,,65.0,5.658
Turkmenistan,TKM,2017,,,,,,,,,,,,,,,,,,,,,,,,,,,,,,,,,,,,,,,,,,,,,,,,,,,,21.251,,,,,,,,,59.0,5.82200002670288
Turkmenistan,TKM,2019,11.0507708201956,,,,,,,,,,,,,,,,,,,,,,,,,,,,,,,,,,,,,,,,,,,,,,,,,,,,3.120549917,,,,,107.7023315,85.90278625,12.97550011,87.0,5.247
Trinidad and Tobago,TTO,2015,,Latin America & Caribbean,Transitioner,55.6724091160317,35.1314370927318,67.9927829983082,72.3694193487414,55.5707475093971,55.444,19.3369736842105,26.0952380952381,69.8985404705373,63.2267128637375,73.7134083229913,47.85,76.4267168275862,92.831541218638,65.2134343867464,17.0,100.0,88.61,0.0,,5.13583333333333,5.50666666666667,47.3684210526316,19.047619047619,36.6666666666667,,,79.6452407729645,79.7412063149118,60.0558746261628,60.1518401681101,73.8376195265884,52.6158062008866,84.7826086956522,36.3576162733216,100.0,47.85,99.0,53.8534336551724,85.663082437276,100.0,54.0344738112783,42.9845,38.2316757626195,66.2485116786003,96.060260681234,100.0,17.0,65.1,4.453393459,,,,,,,,41.0,6.168
Trinidad and Tobago,TTO,2016,,Latin America & Caribbean,Transitioner,56.1761652649845,40.6122531857929,56.0825657263331,76.2942393257529,57.3101642000282,62.0,26.4830139168632,26.0952380952381,41.5782087891826,58.7279911155326,79.8004288222347,59.18,76.8711767586207,92.831541218638,68.2877052500352,13.4,100.0,95.0,10.0,,6.91241121770065,8.54395336446044,63.9926771684286,19.047619047619,36.6666666666667,,,51.4113792856828,51.5073448276301,31.6490727507352,31.7450382926825,69.4325738219626,48.0234084091027,94.4444444444444,44.9568420222597,100.0,59.18,99.0,54.7423535172414,85.663082437276,100.0,54.4918801209823,52.899,46.1339417586123,68.3029436893476,96.060260681234,100.0,13.4,67.8,4.172309875,,,,,,,,43.0,6.168
Trinidad and Tobago,TTO,2017,,Latin America & Caribbean,Transitioner,63.95028775051,57.0777309203922,66.6862809785332,76.6343036541601,57.3381397316128,94.0,35.6467082533614,26.0952380952381,68.9276409674661,57.8868470140737,79.8024289295863,61.18,77.3199411724138,91.4029697900665,69.222674664516,9.8,100.0,95.0,90.0,,11.9606543989888,20.6594486636894,74.3200216974059,19.047619047619,36.6666666666667,,,78.7897083156138,78.8856738575612,58.969608077371,59.0655736193184,68.6227346431219,47.1509593850255,94.4444444444444,44.9628423443146,100.0,61.18,99.0,55.6398823448276,85.663082437276,97.1428571428571,54.0098418707597,58.3945,46.9276469539264,69.91837381666,96.060260681234,100.0,9.8,70.6,3.529951572,,,,,,,,38.0,6.16800022125244
Trinidad and Tobago,TTO,2018,,Latin America & Caribbean,Transitioner,64.7627032153546,64.6916380737301,58.2492147254111,78.3395528736338,59.5909845310874,95.6,46.2243332795633,39.8095238095238,47.3691952984585,57.4821084395665,81.5434661510054,63.39,77.773051862069,93.8556067588326,69.7887306638593,18.8,100.0,95.0,94.0,,20.7856367575565,35.6038300570704,82.283533024063,41.9047619047619,36.6666666666667,,,57.4474395827349,57.5434051246822,37.1949854722349,37.2909510141822,68.4521877494206,46.5120291297123,92.4778761061947,52.1525223468216,100.0,63.39,99.0,56.5461037241379,87.7112135176651,100.0,54.4005494315109,63.89,48.9310548212959,67.6067883852555,96.060260681234,100.0,18.8,72.8,3.640172958,,,,,,,,38.0,6.192
Trinidad and Tobago,TTO,2019,,Latin America & Caribbean,Transitioner,64.0472489205689,66.0023110598921,52.6117428717224,79.4567410422044,60.985886277379,95.6,49.5010157449683,39.8095238095238,32.7517851793865,57.3802824544819,82.7945790908754,65.26,78.2305508275862,94.8796722990271,71.1098578467237,20.49,100.0,95.0,94.0,,22.8760303266671,40.2103239494035,85.4166929588343,41.9047619047619,36.6666666666667,,,47.1568732549815,38.5641240153603,26.9394463434126,18.3466971037915,68.3313886982483,46.4291762107154,94.4444444444444,53.9392928281817,100.0,65.26,99.0,57.4611016551724,89.7593445980543,100.0,53.7876861667409,62.535,55.819719021942,68.6141233637018,96.060260681234,100.0,20.49,75.0,3.542849541,,,,,,,,39.0,6.192
Tunisia,TUN,2015,33.373851776123,Middle East & North Africa,Emerging,46.82182476751,36.5234452798663,41.523886215072,64.5172434574123,49.1188066622428,57.8,18.5943274853801,29.8285714285714,40.3719284941123,40.7329847836808,45.409604519774,59.0,69.1904250109316,65.3613053613053,47.6568416611369,54.9666666666667,99.0,95.0,0.0,,7.01666666666667,8.24,40.5263157894737,33.0476190476191,25.0,,,46.9891159869191,46.9891159869191,33.7547410013055,33.7547410013055,47.9016045675548,33.5643649998067,40.625,73.7288135593221,21.875,59.0,79.1187782287598,59.2620717931035,74.3589743589743,56.3636363636363,46.5343005136019,67.759,35.2787620217759,68.7663464619813,17.2697437527696,73.1111111111111,54.9666666666667,46.5,6.220449924,,97.26052094,15.79669,,106.1118317,86.76495361,33.05807877,107.0,4.739
Tunisia,TUN,2016,31.2128105163574,Middle East & North Africa,Transitioner,54.9098652223923,51.5322476861559,46.4278455785336,72.0031728446266,52.7706276763881,72.6,30.7449049296754,50.9714285714286,49.8909156966223,43.7360630087088,44.8852704820057,70.15,69.5716397460012,76.2878787878788,51.7049512621518,57.0333333333333,99.0,97.0,35.0,,11.8241038529587,13.4395081812392,66.9711027548285,61.6190476190476,35.0,,,56.5076441596444,56.5076441596444,43.2741872336002,43.2741872336002,50.9041855103161,36.5679405071015,40.625,72.155811446017,21.875,70.15,79.2375564575195,59.9057230344828,96.2121212121212,56.3636363636363,47.0366338630806,71.739,47.6654363025921,71.6784172666888,17.2697437527696,78.0100502512563,57.0333333333333,49.6,,,91.18084717,16.18367,,106.1781616,91.17043304,31.18655968,98.0,5.045
Tunisia,TUN,2017,30.9277496337891,Middle East & North Africa,Transitioner,58.0846943928631,61.5033326271237,45.4970851884198,73.4732511489564,55.3650063445775,89.4,38.872617282095,50.9714285714286,50.9454176919527,41.3092210574032,42.9761484433874,72.36,70.3873748258983,77.672378620971,54.4312579307219,59.1,99.0,99.0,75.0,,13.9982962028004,19.0946198416698,83.5249358018148,61.6190476190476,35.0,,,57.5623031518523,57.5623031518523,44.328532232053,44.328532232053,48.4775136389612,34.1409284758452,37.5968992248062,68.8509259503174,22.4806201550388,72.36,79.3563346862793,61.4184149655172,69.2982456140351,86.046511627907,51.3287529394309,76.1495,53.9072569443918,74.2893538562131,17.2697437527696,74.572864321608,59.1,55.5002,,,86.93196869,16.57185,,106.5720291,,31.01753044,102.0,4.80499982833862
Tunisia,TUN,2018,30.9594707489014,Middle East & North Africa,Transitioner,60.4727476061251,67.2439709023074,51.2547076101312,70.9614554901339,54.6800847497423,97.172,45.4522129700541,50.9714285714286,79.3070169029457,44.5064438517057,8.64661654135337,73.73,70.6301146644161,68.5242518059856,54.9501059371779,53.6,99.0,99.0,94.43,,20.1824222204357,30.2913835517325,85.8828331379941,61.6190476190476,35.0,,,85.9236799076437,85.9236799076437,72.6903538982477,72.6903538982477,51.6744954401285,37.3383922632829,25.9398496240601,0.0,0.0,73.73,79.4751129150391,61.7851164137931,68.6274509803922,68.421052631579,51.6308097361366,80.56,57.5423031832235,72.4076730137598,17.2697437527696,71.24,53.6,64.1908,,79.47511292,,16.87168,,106.2006683,,31.14035034,111.0,4.592
Tunisia,TUN,2019,31.4410896301269,Middle East & North Africa,Transitioner,59.9643318688591,71.8625597737558,43.0265201541834,72.344323161903,57.8001056703661,98.024,55.1466851486753,52.9714285714286,52.4104124323003,50.8325796824814,8.64661654135338,74.73,71.5765856896552,70.7263837960538,54.7713820879576,69.915,99.0,99.0,96.56,,27.631686867335,50.6224093654276,87.1859592132634,61.6190476190476,40.0,,,65.1195550591517,53.0309269933369,51.7898978712637,39.7012698054488,58.0528106592541,43.6123487057087,25.9398496240601,0.0,0.0,74.73,81.0,62.1531713793103,71.8875502008032,69.5652173913043,51.8817342260748,71.455,58.4791118827702,73.3288205781736,17.2697437527696,74.34,69.915,66.7,6.173732281,81.0,,,,,,31.82082939,124.0,4.461
Turkiye,TUR,2015,95.5645065307617,Middle East & North Africa,Transitioner,62.7573689439803,68.8872228565891,50.5085661463216,66.6413648737593,66.8977192332755,90.8,48.9171047605204,65.0019047619048,83.187931900451,43.0834834653529,0.0,57.01,88.748550137931,54.1655444833468,67.9971490415943,62.5,98.0,98.0,80.0,,36.1418600135035,47.8817168329509,62.7277374351068,61.7142857142857,69.9333333333333,,,98.9685754223659,85.6388219500593,80.7370418508427,67.4072883785361,52.9588974832613,33.2080694474445,0.0,0.0,0.0,57.01,96.0,81.4971002758621,53.9007092198582,54.4303797468354,62.5969321353734,58.025,44.8135833357006,80.5424594096503,81.2676930076596,83.5051546391753,62.5,53.745,4.305500031,96.0,98.8300705,18.40513,18.45287,107.2941818,107.243187,95.56450653,76.0,5.332
Turkiye,TUR,2016,103.71558380127,Middle East & North Africa,Advanced,65.8448759923548,79.4978765982678,47.6282855208116,72.5597558277823,68.4182003630465,91.902,74.341739114717,65.0019047619048,69.3702429116475,46.228590520763,6.94376073923687,73.14,90.373723,54.1655444833468,70.4477504538081,60.3,98.51,98.0,82.5,,51.6431699559369,88.5540275660569,82.8280198221573,61.7142857142857,69.9333333333333,,,85.0890487041682,71.7592952318615,66.9811905914334,53.6514371191268,56.037013665161,36.420167376365,20.8312822177106,0.0,0.0,73.14,96.0,84.747446,53.9007092198582,54.4303797468354,62.8512449671401,60.145,51.4992346845874,83.2980796096533,81.2676930076596,86.5,60.3,58.3477,4.627739906,96.0,134.5456085,,,105.283287,108.5475616,103.7155838,78.0,5.389
Turkiye,TUR,2017,110.534072875977,Middle East & North Africa,Advanced,69.6763771615023,83.6670804244115,47.753669702735,84.9495517262574,69.4416110970914,95.134,81.5327486800763,65.0019047619048,72.206215435921,43.9334541536476,6.4890093345378,76.45,92.0511374482759,86.3475177304965,72.2770138713642,58.1,99.67,98.0,90.0,,59.6156844457705,97.4131956712675,87.5693659231908,61.7142857142857,69.9333333333333,,,88.2382525941691,74.9084991218625,69.5039317499795,56.1741782776728,54.0812112775837,33.7856970297115,19.4670280036134,0.0,0.0,76.45,96.0,88.1022748965517,89.3617021276596,83.3333333333333,62.8926394175935,74.5175,53.3659577221541,85.350029209414,81.2676930076596,82.5,58.1,64.6846,4.323689938,96.0,92.59565735,16.97782,17.34797,97.49189758,112.9773331,110.5340729,69.0,5.5
Turkiye,TUR,2018,115.462463378906,Middle East & North Africa,Advanced,72.958442791283,84.6305710592552,51.3099163277727,86.2400185635131,75.6597330447503,97.26,81.8154752671856,65.0019047619048,75.6546411136081,51.4753462037824,2.28960700408243,79.15,93.6726197931035,85.8974358974359,73.2496663059379,85.3,99.84,98.23,95.0,,59.5544795910708,96.8341110791069,89.057835131379,61.7142857142857,69.9333333333333,,,91.4975176818317,78.1677642095251,73.1415180176911,59.8117645453844,61.418179355192,41.5325130523729,6.86882101224728,0.0,0.0,79.15,96.5,90.8452395862069,100.0,71.7948717948718,63.1127467186058,88.89,52.919283876045,83.5036079273788,81.2676930076596,82.0,85.3,71.0428,4.297299862,,91.03608704,,,100.9312515,112.1154099,115.4624634,74.0,5.483
Turkiye,TUR,2019,117.005470275879,Middle East & North Africa,Advanced,70.6539083401352,85.1913577100087,42.0097945867327,88.4085134866724,78.7597948540488,97.138,83.3394418940694,65.0019047619048,61.4340044861292,41.6316506394011,3.91766268260293,81.43,94.9639992413793,88.831541218638,75.6009935675609,91.395,99.69,98.0,95.0,,60.5525768058202,100.0,89.465748876388,61.7142857142857,69.9333333333333,,,74.229428416719,67.7588084816956,55.1092004905628,48.6385805555395,51.988440766069,31.2748605127332,11.7529880478088,0.0,0.0,81.43,97.0,92.9279984827586,85.663082437276,92.0,63.2508071869319,87.385,63.6378939639528,84.1560736792604,81.2676930076596,84.0,91.395,73.9767,4.447760105,97.0,96.62599182,,,103.9629593,111.9104004,117.0054703,79.0,5.373
Tanzania,TZA,2015,3.98361077132501,Sub-Saharan Africa,Discoverer,30.3938325133287,32.4291928198631,29.6831497736105,35.5459385809706,24.9405344199534,39.936,4.5179344306102,73.2380952380952,38.3207236607381,21.2476204801439,29.2790605862884,36.08,48.3355935206897,22.2222222222222,25.1006680249417,24.3,89.0,27.67,27.67,,4.10038616151619,7.19039008706068,2.26302704325373,67.6190476190476,81.6666666666667,,,51.2364363689993,41.4128666811918,35.2285806402845,25.405010952477,29.9185423331978,12.5766986270901,20.3703703703704,67.4668113884947,0.0,36.08,78.0,18.6711870413793,44.4444444444444,0.0,22.1869245171745,43.5835,4.11427872962967,38.1373151482817,21.7566989336529,35.0327455919395,24.3,10.0,4.194865704,78.0,64.65573883,,,83.42218782,27.23949051,4.155891895,146.0,3.781
Tanzania,TZA,2016,3.72893939925404,Sub-Saharan Africa,Discoverer,33.6353770864463,39.8826926222047,32.3743351436483,35.0040138215654,28.3192682547664,40.308,22.7796839364641,73.2380952380952,40.4096333683845,25.8866741975921,29.2790605862884,33.86,47.3425176551724,23.8095238095238,28.399085318458,28.0,90.0,28.1,27.67,,7.7155378457728,12.2849616387656,48.3385523248539,67.6190476190476,81.6666666666667,,,53.3252955114787,43.5017258236712,37.3175409130978,27.4939712252903,34.5575412717151,17.2158071234691,20.3703703703704,67.4668113884947,0.0,33.86,78.0,16.6850353103448,47.6190476190476,0.0,22.9638121234981,57.246,7.59021279649517,42.9662253517092,21.7566989336529,36.1909547738693,28.0,13.5042,4.101967335,,60.75336838,41.76673,15.93942,84.00874302,26.38563428,3.945859909,149.0,3.666
Tanzania,TZA,2017,4.78205361153138,Sub-Saharan Africa,Emerging,37.2268171094241,45.9443158575517,33.0816426936937,42.1064833943337,30.0092951556822,48.0,31.9560277391173,69.8095238095238,41.8252242108824,26.2393522302077,29.2790605862884,35.35,46.4718278034483,44.4976223795529,29.5866189446028,31.7,92.0,46.0,28.0,,8.04289786561167,15.4286208828031,72.3965644689372,61.9047619047619,81.6666666666667,,,54.7408464339634,44.9172767461558,38.733171675609,28.9096019878015,34.9101760576496,17.5685284027657,20.3703703703704,67.4668113884947,0.0,35.35,78.0,14.9436556068966,70.2461094094252,18.7491353496806,23.3528863548159,56.748,7.52027790469947,47.5692315298455,21.7566989336529,38.72,31.7,14.4634,4.400383472,,66.67028046,47.15284,17.11346,87.62282793,26.8233018,,153.0,3.34899997711182
Tanzania,TZA,2018,4.27996511118124,Sub-Saharan Africa,Emerging,39.0600110238914,48.4796720922012,34.051213044617,38.5491960383448,36.5781603531066,50.8,33.4467992781221,73.9047619047619,41.8540975907497,29.0902431390173,28.3673837635512,36.71,47.4873100793103,31.4502780357241,29.6727004413832,64.2,94.0,52.0,28.0,,9.59097129223887,16.9588597128921,73.7905668292354,80.9523809523809,63.3333333333333,,,54.7698810429756,44.9463113551681,38.7618838263312,28.9383141385237,37.7612416313663,20.4192446466682,20.3703703703704,64.7317809202834,0.0,36.71,78.0,16.9746201586207,62.9005560714481,0.0,23.6252076936157,56.25,7.45996486932998,47.4916307103176,21.7566989336529,39.81,64.2,15.4907,3.963435888,,66.62596893,50.63304,20.86254,92.35215776,28.77326191,,153.0,3.303
Tanzania,TZA,2019,2.85588898826608,Sub-Saharan Africa,Emerging,39.4997951385827,53.1480641549917,27.624180469511,41.059730322863,40.3818700643326,61.072,34.8457794350984,73.9047619047619,26.3470145143568,28.4992716798312,28.4283299591792,37.77,48.7620174793103,36.6471734892787,31.1298375804157,77.39,94.0,64.18,41.5,,10.0688207854034,18.659331226798,75.8091862930938,80.9523809523809,63.3333333333333,,,43.824786622792,24.8770250196938,27.8170040090198,8.86924240592155,37.1701539289578,19.8283894307046,20.3703703703704,64.9146195071673,0.0,37.77,78.0,19.5240349586207,47.3684210526316,25.9259259259259,24.0315844628093,55.77,7.34118526171763,51.2469641418579,21.7566989336529,46.7755102040816,77.39,16.5909,3.596836329,,63.59152222,,,94.78174584,30.15660959,3.024228573,153.0,3.231
Uganda,UGA,2015,,Sub-Saharan Africa,Emerging,35.6965574485619,39.0586126158132,27.6592324980456,48.1990949482208,31.1823986247421,41.656,26.7048172538186,58.5714285714286,31.2899520508011,20.7720138031127,34.1722307824003,33.82,53.8364479038254,56.9408369408369,25.1946649475943,55.1333333333333,91.0,50.0,8.64,,11.2130907294572,15.7395021922401,53.1618588397586,64.2857142857143,50.0,,,48.0546743521335,32.2665868123291,30.3133172892732,14.5252297494687,30.3819155454954,11.16211206073,28.7878787878788,73.728813559322,0.0,33.82,69.101318359375,38.5715774482759,59.5959595959596,54.2857142857143,21.9665444694805,32.48,3.93568275752196,41.9225874108713,25.3502822519966,33.1164556962025,55.1333333333333,5.8,2.32152009,,53.32011795,42.9168,,103.624588,,4.915594101,141.0,3.931
Uganda,UGA,2016,,Sub-Saharan Africa,Emerging,36.4520073060675,40.926277464805,30.3975861057662,43.1205784625596,32.912424411569,47.524,21.5059793762982,66.5714285714286,31.8324307962862,27.0754190769292,34.1722307824003,33.71,54.0644338003772,41.5873015873016,27.5488638477946,54.3666666666667,91.0,62.94,10.37,,11.2277727386849,14.4997447905175,38.7904205996923,64.2857142857143,70.0,,,48.5974791721848,32.8093916323803,30.8554699601921,15.0673824203877,36.6856740667585,17.4651640870998,28.7878787878789,73.7288135593221,0.0,33.71,69.101318359375,39.0275492413793,28.8888888888889,54.2857142857143,21.6960581064242,50.0,5.57841975133839,44.5255741668077,25.3502822519966,31.187969924812,54.3666666666667,5.9,2.1378901,69.10131836,54.77856064,42.72062,,105.9135895,26.32732894,4.756202698,145.0,3.739
Uganda,UGA,2017,,Sub-Saharan Africa,Emerging,37.8977432655815,46.6120775425837,31.8904312357444,40.5711109445817,34.2040588696569,50.0,33.2444795707449,66.5714285714286,36.0974324268718,26.542530271289,34.1722307824003,35.56,56.1434489691541,30.0098838645911,29.3550735870712,53.6,93.0,68.13,10.37,,11.6006577754629,16.1289183719101,72.0038625648617,64.2857142857143,70.0,,,52.8623889540449,37.0743014142405,35.1205634395031,19.3324758996987,36.1526857583325,16.9323747842456,28.7878787878788,73.728813559322,0.0,35.56,72.8006591796875,39.4862387586207,38.9671361502348,21.0526315789474,23.2733573375988,53.47,6.36923327169875,47.5800765276958,25.3502822519966,34.9348370927318,53.6,,2.253639936,,52.97032166,42.65911,,105.5263214,24.00033467,,133.0,4.08099985122681
Uganda,UGA,2018,,Sub-Saharan Africa,Emerging,37.2694477279689,50.705892689862,22.1110046691954,47.627683715136,36.131455674118,56.724,36.7550174389407,66.5714285714286,37.7321353170086,17.5453763559799,0.0,37.22,58.2238311034483,47.4392200419598,29.6393195926475,62.1,93.0,73.75,21.56,,12.7178656565817,20.7395268589225,76.8076598013179,64.2857142857143,70.0,,,54.3768560254748,38.5887684856704,36.8755021483468,21.0874146085424,27.0252763727575,8.06547633920224,0.0,0.0,0.0,37.22,76.5,39.9476622068966,54.337899543379,40.5405405405405,23.5478906445807,56.94,5.44607652571005,46.3135985409502,25.3502822519966,38.1375,62.1,,2.130520105,,,,,,,,135.0,4.161
Uganda,UGA,2019,,Sub-Saharan Africa,Emerging,35.9801577220463,54.4889508939361,20.1321750626221,40.2981360911804,37.9112537822325,62.836,40.100662949126,66.5714285714286,20.6913995617464,29.6390380948088,0.0,38.6,58.455917862069,23.8384904114724,30.8790672277906,66.04,98.0,84.6,23.49,,14.8839429005959,24.2437695606789,81.1742763861032,64.2857142857143,70.0,,,40.0056108117276,18.878451414264,22.5043477092289,1.37718831176529,39.1188889419956,20.1591872476221,0.0,0.0,0.0,38.6,76.5,40.4118357241379,42.7164200851743,4.96056073777041,23.6931495235162,57.59,5.57640998161818,48.5098311165161,25.3502822519966,44.9413265306122,66.04,,2.308280706,,,,,,,,136.0,4.189
Ukraine,UKR,2015,76.8646556476929,Europe & Central Asia,Transitioner,55.4393251839812,40.7347578947368,49.3703690057009,84.0162583805176,55.9083779093343,55.504,27.3328947368421,38.0,63.7257028647758,34.7002196494765,50.0,86.66,82.0164827931034,83.3722923484494,59.8271390533346,40.2333333333333,99.9,88.81,0.0,,10.545,11.98,59.4736842105263,33.3333333333333,45.0,,,68.5180527576327,68.5180527576327,58.9333529719188,58.9333529719188,39.8919320334049,29.5085072655481,42.1568627450981,66.6666666666667,41.1764705882353,86.66,99.0,65.0329655862069,92.831541218638,73.9130434782609,60.1834327123694,42.7335,27.1425621592664,76.8787436166408,86.1964485919981,54.735516372796,40.2333333333333,48.8846,5.742568493,,88.57595825,12.38447,6.97019,87.8509903,90.50289917,76.86466217,111.0,4.681
Ukraine,UKR,2016,77.0398374695438,Europe & Central Asia,Transitioner,57.3621787419625,43.3672924120763,52.8781807996786,80.2453577521239,58.8360925459799,56.556,32.8622310301907,38.0,70.903370956404,36.2920810427924,50.0,75.76,78.0195515172414,86.9565217391304,62.2534490158082,45.1666666666667,99.9,90.0,1.44,,12.8401717088402,15.2139079490898,70.5326134326422,33.3333333333333,45.0,,,75.6169032257945,75.6169032257945,66.1898386870135,66.1898386870135,41.3984076679655,31.1857544176194,42.156862745098,66.6666666666667,41.1764705882353,75.76,99.0,57.0391030344827,100.0,73.9130434782609,60.4846963379794,58.696,25.1139977186041,79.1491024304594,86.1964485919981,61.95,45.1666666666667,53.001,5.00977993,,86.1604538,12.75838,7.03673,87.40920258,88.54575348,77.0398407,123.0,4.324
Ukraine,UKR,2017,80.1990246943391,Europe & Central Asia,Transitioner,58.5985414819309,44.948169298962,55.605361454735,79.590991382716,59.2726897718176,56.98,36.3904232474049,38.0,75.0299837431333,38.9834198937042,50.0,79.07,77.554826,82.1481481481482,61.565862214772,50.1,99.9,90.0,2.5,,13.9257680283313,17.303224312383,77.9422774015005,33.3333333333333,45.0,,,80.0222590229325,80.0222590229325,70.0377084633342,70.0377084633342,44.3917181134866,33.5751216739217,42.1568627450981,66.6666666666667,41.1764705882353,79.07,99.0,56.109652,96.2962962962963,68.0,60.5649182146133,57.818,21.3233466449375,81.3730976223113,86.1964485919981,58.925,50.1,58.8895,5.417079926,,87.53417206,12.99453,7.20581,88.21408844,86.78869629,80.19902039,132.0,4.09600019454956
Ukraine,UKR,2018,81.4946716210446,Europe & Central Asia,Advanced,66.3282731769499,57.7879957851737,62.3149150806543,84.6505059839514,63.4944206549358,78.98,43.8233227962677,43.3333333333333,78.6566876345886,52.130600067047,50.0,81.92,77.6918953103448,94.3396226415094,62.8430258186698,66.1,99.9,90.0,57.5,,19.2861315856744,31.6584135627452,80.5254232403834,33.3333333333333,58.3333333333333,,,83.5685572418788,83.5685572418788,73.7448180272985,73.7448180272985,57.4517921416113,46.8094079924827,42.1568627450981,66.6666666666667,41.1764705882353,81.92,99.0,56.3837906206897,100.0,88.6792452830188,60.5883393160159,56.94,29.326158861517,79.5654323238177,86.1964485919981,60.1375,66.1,62.5532,5.319920063,,83.90885925,12.98011,7.33711,88.57288361,85.83319092,81.49466705,138.0,4.103
Ukraine,UKR,2019,84.48135621115,Europe & Central Asia,Transitioner,64.7112451245417,62.7718200842789,51.6667789275482,81.2653583371019,66.5330544724782,86.6,48.6628835440305,43.3333333333333,72.6638823234748,31.5030649953957,50.0,84.25,77.5788618965517,81.9672131147541,66.6625680905977,66.015,99.9,90.0,76.55,,22.7565889787672,43.6351772718315,79.5968843814927,33.3333333333333,58.3333333333333,,,82.893928956718,72.4184063520704,72.9093582948792,62.4338356902317,36.9113741038916,26.0947558868997,42.1568627450981,66.6666666666667,41.1764705882353,84.25,99.0,56.1577237931034,100.0,63.9344262295082,60.6621320590478,62.59,41.8244236658876,79.9848361360549,86.1964485919981,66.7,66.015,70.1248,5.441299915,,89.05339813,,,90.68096924,84.45683289,84.48136139,133.0,4.332
Uruguay,URY,2015,57.7897211461691,Latin America & Caribbean,Advanced,70.431122649316,53.6370981094433,75.9674706272411,82.4472413103448,73.2469212697782,87.996,31.1919833688462,29.8095238095238,74.1613512242551,83.6139210233329,64.2868086410296,62.02,85.3217239310345,100.0,75.8669849205561,62.7666666666667,100.0,92.45,77.54,,17.5555533342444,29.0727874795147,46.9476092927796,28.5714285714286,31.6666666666667,,,89.6379808583912,76.3082273860845,72.0144750624257,58.684721590119,93.1599866628142,74.0678553838516,59.8360655737705,33.0243603493182,100.0,62.02,99.0,71.643447862069,100.0,100.0,65.0237050985543,81.2875,52.8123764043691,80.8197347019935,97.4474186993711,85.1758793969849,62.7666666666667,64.5708,4.206369877,99.0,100.7218628,11.76053,,109.2404709,108.0432968,57.78971863,32.0,6.485
Uruguay,URY,2016,59.6462945758069,Latin America & Caribbean,Advanced,73.6146353029626,61.4047991824387,76.3444905606866,82.7117013793103,75.7372772678142,93.2,45.4072360513348,29.8095238095238,75.7681368208553,82.9496852603463,64.2868086410296,62.82,85.315104137931,100.0,78.7382632514344,63.7333333333333,100.0,95.0,88.0,,24.0499956664587,45.3004199278566,66.8712925596891,28.5714285714286,31.6666666666667,,,91.1245049518385,77.7947514795319,73.7415221621788,60.4117686898722,92.3654676047454,73.5339029159473,59.8360655737705,33.0243603493182,100.0,62.82,99.0,71.6302082758621,100.0,100.0,65.5114793427569,77.536,64.3654459369751,82.8489722780692,97.4474186993711,89.5,63.7333333333333,66.4,4.364200115,99.0,102.3928375,11.13129,,108.0822906,112.0325775,59.64628983,29.0,6.545
Uruguay,URY,2017,59.7518904286933,Latin America & Caribbean,Advanced,76.9836072600959,70.3490606492102,77.7000758748541,82.8222657637848,77.5829297543924,93.2,53.744080194454,57.8571428571429,77.2789156358032,84.8278697308172,64.2868086410296,65.42,86.1917248275862,96.8550724637681,80.8036621929905,64.7,100.0,95.0,88.0,,27.676013245876,56.6217822871218,76.9344450503642,71.4285714285714,37.5,,,92.4582521193751,79.1284986470685,75.4293326245378,62.0995791522312,94.0518677905207,75.6038716711137,59.8360655737705,33.0243603493182,100.0,65.42,99.0,73.3834496551724,96.3768115942029,97.3333333333333,65.7367756749571,83.213,70.0807476214156,84.8968689692085,97.4474186993711,88.5,64.7,70.3224,4.417870045,99.0,97.16676331,11.0193,,107.1465302,116.472847,59.75188828,28.0,6.4539999961853
Uruguay,URY,2018,60.2781342968002,Latin America & Caribbean,Advanced,75.4247675600995,72.9613184551935,66.5889146641695,84.8318154712644,78.5240246605951,93.2,60.2747247094124,57.8571428571429,60.6314328363347,73.6974495035743,64.2868086410296,67.63,86.8654464137931,100.0,81.1300308257439,68.1,100.0,95.0,88.0,,34.3751433749908,67.1154675618112,79.3335631914353,71.4285714285714,37.5,,,69.2625738729372,69.2625738729372,52.0002917997323,52.0002917997323,83.047852293227,64.3470467139217,59.8360655737705,33.0243603493182,100.0,67.63,99.0,74.7308928275862,100.0,100.0,66.0851123474229,88.89,70.0172650906169,83.6553579913084,97.4474186993711,88.0,68.1,80.7268,4.603620052,99.0,101.5738831,,,105.27565,117.7690582,60.27812958,31.0,6.379
Uruguay,URY,2019,61.9644279466795,Latin America & Caribbean,Advanced,78.0792271314502,76.9292963431535,70.2977855212422,85.3350107126437,80.5343896254037,93.2,65.1946694293124,67.8571428571429,66.0734151143079,77.5276443682828,64.2868086410296,69.37,86.635032137931,100.0,82.7617370317546,71.625,100.0,95.0,88.0,,40.5227910550146,74.1592133994018,80.9020038335209,71.4285714285714,62.5,,,82.1261467634152,67.4056113376542,64.7412188909616,50.0206834652006,86.9444802991952,68.1108084373705,59.8360655737705,33.0243603493182,100.0,69.37,99.0,74.2700642758621,100.0,100.0,66.3336039072044,86.505,77.136027494584,84.1391350576137,97.4474186993711,91.0,71.625,83.3515,4.628339767,99.0,,,,104.3541489,119.8485336,61.96443176,33.0,6.293
United States,USA,2015,88.8894119262695,North America,Leader,80.5617289534544,69.0978809240173,85.1791574153154,82.9098026176649,86.3199465625696,99.18,37.4051785005194,72.3190476190476,81.5750179304759,87.5088995241055,87.727952167414,69.26,87.636377,91.8330308529946,86.5082665365454,85.5666666666667,99.9,99.0,99.0,,20.8417069389959,33.6833512644642,57.6904772980982,63.8095238095238,85.0833333333333,,,90.6289486861393,90.6289486861393,72.5210871748125,72.5210871748125,97.3173245094075,77.7004745388035,98.4304932735425,100.0,64.7533632286996,69.26,99.0,76.272754,85.9649122807018,97.7011494252874,85.2758849969859,93.621,51.8549677183342,100.0,98.5999799674068,100.0,85.5666666666667,74.5542,4.930630207,,,14.45723,14.69697,100.2999115,97.65254974,88.88941193,15.0,7.119
United States,USA,2016,88.8350524902344,North America,Leader,82.9339727839039,72.6147033248528,85.5894501807767,86.5680040655374,87.9280964460784,99.18,46.1972345026081,72.3190476190476,82.1775725600159,88.7773507268823,86.0374043300872,76.6,87.7622094137931,95.3418027828191,87.7267872242646,88.7333333333333,99.9,99.0,99.0,,26.7668684064686,42.8028470232703,69.0219880780854,63.8095238095238,85.0833333333333,,,91.231500748138,91.231500748138,73.1236443718938,73.1236443718938,98.5857729306813,78.9689285230833,96.7077637809345,100.0,61.4044492093273,76.6,99.0,76.5244188275862,92.9824561403509,97.7011494252874,85.8184214645778,92.754,57.8385346893385,100.0,98.5999799674068,100.0,88.7333333333333,85.5444,4.783279896,,,,,101.3628616,98.76992798,88.83505249,13.0,7.104
United States,USA,2017,88.1673889160156,North America,Leader,84.0194841727205,78.4398322511689,79.9236313835954,89.0858054482759,89.2276938247546,99.18,50.7600568183983,92.3190476190476,69.4098863414133,87.4047888547964,85.9888065255574,79.23,88.0274163448276,100.0,88.5596172809432,91.9,99.9,99.0,99.0,,32.8084676200016,46.5756021404658,72.8961006947276,97.1428571428571,85.0833333333333,,,78.5878857526775,78.5878857526775,60.2318869301491,60.2318869301491,97.3476215503327,77.4619561592602,96.5481825488971,100.0,61.4182370277753,79.23,99.0,77.0548326896552,100.0,100.0,85.9278716606256,95.682,60.4292347766838,100.0,98.5999799674068,100.0,91.9,87.2749,5.092969894,,98.8321991,14.19857,14.62452,101.8214417,98.95233917,88.16738892,14.0,6.99300003051758
United States,USA,2018,88.2991790771484,North America,Leader,86.1238142728854,80.7880381039881,85.1020619096299,89.3327912760637,89.5766825791833,99.172,56.6385714504464,92.3190476190476,72.9299698201995,96.8307816910965,85.9888065255575,81.73,88.0227597931035,98.2456140350877,88.8208532239791,92.6,99.9,99.0,98.98,,42.0295116421308,51.7395205846287,76.1466821245796,97.1428571428571,85.0833333333333,,,82.1705982131538,82.1705982131538,63.6893414272452,63.6893414272452,100.0,93.661563382193,96.5481825488971,100.0,61.4182370277753,81.73,99.0,77.0455195862069,96.4912280701754,100.0,86.1806540883879,98.61,60.0186320641007,100.0,98.5999799674068,100.0,92.6,88.4989,4.895020008,,100.0926971,,,101.2565613,99.27558136,88.29917908,18.0,6.886
United States,USA,2019,87.8887100219727,North America,Leader,85.6572922591913,83.8489929294979,80.7252556927708,87.0648675088028,91.3497036903163,99.18,64.2829585142208,92.3190476190476,61.6001431997781,97.2185927693701,85.9888065255574,82.92,87.9236237241379,90.3509788022704,90.1121296128953,96.3,99.9,99.0,99.0,,53.3880591971707,62.3524001052654,77.1084162402263,97.1428571428571,85.0833333333333,,,72.1247395308817,69.5568281342563,53.6434582652999,51.0755468686745,100.0,94.4371855387402,96.548182548897,100.0,61.4182370277753,82.92,99.0,76.8472474482759,89.6907216494845,91.0112359550562,86.4509355438402,96.66,67.1797325532297,100.0,98.5999799674068,100.0,96.3,89.4303,4.95746994,,100.4890518,,,100.9813004,100.0634308,87.88871002,19.0,6.892
Uzbekistan,UZB,2015,8.05320814639575,Europe & Central Asia,Emerging,41.7153640800995,39.0672302618322,42.019163183698,58.3923251680775,31.5913629302576,40.776,23.5663613688663,66.6514285714286,50.2776933094592,26.992436872008,55.5555555555556,57.31,71.3569312413793,46.5100442628532,34.7308703294886,19.0333333333333,97.8,43.04,10.0,,9.472209607235,12.2714335985668,48.955440900797,60.2857142857143,76.2,,,66.3308361724208,47.9431541879089,52.6122324310095,34.2245504464976,34.4233472319391,19.5615265120769,66.6666666666667,0.0,100.0,57.31,100.0,42.7138624827586,47.565543071161,45.4545454545454,28.3157133059855,56.861,1.12174108574794,47.5985924878792,62.6801711800443,11.0152671755725,19.0333333333333,42.8,5.494533539,100.0,93.80388641,19.03192,10.69989,96.84696272,92.24281249,8.053208351,44.0,6.003
Uzbekistan,UZB,2016,8.33958377998093,Europe & Central Asia,Emerging,41.1307312282241,42.1982463498806,33.6332267139228,58.4498684454894,34.5000120003443,44.48,27.6899015889872,66.6514285714286,28.8101762135423,27.4951127934868,55.5555555555555,59.9,71.4579647931034,43.9916405433647,37.2833483337637,23.3666666666667,98.0,45.3,16.9,,13.311571694969,16.9429215780007,52.8152114939921,60.2857142857143,76.2,,,44.863028678177,26.475346693665,31.1450057334196,12.7573237489076,34.9257085552304,20.0645170317432,66.6666666666667,0.0,100.0,59.9,100.0,42.9159295862069,42.5287356321839,45.4545454545454,29.8788806632465,68.841,1.79812835658513,52.0490614689426,62.6801711800443,11.18,23.3666666666667,46.7913,5.415237427,100.0,97.40608215,20.42443,10.43487,97.6622985,92.81486579,8.339583397,49.0,5.987
Uzbekistan,UZB,2017,8.64750307019382,Europe & Central Asia,Emerging,44.6929582476612,53.7911758840285,35.2796095620591,56.573198677034,37.163008449284,66.88,34.2722254243569,66.6514285714286,27.0117376137599,22.2983974024989,77.7777777777778,62.37,71.8103803448276,35.5392156862745,39.528760561605,27.7,98.4,75.0,43.0,,11.3493871859122,18.6406435789443,72.8266455082141,60.2857142857143,76.2,,,43.0648920993811,24.6772101148691,29.3462651126507,10.9585831281388,29.7293203536445,14.8674744513532,66.6666666666667,66.6666666666667,100.0,62.37,100.0,43.6207606896552,29.4117647058824,41.6666666666667,34.9376573829515,74.0055,2.48465500363396,55.1598192413951,62.6801711800443,10.7575,27.7,48.7,5.033319473,,98.28800201,21.15014,10.32977,98.04865269,93.87757366,8.647502899,47.0,5.97100019454956
Uzbekistan,UZB,2018,9.95855522351711,Europe & Central Asia,Emerging,49.6557209349922,55.8503986279397,44.3035320677475,53.3565036070668,46.0495271369788,71.224,35.0762822841349,66.6514285714286,54.1190327008865,17.7509085795933,77.7777777777778,64.39,72.2721034137931,23.4074074074074,40.9119089212235,66.6,98.4,75.5,53.36,,13.0191003826323,20.7669257556129,71.4428207141596,60.2857142857143,76.2,,,70.594210613839,51.3622695702034,56.8757958315696,37.643854787934,25.1817165866558,10.3201005725307,66.6666666666667,66.6666666666667,100.0,64.39,100.0,44.5442068275862,14.8148148148148,32.0,37.0585111059866,79.17,3.05686421610905,56.4914981039778,62.6801711800443,11.375,66.6,55.2,4.835893154,100.0,97.09230804,21.50664,,98.28665217,94.94650965,9.958555222,44.0,6.096
Uzbekistan,UZB,2019,13.0316667432446,Europe & Central Asia,Emerging,49.7043795022868,60.5797061711455,31.3444247205021,66.845633660602,48.0859406035368,80.416,34.8504082850066,72.3657142857143,38.3146274459783,20.1467688034375,39.799331103679,65.96,72.8567583793103,61.7201426024955,42.8936757544209,68.855,98.6,80.7,71.04,,12.428405054793,23.9243491185102,68.1984706817167,69.8095238095238,76.2,,,53.6303606835881,36.7173460922143,39.9119087997424,22.9988942083685,27.5775969071873,12.7159406996878,34.6153846153847,84.7826086956522,0.0,65.96,100.0,45.7135167586207,46.969696969697,76.4705882352941,38.1479148793208,78.705,9.5706091357094,58.9809335770302,62.6801711800443,11.4725,68.855,70.4,6.295346737,100.0,96.69365692,,,98.25692984,96.20747375,12.44694424,41.0,6.174
Venezuela,VEN,2015,,Latin America & Caribbean,Emerging,43.1679797050469,37.7172447034187,22.4971806706659,76.3532962183908,53.5983041962755,75.76,6.22834985378478,24.6095238095238,9.60352345373668,8.09263019337145,77.0935960591133,51.59,77.4698886551724,100.0,60.464546912011,26.1333333333333,96.0,95.0,46.4,,5.8643239062187,6.7797692966086,6.04095635852706,16.5714285714286,36.6666666666667,,,24.7036634699861,8.96061359785308,4.74981674710756,0.0,16.1852603867429,0.0,96.4285714285714,34.8522167487685,100.0,51.59,97.0,57.9397773103448,100.0,100.0,56.0505048740041,49.298,27.4190900191575,56.7310846488232,96.5182811487235,81.9095477386935,26.1333333333333,58.0,,97.0,94.96392822,,,99.73751831,89.09152222,,23.0,6.81
Venezuela,VEN,2016,,Latin America & Caribbean,Emerging,42.0939983664033,47.7862989844009,15.4187192118227,75.1430345402299,56.7074729651415,84.316,22.8449855562402,24.6095238095238,0.0,0.0,77.0935960591133,48.11,77.3191036206897,100.0,62.9676745397602,31.6666666666667,96.0,95.0,67.79,,8.12798352821028,9.82903203361859,50.5779411068918,16.5714285714286,36.6666666666667,,,0.0,0.0,0.0,0.0,0.0,0.0,96.4285714285714,34.8522167487685,100.0,48.11,97.0,57.6382072413793,100.0,100.0,56.2099333064271,43.478,35.8862027631136,59.7613373900844,96.5182811487235,89.4472361809045,31.6666666666667,60.0,,97.0,92.01609039,,,96.8556366,85.39602661,,44.0,6.084
Venezuela,VEN,2017,,Latin America & Caribbean,Emerging,41.901920222135,52.8377874491701,15.4761539288311,66.5415093403803,56.6546278172845,90.16,29.6297067181632,24.6095238095238,0.0,0.143586792521089,77.0935960591133,50.53,77.1683186206897,71.9262094004514,61.5182847716056,37.2,96.0,95.0,82.4,,9.9912129015068,17.7605676250499,61.137339627933,16.5714285714286,36.6666666666667,,,0.0,0.0,0.0,0.0,0.287173585042177,0.0,96.4285714285714,34.8522167487685,100.0,50.53,97.0,57.3366372413793,57.8059071729957,86.046511627907,50.9428655597403,42.224,33.1185671530117,62.6497099965524,96.5182811487235,86.5,37.2,61.6,,,89.1427536,,,94.08805847,84.10520172,,82.0,5.25
Venezuela,VEN,2018,,Latin America & Caribbean,Emerging,43.4317231650545,53.1455460507924,15.6823442797404,76.4058445402299,55.8758063904289,92.4,28.1591032222191,24.6095238095238,0.0,0.659062669794364,77.0935960591133,52.2,77.0175336206896,100.0,60.9947579880361,35.4,96.0,95.0,88.0,,9.36086609869187,18.9145851950772,56.2018583728882,16.5714285714286,36.6666666666667,,,0.0,0.0,0.0,0.0,1.31812533958873,0.0,96.4285714285714,34.8522167487685,100.0,52.2,97.0,57.0350672413793,100.0,100.0,51.4105940056925,40.97,32.9946921404738,60.1902226452907,96.5182811487235,86.75,35.4,,,,,,,95.46739124,,,102.0,4.806
Venezuela,VEN,2019,,Latin America & Caribbean,Emerging,44.0382137936489,52.0138432363355,17.277214477885,76.5998213678161,54.6384481806858,92.4,25.3298461860769,24.6095238095238,0.918113850144658,8.5056001091339,67.538644470868,53.09,76.7094641034483,100.0,60.4905602258573,31.23,96.0,95.0,88.0,,8.78572393576882,18.4817351312903,48.7220794911715,16.5714285714286,36.6666666666667,,,3.67245540057863,0.0,0.0,0.0,17.0112002182678,0.0,81.0344827586207,21.5814506539834,100.0,53.09,97.0,56.4189282068965,100.0,100.0,48.619226219242,36.365,34.0328455593784,60.7249482019423,96.5182811487235,88.75,31.23,,,,,,,,,,108.0,4.707
Viet Nam,VNM,2015,29.7250797402999,East Asia & Pacific,Transitioner,53.274724277219,32.200670342523,69.0959221278729,68.8486811413529,52.5862119519448,46.688,14.8708187134503,37.8857142857143,73.6143453992467,49.1254599204355,100.0,48.64,72.4191034482759,85.4869399757827,58.2910982732643,29.7666666666667,94.0,69.72,0.0,,3.42666666666667,4.87,36.3157894736842,33.1428571428571,45.0,,,85.6337142832429,75.8101445954353,71.418546203058,61.5949765152505,56.8253426305356,41.4255772103354,100.0,100.0,100.0,48.64,95.0,49.8382068965517,83.739837398374,87.2340425531915,54.0830002854055,49.489,31.2975655544778,79.687617795817,77.4655925407476,48.3544303797468,29.7666666666667,45.0,3.416604519,,97.21360016,19.2242,,106.8207619,88.19828302,31.08920479,75.0,5.36
Viet Nam,VNM,2016,29.0811980839409,East Asia & Pacific,Transitioner,58.3818466336237,40.333148381956,71.8479353457384,72.054577493552,55.6382316379236,51.728,30.1620138120328,37.8857142857143,75.0646356708128,54.5552026935331,100.0,58.6,72.604719862069,84.9590126185871,62.7644562140712,27.1333333333333,94.0,77.32,5.0,,9.12860459989291,10.3026989751781,71.0547378610273,33.1428571428571,45.0,,,87.2362520170759,77.4126823292684,72.7165890123571,62.8930193245496,62.4200201544225,46.6903852326438,100.0,100.0,100.0,58.6,95.0,50.2094397241379,82.6839826839827,87.2340425531915,54.2865116992032,57.246,43.812879295977,82.4413150782877,77.4655925407476,54.3859649122807,27.1333333333333,53.0,3.469074011,,100.9222183,19.62995,,110.2237738,88.63878817,30.22806358,96.0,5.061
Viet Nam,VNM,2017,25.9526307046456,East Asia & Pacific,Advanced,65.8010771732586,61.6190991582102,73.5392852407385,72.0065662314755,57.4546471680158,95.0,40.1048907526683,37.8857142857143,76.7116949412993,57.1365181605469,100.0,62.27,72.7911213793103,80.958577315116,65.6933089600197,24.5,95.0,95.0,95.0,,14.7946029277542,21.2199488265065,84.3001205037444,33.1428571428571,45.0,,,88.8833579660171,79.0597882782096,74.363601604389,64.5400319165815,65.0013861897621,49.2716501313317,100.0,100.0,100.0,62.27,95.0,50.5822427586207,77.0114942528736,84.9056603773585,52.493991502771,65.428,52.9247884032559,82.2917312505675,77.4655925407476,61.1528822055138,24.5,58.14,3.418656826,,,19.64643,,109.9422299,88.95685295,,94.0,5.07399988174438
Viet Nam,VNM,2018,,East Asia & Pacific,Transitioner,64.5734847143855,63.6467919196998,61.0281953911129,65.0368926109038,68.8256094806428,95.9,44.2741226563924,37.8857142857143,66.904178397025,35.6663100807574,100.0,65.61,72.9783113103448,56.5223665223665,68.7070118508036,69.3,99.5,95.0,95.0,,18.3674362656693,30.5132894819542,83.9416422215537,33.1428571428571,45.0,,,80.93172387143,67.6019703991234,66.2063863949266,52.8766329226199,43.6425345471967,27.690085614318,100.0,100.0,100.0,65.61,95.0,50.9566226206897,60.3174603174603,52.7272727272727,52.8994466540149,73.61,60.8313827173616,80.7836373418937,77.4655925407476,69.5,69.3,69.8479,3.145023108,,109.5708771,20.27696,,112.2193693,90.63531095,,95.0,5.103
Viet Nam,VNM,2019,30.2241191864014,East Asia & Pacific,Advanced,69.3875083457186,65.7718953322682,65.6232985425726,74.0007951679957,72.5755558191105,95.92,49.5668811878134,37.8857142857143,60.9632524457357,53.0949939106958,100.0,68.99,73.666293,79.3460925039873,70.2331947738881,81.945,99.6,95.0,95.0,,21.9038340947871,42.152746107704,84.6440633609491,33.1428571428571,45.0,,,78.8895132006824,57.7623538032188,64.1641510882525,43.0369916907889,61.0712317215953,45.1187560997962,100.0,100.0,100.0,68.99,96.0,51.332586,85.9649122807018,72.7272727272727,53.2286596780896,69.45,66.7344324945207,81.1372891560825,77.4655925407476,75.75,81.945,68.6616,3.084998369,96.0,,,,117.4233503,93.15377844,28.5069294,94.0,5.175
Yemen,YEM,2015,,Middle East & North Africa,Discoverer,24.7493735860717,25.4780288600289,27.9344064663303,27.0778034770115,19.4687532051434,49.64,1.67611111111111,24.7579220779221,13.2177408607441,14.1940328808393,84.8484848484848,37.16,44.0734104310345,0.0,23.2942748397626,4.16666666666667,84.0,82.1,0.0,,1.06166666666667,3.96666666666667,0.0,27.9821428571429,19.9215909090909,,,25.0965616288851,15.94694031964,10.4001770440344,1.42728445041687,22.0588464766685,6.32921928501012,100.0,100.0,54.5454545454545,37.16,70.0,18.146820862069,0.0,0.0,24.6788687500585,22.6005,4.49900561593567,37.8485998495169,2.85983985671983,70.5696202531646,4.16666666666667,24.0854,,,,,,,,,136.0,4.077
Yemen,YEM,2016,,Middle East & North Africa,Discoverer,24.0443892439822,26.6491844155844,25.5252560836311,23.9471811804598,20.5185454089375,52.344,1.9,24.7579220779221,10.2572082879112,11.1316894969241,84.8484848484848,28.04,43.8015435413793,0.0,25.0398484278385,2.43333333333333,84.0,88.86,0.0,,1.04666666666667,4.65333333333333,0.0,27.9821428571429,19.9215909090909,,,23.12022479791,9.52325525236145,8.38535310137334,0.0,18.9964422698217,3.26693672402645,100.0,100.0,54.5454545454545,28.04,70.0,17.6030870827586,0.0,0.0,24.8390450767099,14.493,6.40718770456633,41.2216695011964,2.85983985671983,85.25,2.43333333333333,24.5792,,,65.53920746,26.93016,,83.89510345,47.2419014,,147.0,3.724
Yemen,YEM,2017,,Middle East & North Africa,Discoverer,24.3952643532735,31.8390978658768,22.5890384953049,24.336558883908,20.2350575873299,55.772,11.446783625731,24.7579220779221,7.18308443716766,6.86526937685226,84.8484848484848,29.48,43.5296766517241,0.0,25.1188219841623,0.7,88.86,95.0,0.0,,0.866666666666667,4.0,29.4736842105263,27.9821428571429,19.9215909090909,,,18.7544577557411,5.97839199059926,3.99948800233024,0.0,13.7305387537045,0.0,100.0,100.0,54.5454545454545,29.48,70.0,17.0593533034483,0.0,0.0,24.8958691817887,12.1065,6.90506661235558,44.779833643381,2.85983985671983,80.2005012531328,0.7,26.7184,,,,,,,,,146.0,3.59299993515015
Yemen,YEM,2018,,Middle East & North Africa,Discoverer,22.6234844994423,27.9337177489178,19.1082014310218,24.6559365873563,19.9052634371488,55.772,1.68333333333333,24.7579220779221,1.57634899305453,3.76991216025743,84.8484848484848,30.71,43.257809762069,0.0,24.406579296436,1.9,88.86,95.0,0.0,,0.916666666666667,4.13333333333333,0.0,27.9821428571429,19.9215909090909,,,6.30539597221813,0.0,0.0,0.0,7.53982432051487,0.0,100.0,100.0,54.5454545454546,30.71,70.0,16.5156195241379,0.0,0.0,24.9417963506082,9.72,6.73754953783298,45.1337107370188,2.85983985671983,75.0,1.9,,,,,,,,,,152.0,3.355
Yemen,YEM,2019,,Middle East & North Africa,Discoverer,23.3592663872781,29.2368756436546,18.6062987506568,24.9648057494253,21.9238920929566,55.772,4.94122807017544,24.7579220779221,0.0,4.09150445239969,84.8484848484848,31.59,43.3044172482759,0.0,27.1673651161958,0.95,88.86,95.0,0.0,,1.08333333333333,4.26666666666667,9.47368421052631,27.9821428571429,19.9215909090909,,,0.0,0.0,0.0,0.0,8.18300890479937,0.0,100.0,100.0,54.5454545454546,31.59,70.0,16.6088344965517,0.0,0.0,25.3464259561402,21.035,7.76428434839654,47.9346340055809,2.85983985671983,82.8282828282828,0.95,,,,,,,,,,151.0,3.38
South Africa,ZAF,2015,19.0332949537661,Sub-Saharan Africa,Transitioner,58.7833181373103,52.371949916779,63.4890092612992,70.242967122116,51.1229899634437,80.9,28.3727319348045,43.3142857142857,57.6165173618993,54.9071753819919,92.3976608187134,53.67,77.2813793103448,79.7775220560031,53.3537374543046,42.2,99.9,98.3,54.0,,13.6840126731804,15.9982321529794,55.4359509782538,36.1904761904762,54.0,,,76.9635344846702,71.2464011854699,43.9866335383288,38.2695002391285,72.7696633945935,37.0446873693903,88.5964912280701,88.5964912280701,100.0,53.67,94.0,60.5627586206896,70.464135021097,89.0909090909091,61.821739481961,47.1895,17.8096327993881,75.1293293167449,63.781590103809,49.2632911392405,42.2,51.9191,5.482850075,94.0,96.14660645,30.3322,27.78203,111.6782532,110.1689301,18.85560989,113.0,4.642
South Africa,ZAF,2016,18.9292980324153,Sub-Saharan Africa,Transitioner,62.9817410511398,58.7036174750056,65.3240829478608,76.0909103882433,53.9246930462649,87.66,37.441900830371,43.3142857142857,61.1334323537367,55.9779446065587,92.3976608187134,56.46,77.2672766192753,94.5454545454545,55.8558663078311,46.2,99.9,99.2,70.0,,17.2293951085694,22.4829039521517,72.613403430392,36.1904761904762,54.0,,,80.4804510636979,74.7633177644975,47.5035469429758,41.7864136437755,73.8404343386165,38.1154548745009,88.5964912280701,88.5964912280701,100.0,56.46,91.7372436523438,62.7973095862069,100.0,89.0909090909091,62.3573534894694,55.797,22.9959303217651,76.2962088803937,63.781590103809,51.8994974874372,46.2,54.0,5.444240093,91.73724365,94.98459625,,26.84814,107.6190033,109.7740784,18.96497917,116.0,4.459
South Africa,ZAF,2017,21.0902909603212,Sub-Saharan Africa,Advanced,65.3466631451401,63.5533085007804,66.1796605148045,76.1470991182554,56.9347739086403,90.76,46.4661283948082,43.3142857142857,62.1509699410399,57.0993509366146,92.3976608187134,58.68,73.6535178965517,96.1077794582146,58.6184673858003,50.2,99.6,99.5,77.6,,28.540925024336,31.7569912347955,79.1004689252931,36.1904761904762,54.0,,,81.4979864701846,75.7808531709843,48.5210867110954,42.8039534118951,74.9618383061213,39.2368635671079,88.5964912280701,88.5964912280701,100.0,58.68,87.0,60.3070357931034,99.4514283209419,92.7641305954872,62.300004728328,69.5635,28.0748930057054,78.2910337645261,63.781590103809,51.7261306532663,50.2,56.1674,5.598670006,87.0,,,27.61705,104.8548813,111.6274033,21.41712952,101.0,4.8289999961853
South Africa,ZAF,2018,22.3515425184231,Sub-Saharan Africa,Advanced,65.8810797311761,65.3605914590847,64.1571506944505,71.6472175906192,62.7021542446804,96.114,45.6303357905689,43.3142857142857,67.8027429189236,53.6458444939742,77.8885786464566,60.42,75.7245173103448,78.7971354615127,62.0776928058505,65.2,99.97,99.5,90.8,,25.0490360136964,31.5895485387643,80.2524228192459,36.1904761904762,54.0,,,94.8547601056299,73.7276007081663,61.877885129681,40.7507257322174,71.5083184392799,35.7833705486686,84.7826086956522,48.8831272437176,100.0,60.42,91.0,60.4490346206897,86.8718517004031,70.7224192226223,62.7962520869876,83.33,38.1194332090784,76.7099386293775,63.781590103809,54.6325,65.2,62.4,5.644010067,,96.39317322,,,101.9501114,108.5205688,23.38998032,105.0,4.724
South Africa,ZAF,2019,22.2442465104023,Sub-Saharan Africa,Transitioner,63.782124583947,66.3465811266224,54.4453705953921,71.6006191880352,63.98816284294,98.074,46.1353099594131,43.3142857142857,38.5679315077613,58.6012056574906,77.8885786464566,61.48,77.0880679310345,76.2337896330711,62.027703553675,71.83,99.97,99.5,95.7,,26.9475563123619,33.346242365875,78.1121312000024,36.1904761904762,54.0,,,64.4374910996134,45.6752649697028,31.4605980458198,12.6983719159092,76.4636893949621,40.7387219200191,84.7826086956522,48.8831272437176,100.0,61.48,95.0,59.176135862069,78.2725808504429,74.1949984156993,62.9570298072288,79.02,37.0608069800796,77.4120054501219,63.781590103809,58.8341708542714,71.83,69.6969,5.911580086,95.0,96.63613129,,,101.2564926,111.2068024,24.01927948,106.0,4.722
Zambia,ZMB,2015,,Sub-Saharan Africa,Discoverer,25.3024614181356,28.8113307618787,18.5238612382263,40.1910862904577,19.1084958944146,38.788,18.558422142792,29.3638095238095,21.4749761228833,15.4193464699949,18.8306610053752,30.36,54.5407442514901,35.672514619883,19.002286534685,19.5333333333333,78.0,40.05,17.92,,9.68322210789077,10.6717989290954,35.3202453913896,30.0952380952381,28.2666666666667,,,41.4289169348392,29.3703134953118,13.5796387504547,1.52103531092738,30.5043721532031,0.334320786786613,31.6793893129771,24.8125937031485,0.0,30.36,71.1323013305664,37.9491871724138,55.5555555555556,15.7894736842105,13.4862409187527,25.565,6.05767047677986,27.9618346089676,26.7231866689247,16.0,19.5333333333333,8.8,4.624330044,,,42.74181,,103.8521576,,,85.0,5.129
Zambia,ZMB,2016,,Sub-Saharan Africa,Discoverer,28.5447267130509,34.7781565585006,21.3381227068678,40.0981623906756,22.3108605102818,45.024,26.5728199676802,30.6971428571429,22.5977046280954,21.3322716363865,18.8306610053752,32.36,54.5495542514901,33.3849329205366,21.7969089711856,24.3666666666667,80.4,46.36,26.0,,12.0831968835226,18.2485738729789,49.386689146539,30.0952380952381,31.6,,,42.551914137105,30.4933106975777,14.7020985586132,2.64349511908584,36.4175884080696,6.24695486470341,31.6793893129771,24.8125937031485,0.0,32.36,71.1323013305664,37.9668071724138,50.9803921568627,15.7894736842105,13.0300622570466,36.957,8.21938332550143,34.5334126044552,26.7231866689247,16.0,24.3666666666667,10.3,3.747920036,,,43.31661,,99.99862671,,,106.0,4.795
Zambia,ZMB,2017,,Sub-Saharan Africa,Discoverer,31.7479190368268,40.9163905677403,22.7897872393952,42.0469081870164,25.9113119934406,52.492,33.7837383241126,32.0304761904762,24.5066271176788,24.2437694959522,16.4481429697137,33.93,54.5583663204556,37.6523582405935,25.0891399918007,29.2,80.4,56.35,34.68,,15.2462297983845,25.9594601615293,60.1455250124239,30.0952380952381,34.9333333333333,,,44.4604525977818,32.4018491582545,16.6114050771032,4.55280163757583,39.3286702363198,9.1588687555846,24.5318352059925,24.8125937031485,0.0,33.93,71.1323013305664,37.9844313103448,50.9803921568627,24.3243243243243,21.2908773123175,42.4385,9.1080000459954,39.1043859317661,26.7231866689247,16.0,29.2,12.2,3.729640007,,,42.05996,,99.23912811,,,116.0,4.51399993896484
Zambia,ZMB,2018,,Sub-Saharan Africa,Emerging,36.5782205361534,43.6899458568299,25.7767697355125,53.6906829368246,29.6061114323783,58.04,35.1696265468366,32.0304761904762,30.3207476808571,25.8971984167525,16.4479564823429,35.37,54.5671803894211,71.1348684210526,26.1076392904728,43.6,80.4,64.7,40.2,,13.8667916848175,30.0621226956817,61.5799652600107,30.0952380952381,34.9333333333333,,,44.2453353398633,44.2453353398633,16.3961600218509,16.3961600218509,40.9821683806759,10.8122284528291,24.5318352059925,24.8120342410364,0.0,35.37,71.1323013305664,38.0020594482759,84.375,57.8947368421053,21.0538618796354,47.92,11.5969656815412,39.2041822222628,26.7231866689247,16.0,43.6,14.3,4.739749908,71.13230133,,,,97.77073318,,,125.0,4.377
Zambia,ZMB,2019,,Sub-Saharan Africa,Emerging,36.3914759731212,46.5948533853148,24.1015254357875,48.7787422640217,32.0173661177082,65.7400003051758,34.7318950628732,32.0304761904762,23.0613544160957,28.9685028434555,16.4479126598349,36.53,54.5759965618349,55.2302302302302,25.9617076471352,56.24,86.9000015258789,71.8,49.1,,13.468407792751,30.5037514589337,60.2235259369347,30.0952380952381,34.9333333333333,,,45.3954966925622,25.2066096829723,20.9160991492192,0.727212139629219,42.2281765127664,15.7088291741447,24.5318352059925,24.8119027735121,0.0,36.53,71.1323013305664,38.0196917931035,53.7037037037037,56.7567567567568,21.8147722514997,36.9,12.2171559533091,42.6034233619426,26.7231866689247,16.0,56.24,18.7,4.41824007,,,,,96.24916794,,,138.0,4.107
Zimbabwe,ZWE,2015,11.0489020370076,Sub-Saharan Africa,Discoverer,30.6569510615891,32.0570213002884,18.5535786413248,52.3719443764924,28.3573921665674,44.04,18.0073151554829,36.1904761904762,10.5796072719005,14.9710059980781,41.6666666666667,41.9,63.2038211174653,52.012012012012,32.3800735415426,12.2666666666667,88.0,55.1,11.0,,5.95509440527819,4.84265821328189,43.2241928478886,31.4285714285714,43.3333333333333,,,29.7504032513025,1.55161346681355,11.0164123694859,0.0,25.1185843923955,4.82342760376078,66.6666666666667,0.0,58.3333333333333,41.9,89.6055093383789,36.8021328965517,68.8888888888889,35.1351351351351,27.6498373546059,28.3975,4.26459475408704,50.3728937185697,41.9142918804506,47.0,12.2666666666667,22.7428,,,90.97954559,,,101.5210505,,10.60087013,115.0,4.61
Zimbabwe,ZWE,2016,,Sub-Saharan Africa,Emerging,35.0985387451683,35.8541486407752,26.1752956628601,54.2581757055108,29.8029974337473,48.896,22.6441335066998,36.1904761904762,22.6196968594282,21.9852089643888,41.6666666666667,33.5,63.7645727176892,65.5099543988433,33.3204134588508,15.7333333333333,88.7,55.25,22.64,,7.03875528916797,9.17352394840471,51.7201212825269,31.4285714285714,43.3333333333333,,,45.8036768697684,17.6048870852794,27.0702234826652,0.0,32.1324962157363,11.8379217130413,66.6666666666667,0.0,58.3333333333333,33.5,90.5110186767578,37.0181267586207,95.8847736625514,35.1351351351351,28.0225366097553,26.087,5.27328526973505,54.8484535343132,41.9142918804506,47.0,15.7333333333333,23.12,,,91.40516663,,,100.0310764,,7.926105976,131.0,4.193
Zimbabwe,ZWE,2017,,Sub-Saharan Africa,Emerging,36.6805224482109,44.7527417520171,22.8791542303985,53.6975427752543,32.9251699473876,62.948,30.8386162848046,36.1904761904762,23.3352880460993,22.1959308632304,23.3333333333333,35.08,64.3256364558442,61.6869918699187,36.3564624342345,19.2,88.9,78.2,34.72,,9.70157799051777,15.6611690161683,67.1531018477279,31.4285714285714,43.3333333333333,,,46.7580251737834,18.5592353892944,28.0238916213193,0.0,32.3435865374818,12.048275188979,50.0,0.0,20.0,35.08,91.4165280151367,37.2347448965517,91.6666666666667,31.7073170731707,38.3405281578391,29.3635,5.90538909031709,57.440353042566,41.9142918804506,47.0,19.2,24.4,5.818779945,,90.73931122,,,98.54510309,,8.542076111,138.0,3.875
Zimbabwe,ZWE,2018,,Sub-Saharan Africa,Emerging,42.34135262203,46.937590631546,32.673192425283,63.5354008058904,32.9860849814551,65.618,33.630738483627,36.1904761904762,37.4929361976571,32.5233781988838,23.3333333333333,36.53,64.8870132284819,89.1891891891892,36.5826062268188,18.6,90.09,84.0,35.0,,10.3269718873631,17.55335862677,73.0118849367478,31.4285714285714,43.3333333333333,,,56.2913460953559,37.4292450758996,37.5566273194146,18.6945262999583,42.6713508691853,22.3754055285823,50.0,0.0,20.0,36.53,92.3220373535156,37.4519891034483,100.0,78.3783783783784,38.3431483390403,32.64,6.57747782140253,56.2581130932007,41.9142918804506,47.0,18.6,25.0,2.050489902,,90.72624969,,,97.87927109,,8.4251194,144.0,3.692
Zimbabwe,ZWE,2019,,Sub-Saharan Africa,Discoverer,29.2429434867664,47.5158861161963,6.44405376148948,66.0429013107181,36.1626466818529,66.28,34.4144771952527,36.1904761904762,3.1764152380682,1.26705249898883,23.3333333333333,37.68,65.4487039321542,95.0,38.3170583523161,27.545,93.0,84.2,35.0,,11.0882240717529,19.4189370888768,72.7362704251286,31.4285714285714,43.3333333333333,,,12.7056609522728,0.0,0.0,0.0,2.53410499797766,0.0,50.0,0.0,20.0,37.68,93.2275466918945,37.6698611724138,100.0,90.0,41.4442582188246,42.495,5.85193387603526,57.6273077862701,41.9142918804506,47.0,27.545,26.5883,,93.22754669,90.23215485,,,97.47661439,,9.995643616,146.0,3.663
